timestamp,price,rsi,rsiStatus,rsiTrend,slowdownDetected,slowdownSignificant,slowdownTimeframe,slowdownScore,confidence,minConfidenceRequired,priceAction,volumeRatio,volumeInterpretation,adxValue,adxState,adxBlocked,reasons
2026-08-07T08:22:48.185Z,64413.09,53.54,NEUTRAL,FLAT,YES,YES,30s,1.00,0.00,0.50,NEUTRAL,1.00,NORMAL,N/A,N/A,NO,⛔ ADX too high (14.71) - Market trending (RANGING); Max ADX for entry: 6
2026-08-07T08:22:58.162Z,64413.09,50.58,NEUTRAL,FLAT,YES,YES,5m,1.00,0.00,0.50,NEUTRAL,1.00,NORMAL,N/A,N/A,NO,⛔ ADX too high (7.63) - Market trending (RANGING); Max ADX for entry: 6
2026-08-07T08:23:08.158Z,64413.10,50.59,NEUTRAL,FLAT,YES,YES,1m,1.00,0.00,0.50,NEUTRAL,1.00,NORMAL,N/A,N/A,NO,⛔ ADX too high (12.64) - Market trending (RANGING); Max ADX for entry: 6
2026-08-07T08:23:18.158Z,64413.10,29.75,EXTREME_OVERSOLD,FLAT,YES,YES,1m,1.00,0.00,0.50,NEUTRAL,1.00,NORMAL,N/A,N/A,NO,⛔ ADX too high (24.49) - Market trending (TRANSITION); Max ADX for entry: 6
2026-08-07T08:23:28.157Z,64413.10,31.57,OVERSOLD,RISING,YES,YES,30s,1.00,0.00,0.50,NEUTRAL,1.00,NORMAL,N/A,N/A,NO,⛔ ADX too high (25.15) - Market trending (TRENDING); Max ADX for entry: 6
2026-08-07T08:23:38.161Z,64413.09,37.68,OVERSOLD,RISING,YES,YES,5m,1.00,0.00,0.50,NEUTRAL,1.00,NORMAL,N/A,N/A,NO,⛔ ADX too high (19.02) - Market trending (RANGING); Max ADX for entry: 6
2026-08-07T08:23:48.161Z,64413.09,37.96,OVERSOLD,FLAT,YES,YES,5m,1.00,0.00,0.50,NEUTRAL,1.00,NORMAL,N/A,N/A,NO,⛔ ADX too high (6.52) - Market trending (RANGING); Max ADX for entry: 6
2026-08-07T08:23:58.160Z,64407.07,34.03,OVERSOLD,FALLING,YES,YES,15m,1.00,0.00,0.50,NEUTRAL,1.00,NORMAL,N/A,N/A,NO,⛔ ADX too high (99.37) - Market trending (EXTREME_TREND); Max ADX for entry: 6
2026-08-07T08:24:08.163Z,64407.06,34.02,OVERSOLD,FLAT,YES,YES,10s,1.00,0.00,0.50,NEUTRAL,1.00,NORMAL,N/A,N/A,NO,⛔ ADX too high (99.31) - Market trending (EXTREME_TREND); Max ADX for entry: 6
2026-08-07T08:24:18.164Z,64414.88,41.85,NEUTRAL,FLAT,YES,YES,5m,1.00,0.00,0.50,NEUTRAL,1.00,NORMAL,N/A,N/A,NO,⛔ ADX too high (99.52) - Market trending (EXTREME_TREND); Max ADX for entry: 6
2026-08-07T08:24:28.162Z,64421.99,47.50,NEUTRAL,FLAT,YES,YES,10s,1.00,0.00,0.50,NEUTRAL,1.00,NORMAL,N/A,N/A,NO,⛔ ADX too high (99.81) - Market trending (EXTREME_TREND); Max ADX for entry: 6
2026-08-07T08:24:38.167Z,64423.91,48.85,NEUTRAL,FLAT,YES,YES,10s,1.00,0.00,0.50,NEUTRAL,1.00,NORMAL,N/A,N/A,NO,⛔ ADX too high (98.58) - Market trending (EXTREME_TREND); Max ADX for entry: 6
2026-08-07T08:24:48.171Z,64429.67,49.26,NEUTRAL,FALLING,YES,YES,10s,1.00,0.00,0.50,NEUTRAL,1.00,NORMAL,N/A,N/A,NO,⛔ ADX too high (98.70) - Market trending (EXTREME_TREND); Max ADX for entry: 6
2026-08-07T08:24:58.159Z,64427.30,51.14,NEUTRAL,RISING,YES,YES,10s,1.00,0.00,0.50,NEUTRAL,1.00,NORMAL,N/A,N/A,NO,⛔ ADX too high (91.73) - Market trending (EXTREME_TREND); Max ADX for entry: 6
2026-08-07T08:25:08.157Z,64427.29,52.51,NEUTRAL,FLAT,YES,YES,30s,1.00,0.00,0.50,NEUTRAL,1.00,NORMAL,N/A,N/A,NO,⛔ ADX too high (14.85) - Market trending (RANGING); Max ADX for entry: 6
2026-08-07T08:25:18.158Z,64427.29,53.21,NEUTRAL,FLAT,YES,YES,30s,1.00,0.75,0.50,NEUTRAL,1.00,NORMAL,N/A,N/A,NO,RSI neutral (53.2)
2026-08-07T08:25:28.159Z,64427.30,53.22,NEUTRAL,FLAT,YES,YES,30s,1.00,0.00,0.50,NEUTRAL,1.00,NORMAL,N/A,N/A,NO,⛔ ADX too high (9.00) - Market trending (RANGING); Max ADX for entry: 6
2026-08-07T08:25:38.161Z,64427.29,53.21,NEUTRAL,FLAT,YES,YES,1m,1.00,0.00,0.50,NEUTRAL,1.00,NORMAL,N/A,N/A,NO,⛔ ADX too high (15.99) - Market trending (RANGING); Max ADX for entry: 6
2026-08-07T08:25:48.163Z,64427.29,53.20,NEUTRAL,FLAT,YES,YES,30s,1.00,0.00,0.50,NEUTRAL,1.00,NORMAL,N/A,N/A,NO,⛔ ADX too high (70.65) - Market trending (STRONG_TREND); Max ADX for entry: 6
2026-08-07T08:25:58.160Z,64427.29,53.21,NEUTRAL,FLAT,YES,YES,5m,1.00,0.00,0.50,NEUTRAL,1.00,NORMAL,N/A,N/A,NO,⛔ ADX too high (46.65) - Market trending (TRENDING); Max ADX for entry: 6
2026-08-07T08:26:08.163Z,64427.30,60.85,OVERBOUGHT,RISING,YES,YES,5m,1.00,0.00,0.50,NEUTRAL,1.00,NORMAL,N/A,N/A,NO,⛔ ADX too high (23.73) - Market trending (TRANSITION); Max ADX for entry: 6
2026-08-07T08:26:18.160Z,64427.30,70.34,EXTREME_OVERBOUGHT,FLAT,YES,YES,5m,1.00,0.00,0.50,NEUTRAL,1.00,NORMAL,N/A,N/A,NO,⛔ ADX too high (13.29) - Market trending (RANGING); Max ADX for entry: 6
2026-08-07T08:26:28.167Z,64427.29,70.32,EXTREME_OVERBOUGHT,FLAT,YES,YES,10s,1.00,0.00,0.50,NEUTRAL,1.00,NORMAL,N/A,N/A,NO,⛔ ADX too high (70.53) - Market trending (STRONG_TREND); Max ADX for entry: 6
2026-08-07T08:26:38.626Z,64438.43,75.48,EXTREME_OVERBOUGHT,FLAT,YES,YES,10s,1.00,0.00,0.50,NEUTRAL,1.00,NORMAL,N/A,N/A,NO,⛔ ADX too high (99.60) - Market trending (EXTREME_TREND); Max ADX for entry: 6
2026-08-07T08:26:48.163Z,64443.26,77.15,EXTREME_OVERBOUGHT,FLAT,YES,YES,30s,1.00,0.00,0.50,NEUTRAL,1.00,NORMAL,N/A,N/A,NO,⛔ ADX too high (98.83) - Market trending (EXTREME_TREND); Max ADX for entry: 6
2026-08-07T08:26:58.164Z,64447.12,76.01,EXTREME_OVERBOUGHT,FALLING,YES,YES,30s,1.00,0.00,0.50,NEUTRAL,1.00,NORMAL,N/A,N/A,NO,⛔ ADX too high (95.84) - Market trending (EXTREME_TREND); Max ADX for entry: 6
2026-08-07T08:27:08.163Z,64447.12,75.35,EXTREME_OVERBOUGHT,FLAT,YES,YES,30s,1.00,0.00,0.50,NEUTRAL,1.00,NORMAL,N/A,N/A,NO,⛔ ADX too high (76.06) - Market trending (EXTREME_TREND); Max ADX for entry: 6
2026-08-07T08:27:18.164Z,64436.15,64.27,OVERBOUGHT,FALLING,YES,YES,1m,1.00,0.00,0.50,NEUTRAL,1.00,NORMAL,N/A,N/A,NO,⛔ ADX too high (99.52) - Market trending (EXTREME_TREND); Max ADX for entry: 6
2026-08-07T08:27:28.160Z,64436.15,68.33,OVERBOUGHT,RISING,YES,YES,30s,1.00,0.00,0.50,NEUTRAL,1.00,NORMAL,N/A,N/A,NO,⛔ ADX too high (96.69) - Market trending (EXTREME_TREND); Max ADX for entry: 6
2026-08-07T08:27:38.165Z,64436.15,68.33,OVERBOUGHT,FLAT,YES,YES,30s,1.00,0.00,0.50,NEUTRAL,1.00,NORMAL,N/A,N/A,NO,⛔ ADX too high (59.86) - Market trending (STRONG_TREND); Max ADX for entry: 6
2026-08-07T08:27:48.164Z,64436.14,68.31,OVERBOUGHT,FLAT,YES,YES,1m,1.00,0.00,0.50,NEUTRAL,1.00,NORMAL,N/A,N/A,NO,⛔ ADX too high (59.52) - Market trending (STRONG_TREND); Max ADX for entry: 6
2026-08-07T08:27:58.167Z,64436.14,68.32,OVERBOUGHT,FLAT,YES,YES,10s,1.00,0.00,0.50,NEUTRAL,1.00,NORMAL,N/A,N/A,NO,⛔ ADX too high (60.17) - Market trending (STRONG_TREND); Max ADX for entry: 6
2026-08-07T08:28:08.165Z,64439.67,70.01,EXTREME_OVERBOUGHT,RISING,YES,YES,1m,1.00,0.00,0.50,NEUTRAL,1.00,NORMAL,N/A,N/A,NO,⛔ ADX too high (99.71) - Market trending (EXTREME_TREND); Max ADX for entry: 6
2026-08-07T08:28:18.165Z,64445.99,72.61,EXTREME_OVERBOUGHT,RISING,NO,NO,none,0.00,0.00,0.50,NEUTRAL,1.00,NORMAL,N/A,N/A,NO,⛔ ADX too high (98.88) - Market trending (EXTREME_TREND); Max ADX for entry: 6
2026-08-07T08:28:28.166Z,64450.83,74.33,EXTREME_OVERBOUGHT,RISING,NO,NO,none,0.00,0.00,0.50,NEUTRAL,1.00,NORMAL,N/A,N/A,NO,⛔ ADX too high (98.08) - Market trending (EXTREME_TREND); Max ADX for entry: 6
2026-08-07T08:28:38.166Z,64450.83,74.33,EXTREME_OVERBOUGHT,FLAT,YES,YES,30s,1.00,0.00,0.50,NEUTRAL,1.00,NORMAL,N/A,N/A,NO,⛔ ADX too high (98.30) - Market trending (EXTREME_TREND); Max ADX for entry: 6
2026-08-07T08:28:48.165Z,64455.25,75.72,EXTREME_OVERBOUGHT,FLAT,YES,YES,10s,1.00,0.00,0.50,NEUTRAL,1.00,NORMAL,N/A,N/A,NO,⛔ ADX too high (98.43) - Market trending (EXTREME_TREND); Max ADX for entry: 6
2026-08-07T08:28:58.164Z,64450.83,77.23,EXTREME_OVERBOUGHT,FLAT,YES,YES,1m,1.00,0.00,0.50,NEUTRAL,1.00,NORMAL,N/A,N/A,NO,⛔ ADX too high (98.78) - Market trending (EXTREME_TREND); Max ADX for entry: 6
2026-08-07T08:29:08.165Z,64450.83,75.38,EXTREME_OVERBOUGHT,FALLING,YES,YES,1m,1.00,0.00,0.50,NEUTRAL,1.00,NORMAL,N/A,N/A,NO,⛔ ADX too high (99.87) - Market trending (EXTREME_TREND); Max ADX for entry: 6
2026-08-07T08:29:18.165Z,64450.83,74.78,EXTREME_OVERBOUGHT,FLAT,YES,YES,30s,1.00,0.00,0.50,NEUTRAL,1.00,NORMAL,N/A,N/A,NO,⛔ ADX too high (10.53) - Market trending (RANGING); Max ADX for entry: 6
2026-08-07T08:29:28.165Z,64450.83,72.04,EXTREME_OVERBOUGHT,FLAT,YES,YES,5m,1.00,0.00,0.50,NEUTRAL,1.00,NORMAL,N/A,N/A,NO,⛔ ADX too high (9.47) - Market trending (RANGING); Max ADX for entry: 6
2026-08-07T08:29:38.167Z,64450.83,71.18,EXTREME_OVERBOUGHT,FLAT,YES,YES,10s,1.00,0.00,0.50,NEUTRAL,1.00,NORMAL,N/A,N/A,NO,⛔ ADX too high (7.57) - Market trending (RANGING); Max ADX for entry: 6
2026-08-07T08:29:48.165Z,64450.84,68.33,OVERBOUGHT,FLAT,YES,YES,1m,1.00,0.00,0.50,NEUTRAL,1.00,NORMAL,N/A,N/A,NO,⛔ ADX too high (16.28) - Market trending (RANGING); Max ADX for entry: 6
2026-08-07T08:29:58.167Z,64450.83,71.24,EXTREME_OVERBOUGHT,FLAT,YES,YES,30s,1.00,0.00,0.50,NEUTRAL,1.00,NORMAL,N/A,N/A,NO,⛔ ADX too high (47.30) - Market trending (TRENDING); Max ADX for entry: 6
2026-08-07T08:30:08.173Z,64452.47,72.07,EXTREME_OVERBOUGHT,FLAT,YES,YES,10s,1.00,0.00,0.50,NEUTRAL,1.00,NORMAL,N/A,N/A,NO,⛔ ADX too high (97.80) - Market trending (EXTREME_TREND); Max ADX for entry: 6
2026-08-07T08:30:18.167Z,64455.24,73.35,EXTREME_OVERBOUGHT,RISING,NO,NO,none,0.00,0.00,0.50,NEUTRAL,1.00,NORMAL,N/A,N/A,NO,⛔ ADX too high (53.05) - Market trending (STRONG_TREND); Max ADX for entry: 6
2026-08-07T08:30:28.166Z,64455.25,73.38,EXTREME_OVERBOUGHT,FLAT,YES,YES,30s,1.00,0.00,0.50,NEUTRAL,1.00,NORMAL,N/A,N/A,NO,⛔ ADX too high (91.63) - Market trending (EXTREME_TREND); Max ADX for entry: 6
2026-08-07T08:30:38.167Z,64455.25,73.38,EXTREME_OVERBOUGHT,FLAT,YES,YES,30s,1.00,0.00,0.50,NEUTRAL,1.00,NORMAL,N/A,N/A,NO,⛔ ADX too high (6.98) - Market trending (RANGING); Max ADX for entry: 6
2026-08-07T08:30:48.168Z,64455.25,73.39,EXTREME_OVERBOUGHT,FLAT,YES,YES,1m,1.00,0.00,0.50,NEUTRAL,1.00,NORMAL,N/A,N/A,NO,⛔ ADX too high (83.62) - Market trending (EXTREME_TREND); Max ADX for entry: 6
2026-08-07T08:30:58.170Z,64460.00,75.34,EXTREME_OVERBOUGHT,RISING,NO,NO,none,0.00,0.00,0.50,NEUTRAL,1.00,NORMAL,N/A,N/A,NO,⛔ ADX too high (99.45) - Market trending (EXTREME_TREND); Max ADX for entry: 6
2026-08-07T08:31:08.163Z,64459.99,75.33,EXTREME_OVERBOUGHT,FLAT,YES,YES,30s,1.00,0.00,0.50,NEUTRAL,1.00,NORMAL,N/A,N/A,NO,⛔ ADX too high (99.21) - Market trending (EXTREME_TREND); Max ADX for entry: 6
2026-08-07T08:31:18.167Z,64463.02,76.44,EXTREME_OVERBOUGHT,FLAT,NO,NO,none,0.00,0.00,0.50,NEUTRAL,1.00,NORMAL,N/A,N/A,NO,⛔ ADX too high (93.36) - Market trending (EXTREME_TREND); Max ADX for entry: 6
2026-08-07T08:31:28.168Z,64465.05,76.89,EXTREME_OVERBOUGHT,FLAT,YES,YES,10s,1.00,0.00,0.50,NEUTRAL,1.00,NORMAL,N/A,N/A,NO,⛔ ADX too high (100.00) - Market trending (EXTREME_TREND); Max ADX for entry: 6
2026-08-07T08:31:38.168Z,64481.25,78.23,EXTREME_OVERBOUGHT,RISING,NO,NO,none,0.00,0.00,0.50,NEUTRAL,1.00,NORMAL,N/A,N/A,NO,⛔ ADX too high (21.22) - Market trending (TRANSITION); Max ADX for entry: 6
2026-08-07T08:31:48.166Z,64499.99,81.21,EXTREME_OVERBOUGHT,FALLING,YES,YES,10s,1.00,0.00,0.50,NEUTRAL,1.00,NORMAL,N/A,N/A,NO,⛔ ADX too high (99.91) - Market trending (EXTREME_TREND); Max ADX for entry: 6
2026-08-07T08:31:58.172Z,64479.88,65.63,OVERBOUGHT,FALLING,YES,YES,10s,1.00,0.00,0.50,NEUTRAL,1.00,NORMAL,N/A,N/A,NO,⛔ ADX too high (99.93) - Market trending (EXTREME_TREND); Max ADX for entry: 6
2026-08-07T08:32:08.169Z,64474.75,62.57,OVERBOUGHT,FLAT,YES,YES,30s,1.00,0.00,0.50,NEUTRAL,1.00,NORMAL,N/A,N/A,NO,⛔ ADX too high (99.87) - Market trending (EXTREME_TREND); Max ADX for entry: 6
2026-08-07T08:32:18.176Z,64480.28,71.12,EXTREME_OVERBOUGHT,FLAT,YES,YES,30s,1.00,0.00,0.50,NEUTRAL,1.00,NORMAL,N/A,N/A,NO,⛔ ADX too high (99.52) - Market trending (EXTREME_TREND); Max ADX for entry: 6
2026-08-07T08:32:28.170Z,64480.28,71.12,EXTREME_OVERBOUGHT,FLAT,YES,YES,30s,1.00,0.00,0.50,NEUTRAL,1.00,NORMAL,N/A,N/A,NO,⛔ ADX too high (99.45) - Market trending (EXTREME_TREND); Max ADX for entry: 6
2026-08-07T08:32:38.176Z,64480.28,71.12,EXTREME_OVERBOUGHT,FLAT,YES,YES,30s,1.00,0.00,0.50,NEUTRAL,1.00,NORMAL,N/A,N/A,NO,⛔ ADX too high (21.13) - Market trending (TRANSITION); Max ADX for entry: 6
2026-08-07T08:32:48.171Z,64480.28,71.12,EXTREME_OVERBOUGHT,FLAT,YES,YES,1m,1.00,0.00,0.50,NEUTRAL,1.00,NORMAL,N/A,N/A,NO,⛔ ADX too high (67.25) - Market trending (STRONG_TREND); Max ADX for entry: 6
2026-08-07T08:32:58.175Z,64480.27,71.12,EXTREME_OVERBOUGHT,FLAT,YES,YES,1m,1.00,0.00,0.50,NEUTRAL,1.00,NORMAL,N/A,N/A,NO,⛔ ADX too high (70.70) - Market trending (STRONG_TREND); Max ADX for entry: 6
2026-08-07T08:33:08.174Z,64480.27,69.83,OVERBOUGHT,FLAT,YES,YES,1m,1.00,0.00,0.50,NEUTRAL,1.00,NORMAL,N/A,N/A,NO,⛔ ADX too high (21.36) - Market trending (TRANSITION); Max ADX for entry: 6
2026-08-07T08:33:18.172Z,64480.28,67.76,OVERBOUGHT,FALLING,YES,YES,5m,1.00,0.00,0.50,NEUTRAL,1.00,NORMAL,N/A,N/A,NO,⛔ ADX too high (100.00) - Market trending (EXTREME_TREND); Max ADX for entry: 6
2026-08-07T08:33:28.172Z,64480.28,66.40,OVERBOUGHT,FALLING,YES,YES,5m,1.00,0.00,0.50,NEUTRAL,1.00,NORMAL,N/A,N/A,NO,⛔ ADX too high (11.07) - Market trending (RANGING); Max ADX for entry: 6
2026-08-07T08:33:38.174Z,64480.28,66.40,OVERBOUGHT,FLAT,YES,YES,5m,1.00,0.00,0.50,NEUTRAL,1.00,NORMAL,N/A,N/A,NO,⛔ ADX too high (61.36) - Market trending (STRONG_TREND); Max ADX for entry: 6
2026-08-07T08:33:48.173Z,64486.94,67.22,OVERBOUGHT,FLAT,YES,YES,10s,1.00,0.00,0.50,NEUTRAL,1.00,NORMAL,N/A,N/A,NO,⛔ ADX too high (96.91) - Market trending (EXTREME_TREND); Max ADX for entry: 6
2026-08-07T08:33:58.175Z,64500.00,74.42,EXTREME_OVERBOUGHT,RISING,NO,NO,none,0.00,0.00,0.50,NEUTRAL,1.00,NORMAL,N/A,N/A,NO,⛔ ADX too high (98.89) - Market trending (EXTREME_TREND); Max ADX for entry: 6
2026-08-07T08:34:08.173Z,64510.07,76.75,EXTREME_OVERBOUGHT,FLAT,YES,YES,10s,1.00,0.00,0.50,NEUTRAL,1.00,NORMAL,N/A,N/A,NO,⛔ ADX too high (99.90) - Market trending (EXTREME_TREND); Max ADX for entry: 6
2026-08-07T08:34:18.174Z,64513.52,77.45,EXTREME_OVERBOUGHT,FLAT,NO,NO,none,0.00,0.00,0.50,NEUTRAL,1.00,NORMAL,N/A,N/A,NO,⛔ ADX too high (99.97) - Market trending (EXTREME_TREND); Max ADX for entry: 6
2026-08-07T08:34:28.174Z,64521.66,78.96,EXTREME_OVERBOUGHT,FLAT,YES,YES,10s,1.00,0.00,0.50,NEUTRAL,1.00,NORMAL,N/A,N/A,NO,⛔ ADX too high (98.55) - Market trending (EXTREME_TREND); Max ADX for entry: 6
2026-08-07T08:34:38.176Z,64524.66,79.47,EXTREME_OVERBOUGHT,FLAT,NO,NO,none,0.00,0.00,0.50,NEUTRAL,1.00,NORMAL,N/A,N/A,NO,⛔ ADX too high (99.18) - Market trending (EXTREME_TREND); Max ADX for entry: 6
2026-08-07T08:34:48.174Z,64524.66,79.48,EXTREME_OVERBOUGHT,FLAT,YES,YES,30s,1.00,0.00,0.50,NEUTRAL,1.00,NORMAL,N/A,N/A,NO,⛔ ADX too high (89.29) - Market trending (EXTREME_TREND); Max ADX for entry: 6
2026-08-07T08:34:58.173Z,64521.66,77.62,EXTREME_OVERBOUGHT,FALLING,YES,YES,1m,1.00,0.00,0.50,NEUTRAL,1.00,NORMAL,N/A,N/A,NO,⛔ ADX too high (99.13) - Market trending (EXTREME_TREND); Max ADX for entry: 6
2026-08-07T11:49:18.594Z,65035.70,39.92,OVERSOLD,RISING,YES,YES,10s,1.00,0.00,0.50,NEUTRAL,1.00,NORMAL,N/A,N/A,NO,⛔ ADX too high (7.93) - Market trending (RANGING); Max ADX for entry: 6
2026-08-07T11:49:28.592Z,65038.61,43.99,NEUTRAL,RISING,YES,YES,1m,1.00,0.00,0.50,NEUTRAL,1.00,NORMAL,N/A,N/A,NO,⛔ ADX too high (98.40) - Market trending (EXTREME_TREND); Max ADX for entry: 6
2026-08-07T11:49:38.591Z,65043.24,49.22,NEUTRAL,FLAT,YES,YES,10s,1.00,0.00,0.50,NEUTRAL,1.00,NORMAL,N/A,N/A,NO,⛔ ADX too high (97.04) - Market trending (EXTREME_TREND); Max ADX for entry: 6
2026-08-07T11:49:48.592Z,65044.37,50.36,NEUTRAL,RISING,NO,NO,none,0.00,0.00,0.50,NEUTRAL,1.00,NORMAL,N/A,N/A,NO,⛔ ADX too high (96.54) - Market trending (EXTREME_TREND); Max ADX for entry: 6
2026-08-07T11:49:58.593Z,65044.37,76.07,EXTREME_OVERBOUGHT,FLAT,YES,YES,30s,1.00,0.00,0.50,NEUTRAL,1.00,NORMAL,N/A,N/A,NO,⛔ ADX too high (78.78) - Market trending (EXTREME_TREND); Max ADX for entry: 6
2026-08-07T11:50:08.596Z,65043.25,73.59,EXTREME_OVERBOUGHT,FLAT,YES,YES,10s,1.00,0.00,0.50,NEUTRAL,1.00,NORMAL,N/A,N/A,NO,⛔ ADX too high (84.57) - Market trending (EXTREME_TREND); Max ADX for entry: 6
2026-08-07T11:50:18.594Z,65044.31,74.40,EXTREME_OVERBOUGHT,FLAT,YES,YES,30s,1.00,0.00,0.50,NEUTRAL,1.00,NORMAL,N/A,N/A,NO,⛔ ADX too high (67.76) - Market trending (STRONG_TREND); Max ADX for entry: 6
2026-08-07T11:50:28.599Z,65044.30,74.39,EXTREME_OVERBOUGHT,FLAT,YES,YES,1m,1.00,0.00,0.50,NEUTRAL,1.00,NORMAL,N/A,N/A,NO,⛔ ADX too high (94.76) - Market trending (EXTREME_TREND); Max ADX for entry: 6
2026-08-07T11:50:38.595Z,65044.30,71.92,EXTREME_OVERBOUGHT,FALLING,YES,YES,10s,1.00,0.00,0.50,NEUTRAL,1.00,NORMAL,N/A,N/A,NO,⛔ ADX too high (6.86) - Market trending (RANGING); Max ADX for entry: 6
2026-08-07T11:50:48.596Z,65044.30,70.83,EXTREME_OVERBOUGHT,FLAT,YES,YES,5m,1.00,0.00,0.50,NEUTRAL,1.00,NORMAL,N/A,N/A,NO,⛔ ADX too high (6.34) - Market trending (RANGING); Max ADX for entry: 6
2026-08-07T11:50:58.596Z,65044.30,70.83,EXTREME_OVERBOUGHT,FLAT,YES,YES,5m,1.00,0.00,0.50,NEUTRAL,1.00,NORMAL,N/A,N/A,NO,⛔ ADX too high (71.90) - Market trending (STRONG_TREND); Max ADX for entry: 6
2026-08-07T11:51:08.599Z,65044.31,52.76,NEUTRAL,FALLING,YES,YES,10s,1.00,0.00,0.50,NEUTRAL,1.00,NORMAL,N/A,N/A,NO,⛔ ADX too high (61.69) - Market trending (STRONG_TREND); Max ADX for entry: 6
2026-08-07T11:51:18.596Z,65044.30,52.73,NEUTRAL,FLAT,YES,YES,30s,1.00,0.00,0.50,NEUTRAL,1.00,NORMAL,N/A,N/A,NO,⛔ ADX too high (8.81) - Market trending (RANGING); Max ADX for entry: 6
2026-08-07T11:51:28.598Z,65044.30,52.76,NEUTRAL,FLAT,YES,YES,10s,1.00,0.00,0.50,NEUTRAL,1.00,NORMAL,N/A,N/A,NO,⛔ ADX too high (51.64) - Market trending (STRONG_TREND); Max ADX for entry: 6
2026-08-07T11:51:38.597Z,65044.30,52.73,NEUTRAL,FLAT,YES,YES,5m,1.00,0.75,0.50,NEUTRAL,1.00,NORMAL,N/A,N/A,NO,RSI neutral (52.7)
2026-08-07T11:51:48.597Z,65044.31,52.78,NEUTRAL,FLAT,YES,YES,15m,1.00,0.00,0.50,NEUTRAL,1.00,NORMAL,N/A,N/A,NO,⛔ ADX too high (38.91) - Market trending (TRENDING); Max ADX for entry: 6
2026-08-07T11:51:58.601Z,65028.39,28.99,EXTREME_OVERSOLD,FALLING,YES,YES,1h,1.00,0.00,0.50,NEUTRAL,1.00,NORMAL,N/A,N/A,NO,⛔ ADX too high (99.71) - Market trending (EXTREME_TREND); Max ADX for entry: 6
2026-08-07T11:52:08.595Z,65006.13,17.77,EXTREME_OVERSOLD,FALLING,YES,YES,1h,1.00,0.00,0.50,NEUTRAL,1.00,NORMAL,N/A,N/A,NO,⛔ ADX too high (99.94) - Market trending (EXTREME_TREND); Max ADX for entry: 6
2026-08-07T11:52:18.596Z,65004.92,18.82,EXTREME_OVERSOLD,FLAT,YES,YES,10s,1.00,0.00,0.50,NEUTRAL,1.00,NORMAL,N/A,N/A,NO,⛔ ADX too high (85.54) - Market trending (EXTREME_TREND); Max ADX for entry: 6
2026-08-07T11:52:28.597Z,65002.58,18.12,EXTREME_OVERSOLD,FLAT,YES,YES,10s,1.00,0.00,0.50,NEUTRAL,1.00,NORMAL,N/A,N/A,NO,⛔ ADX too high (98.74) - Market trending (EXTREME_TREND); Max ADX for entry: 6
2026-08-07T11:52:38.600Z,65000.01,17.43,EXTREME_OVERSOLD,FLAT,YES,YES,10s,1.00,0.00,0.50,NEUTRAL,1.00,NORMAL,N/A,N/A,NO,⛔ ADX too high (99.16) - Market trending (EXTREME_TREND); Max ADX for entry: 6
2026-08-07T11:52:48.655Z,65000.01,17.43,EXTREME_OVERSOLD,FLAT,YES,YES,30s,1.00,0.00,0.50,NEUTRAL,1.00,NORMAL,N/A,N/A,NO,⛔ ADX too high (98.94) - Market trending (EXTREME_TREND); Max ADX for entry: 6
2026-08-07T11:52:58.599Z,65000.01,17.45,EXTREME_OVERSOLD,FLAT,YES,YES,30s,1.00,0.00,0.50,NEUTRAL,1.00,NORMAL,N/A,N/A,NO,⛔ ADX too high (6.46) - Market trending (RANGING); Max ADX for entry: 6
2026-08-07T11:53:08.600Z,65000.00,17.43,EXTREME_OVERSOLD,FLAT,YES,YES,10s,1.00,0.00,0.50,NEUTRAL,1.00,NORMAL,N/A,N/A,NO,⛔ ADX too high (75.13) - Market trending (EXTREME_TREND); Max ADX for entry: 6
2026-08-07T13:22:18.772Z,65262.17,64.31,OVERBOUGHT,FALLING,YES,YES,30s,1.00,0.00,0.50,NEUTRAL,1.00,NORMAL,N/A,N/A,NO,⛔ ADX too high (95.21) - Market trending (EXTREME_TREND); Max ADX for entry: 6
2026-08-07T13:22:28.775Z,65260.01,61.89,OVERBOUGHT,FALLING,YES,YES,5m,1.00,0.00,0.50,NEUTRAL,1.00,NORMAL,N/A,N/A,NO,⛔ ADX too high (23.53) - Market trending (TRANSITION); Max ADX for entry: 6
2026-08-07T13:22:38.776Z,65250.01,57.14,NEUTRAL,FLAT,YES,YES,10s,1.00,0.00,0.50,NEUTRAL,1.00,NORMAL,N/A,N/A,NO,⛔ ADX too high (99.83) - Market trending (EXTREME_TREND); Max ADX for entry: 6
2026-08-07T13:22:48.776Z,65250.86,55.41,NEUTRAL,FLAT,YES,YES,30s,1.00,0.00,0.50,NEUTRAL,1.00,NORMAL,N/A,N/A,NO,⛔ ADX too high (98.27) - Market trending (EXTREME_TREND); Max ADX for entry: 6
2026-08-07T13:22:58.777Z,65239.53,51.07,NEUTRAL,FLAT,YES,YES,10s,1.00,0.00,0.50,NEUTRAL,1.00,NORMAL,N/A,N/A,NO,⛔ ADX too high (89.20) - Market trending (EXTREME_TREND); Max ADX for entry: 6
2026-08-07T13:23:08.775Z,65227.47,47.59,NEUTRAL,FLAT,YES,YES,1h,1.00,0.00,0.50,NEUTRAL,1.00,NORMAL,N/A,N/A,NO,⛔ ADX too high (99.68) - Market trending (EXTREME_TREND); Max ADX for entry: 6
2026-08-07T13:23:18.776Z,65227.46,50.83,NEUTRAL,RISING,YES,YES,30s,1.00,0.00,0.50,NEUTRAL,1.00,NORMAL,N/A,N/A,NO,⛔ ADX too high (98.71) - Market trending (EXTREME_TREND); Max ADX for entry: 6
2026-08-07T13:23:28.776Z,65227.23,50.58,NEUTRAL,FLAT,YES,YES,30s,1.00,0.00,0.50,NEUTRAL,1.00,NORMAL,N/A,N/A,NO,⛔ ADX too high (77.62) - Market trending (EXTREME_TREND); Max ADX for entry: 6
2026-08-07T13:23:38.776Z,65227.22,49.54,NEUTRAL,FLAT,YES,YES,10s,1.00,0.75,0.50,NEUTRAL,0.99,NORMAL,N/A,N/A,NO,RSI neutral (49.5)
2026-08-07T13:23:48.775Z,65225.32,47.72,NEUTRAL,FLAT,YES,YES,1h,1.00,0.00,0.50,NEUTRAL,1.00,NORMAL,N/A,N/A,NO,⛔ ADX too high (11.10) - Market trending (RANGING); Max ADX for entry: 6
2026-08-07T13:23:58.775Z,65224.29,46.30,NEUTRAL,FLAT,YES,YES,1m,1.00,0.00,0.50,NEUTRAL,1.00,NORMAL,N/A,N/A,NO,⛔ ADX too high (100.00) - Market trending (EXTREME_TREND); Max ADX for entry: 6
2026-08-07T13:24:08.777Z,65216.48,39.26,OVERSOLD,FALLING,YES,YES,1h,1.00,0.00,0.50,NEUTRAL,1.00,NORMAL,N/A,N/A,NO,⛔ ADX too high (99.53) - Market trending (EXTREME_TREND); Max ADX for entry: 6
2026-08-07T13:24:18.775Z,65216.48,38.96,OVERSOLD,FLAT,YES,YES,30s,1.00,0.00,0.50,NEUTRAL,1.00,NORMAL,N/A,N/A,NO,⛔ ADX too high (99.78) - Market trending (EXTREME_TREND); Max ADX for entry: 6
2026-08-07T21:25:59.650Z,64986.33,63.46,OVERBOUGHT,RISING,YES,YES,1m,1.00,0.00,0.50,NEUTRAL,1.00,NORMAL,N/A,N/A,NO,⛔ ADX too high (24.49) - Market trending (TRANSITION); Max ADX for entry: 6
2026-08-07T21:26:09.648Z,64986.33,72.58,EXTREME_OVERBOUGHT,FLAT,YES,YES,10s,1.00,0.00,0.50,NEUTRAL,1.00,NORMAL,N/A,N/A,NO,⛔ ADX too high (10.27) - Market trending (RANGING); Max ADX for entry: 6
2026-08-07T21:26:19.652Z,64986.33,72.56,EXTREME_OVERBOUGHT,FLAT,YES,YES,10s,1.00,0.00,0.50,NEUTRAL,1.00,NORMAL,N/A,N/A,NO,⛔ ADX too high (59.91) - Market trending (STRONG_TREND); Max ADX for entry: 6
2026-08-07T21:26:29.651Z,64986.33,72.56,EXTREME_OVERBOUGHT,FLAT,YES,YES,5m,1.00,0.00,0.50,NEUTRAL,1.00,NORMAL,N/A,N/A,NO,⛔ ADX too high (61.42) - Market trending (STRONG_TREND); Max ADX for entry: 6
2026-08-07T21:26:39.650Z,64986.33,72.55,EXTREME_OVERBOUGHT,FLAT,YES,YES,5m,1.00,0.00,0.50,NEUTRAL,1.00,NORMAL,N/A,N/A,NO,⛔ ADX too high (6.72) - Market trending (RANGING); Max ADX for entry: 6
2026-08-07T21:26:49.650Z,64986.33,72.57,EXTREME_OVERBOUGHT,FLAT,YES,YES,5m,1.00,0.00,0.50,NEUTRAL,1.00,NORMAL,N/A,N/A,NO,⛔ ADX too high (31.96) - Market trending (TRENDING); Max ADX for entry: 6
2026-08-07T21:26:59.652Z,64986.33,72.57,EXTREME_OVERBOUGHT,FLAT,YES,YES,5m,1.00,0.00,0.50,NEUTRAL,1.00,NORMAL,N/A,N/A,NO,⛔ ADX too high (22.54) - Market trending (TRANSITION); Max ADX for entry: 6
2026-08-07T21:27:09.650Z,64986.33,72.56,EXTREME_OVERBOUGHT,FLAT,YES,YES,1m,1.00,0.00,0.50,NEUTRAL,1.00,NORMAL,N/A,N/A,NO,⛔ ADX too high (19.25) - Market trending (RANGING); Max ADX for entry: 6
2026-08-07T21:27:19.651Z,64986.34,72.57,EXTREME_OVERBOUGHT,FLAT,YES,YES,1m,1.00,0.00,0.50,NEUTRAL,1.00,NORMAL,N/A,N/A,NO,⛔ ADX too high (53.19) - Market trending (STRONG_TREND); Max ADX for entry: 6
2026-08-07T21:27:29.651Z,64986.34,72.57,EXTREME_OVERBOUGHT,FLAT,YES,YES,5m,1.00,0.00,0.50,NEUTRAL,1.00,NORMAL,N/A,N/A,NO,⛔ ADX too high (37.64) - Market trending (TRENDING); Max ADX for entry: 6
2026-08-07T21:49:39.685Z,64974.97,29.78,EXTREME_OVERSOLD,FLAT,YES,YES,1h,1.00,0.00,0.50,NEUTRAL,1.00,NORMAL,N/A,N/A,NO,⛔ ADX too high (98.65) - Market trending (EXTREME_TREND); Max ADX for entry: 6
2026-08-07T21:49:49.685Z,64970.74,29.99,EXTREME_OVERSOLD,FLAT,YES,YES,10s,1.00,0.00,0.50,NEUTRAL,1.00,NORMAL,N/A,N/A,NO,⛔ ADX too high (65.38) - Market trending (STRONG_TREND); Max ADX for entry: 6
2026-08-07T21:49:59.686Z,64974.38,28.89,EXTREME_OVERSOLD,FALLING,YES,YES,30s,1.00,0.00,0.50,NEUTRAL,1.00,NORMAL,N/A,N/A,NO,⛔ ADX too high (99.20) - Market trending (EXTREME_TREND); Max ADX for entry: 6
2026-08-07T21:50:09.687Z,64974.38,22.80,EXTREME_OVERSOLD,FLAT,YES,YES,1m,1.00,0.00,0.50,NEUTRAL,1.00,NORMAL,N/A,N/A,NO,⛔ ADX too high (27.73) - Market trending (TRENDING); Max ADX for entry: 6
2026-08-07T21:50:19.688Z,64974.37,16.01,EXTREME_OVERSOLD,FALLING,YES,YES,30s,1.00,0.00,0.50,NEUTRAL,1.00,NORMAL,N/A,N/A,NO,⛔ ADX too high (33.46) - Market trending (TRENDING); Max ADX for entry: 6
2026-08-07T21:50:29.687Z,64974.38,16.02,EXTREME_OVERSOLD,FLAT,YES,YES,1m,1.00,0.00,0.50,NEUTRAL,1.00,NORMAL,N/A,N/A,NO,⛔ ADX too high (61.32) - Market trending (STRONG_TREND); Max ADX for entry: 6
2026-08-07T21:50:39.686Z,64974.68,18.77,EXTREME_OVERSOLD,FLAT,YES,YES,5m,1.00,0.00,0.50,NEUTRAL,1.00,NORMAL,N/A,N/A,NO,⛔ ADX too high (93.29) - Market trending (EXTREME_TREND); Max ADX for entry: 6
2026-08-07T21:50:49.686Z,64974.69,18.78,EXTREME_OVERSOLD,FLAT,YES,YES,30s,1.00,0.00,0.50,NEUTRAL,1.00,NORMAL,N/A,N/A,NO,⛔ ADX too high (85.82) - Market trending (EXTREME_TREND); Max ADX for entry: 6
2026-08-07T21:50:59.685Z,64974.68,17.33,EXTREME_OVERSOLD,FLAT,YES,YES,30s,1.00,0.00,0.50,NEUTRAL,1.00,NORMAL,N/A,N/A,NO,⛔ ADX too high (16.95) - Market trending (RANGING); Max ADX for entry: 6
2026-08-07T21:51:09.687Z,64974.68,16.14,EXTREME_OVERSOLD,FLAT,YES,YES,1m,1.00,0.00,0.50,NEUTRAL,1.00,NORMAL,N/A,N/A,NO,⛔ ADX too high (19.75) - Market trending (RANGING); Max ADX for entry: 6
2026-08-07T21:51:19.688Z,64974.69,16.15,EXTREME_OVERSOLD,FLAT,YES,YES,10s,1.00,0.00,0.50,NEUTRAL,1.00,NORMAL,N/A,N/A,NO,⛔ ADX too high (60.25) - Market trending (STRONG_TREND); Max ADX for entry: 6
2026-08-07T21:51:29.688Z,64969.51,7.49,EXTREME_OVERSOLD,FLAT,YES,YES,10s,1.00,0.00,0.50,NEUTRAL,1.00,NORMAL,N/A,N/A,NO,⛔ ADX too high (99.06) - Market trending (EXTREME_TREND); Max ADX for entry: 6
2026-08-07T21:51:39.690Z,64969.50,7.45,EXTREME_OVERSOLD,FLAT,YES,YES,30s,1.00,0.00,0.50,NEUTRAL,1.00,NORMAL,N/A,N/A,NO,⛔ ADX too high (44.58) - Market trending (TRENDING); Max ADX for entry: 6
2026-08-07T21:51:49.687Z,64968.62,7.35,EXTREME_OVERSOLD,FLAT,YES,YES,1h,1.00,0.00,0.50,NEUTRAL,1.00,NORMAL,N/A,N/A,NO,⛔ ADX too high (95.99) - Market trending (EXTREME_TREND); Max ADX for entry: 6
2026-08-07T21:51:59.692Z,64967.87,7.33,EXTREME_OVERSOLD,FLAT,YES,YES,1h,1.00,0.00,0.50,NEUTRAL,1.00,NORMAL,N/A,N/A,NO,⛔ ADX too high (99.10) - Market trending (EXTREME_TREND); Max ADX for entry: 6
2026-08-07T21:52:09.687Z,64967.87,7.33,EXTREME_OVERSOLD,FLAT,YES,YES,10s,1.00,0.00,0.50,NEUTRAL,1.00,NORMAL,N/A,N/A,NO,⛔ ADX too high (91.13) - Market trending (EXTREME_TREND); Max ADX for entry: 6
2026-08-07T23:34:39.902Z,64888.69,50.00,NEUTRAL,FLAT,YES,YES,1h,1.00,0.75,0.50,NEUTRAL,1.00,NORMAL,N/A,N/A,NO,RSI neutral (50.0)
2026-08-07T23:34:49.900Z,64888.14,31.82,OVERSOLD,FALLING,YES,YES,15m,1.00,0.00,0.50,NEUTRAL,1.00,NORMAL,N/A,N/A,NO,⛔ ADX too high (94.63) - Market trending (EXTREME_TREND); Max ADX for entry: 6
2026-08-07T23:34:59.902Z,64889.06,52.69,NEUTRAL,RISING,NO,NO,none,0.00,0.00,0.50,NEUTRAL,1.00,NORMAL,N/A,N/A,NO,⛔ ADX too high (15.14) - Market trending (RANGING); Max ADX for entry: 6
2026-08-07T23:35:09.900Z,64889.06,52.70,NEUTRAL,FLAT,YES,YES,30s,1.00,0.00,0.50,NEUTRAL,1.00,NORMAL,N/A,N/A,NO,⛔ ADX too high (18.78) - Market trending (RANGING); Max ADX for entry: 6
2026-08-07T23:35:19.903Z,64889.06,52.77,NEUTRAL,FLAT,YES,YES,10s,1.00,0.00,0.50,NEUTRAL,1.00,NORMAL,N/A,N/A,NO,⛔ ADX too high (14.91) - Market trending (RANGING); Max ADX for entry: 6
2026-08-07T23:35:29.899Z,64889.07,52.86,NEUTRAL,FLAT,YES,YES,1m,1.00,0.00,0.50,NEUTRAL,1.00,NORMAL,N/A,N/A,NO,⛔ ADX too high (100.00) - Market trending (EXTREME_TREND); Max ADX for entry: 6
2026-08-07T23:35:39.902Z,64889.06,52.79,NEUTRAL,FLAT,YES,YES,10s,1.00,0.00,0.50,NEUTRAL,1.00,NORMAL,N/A,N/A,NO,⛔ ADX too high (31.96) - Market trending (TRENDING); Max ADX for entry: 6
2026-08-07T23:35:49.900Z,64889.06,52.78,NEUTRAL,FLAT,YES,YES,10s,1.00,0.00,0.50,NEUTRAL,1.00,NORMAL,N/A,N/A,NO,⛔ ADX too high (56.04) - Market trending (STRONG_TREND); Max ADX for entry: 6
2026-08-07T23:35:59.901Z,64889.06,52.78,NEUTRAL,FLAT,YES,YES,5m,1.00,0.00,0.50,NEUTRAL,1.00,NORMAL,N/A,N/A,NO,⛔ ADX too high (15.71) - Market trending (RANGING); Max ADX for entry: 6
2026-08-07T23:36:09.898Z,64889.07,52.79,NEUTRAL,FLAT,YES,YES,10s,1.00,0.00,0.50,NEUTRAL,1.00,NORMAL,N/A,N/A,NO,⛔ ADX too high (69.89) - Market trending (STRONG_TREND); Max ADX for entry: 6
2026-08-07T23:36:19.902Z,64889.06,52.69,NEUTRAL,FLAT,YES,YES,5m,1.00,0.75,0.50,NEUTRAL,1.00,NORMAL,N/A,N/A,NO,RSI neutral (52.7)
2026-08-07T23:36:29.900Z,64889.06,52.76,NEUTRAL,FLAT,YES,YES,10s,1.00,0.00,0.50,NEUTRAL,1.00,NORMAL,N/A,N/A,NO,⛔ ADX too high (63.30) - Market trending (STRONG_TREND); Max ADX for entry: 6
2026-08-07T23:36:39.900Z,64889.06,52.75,NEUTRAL,FLAT,YES,YES,30s,1.00,0.75,0.50,NEUTRAL,1.00,NORMAL,N/A,N/A,NO,RSI neutral (52.8)
2026-08-07T23:36:49.902Z,64889.07,52.82,NEUTRAL,FLAT,YES,YES,15m,1.00,0.00,0.50,NEUTRAL,1.00,NORMAL,N/A,N/A,NO,⛔ ADX too high (15.21) - Market trending (RANGING); Max ADX for entry: 6
2026-08-07T23:36:59.902Z,64889.06,52.67,NEUTRAL,FLAT,YES,YES,10s,1.00,0.00,0.50,NEUTRAL,1.00,NORMAL,N/A,N/A,NO,⛔ ADX too high (81.45) - Market trending (EXTREME_TREND); Max ADX for entry: 6
2026-08-07T23:37:09.902Z,64889.07,52.75,NEUTRAL,FLAT,YES,YES,15m,1.00,0.00,0.50,NEUTRAL,1.00,NORMAL,N/A,N/A,NO,⛔ ADX too high (7.40) - Market trending (RANGING); Max ADX for entry: 6
2026-08-07T23:37:19.900Z,64889.07,52.81,NEUTRAL,FLAT,YES,YES,10s,1.00,0.00,0.50,NEUTRAL,1.00,NORMAL,N/A,N/A,NO,⛔ ADX too high (22.92) - Market trending (TRANSITION); Max ADX for entry: 6
2026-08-07T23:37:29.901Z,64889.07,52.72,NEUTRAL,FLAT,YES,YES,15m,1.00,0.00,0.50,NEUTRAL,1.00,NORMAL,N/A,N/A,NO,⛔ ADX too high (10.98) - Market trending (RANGING); Max ADX for entry: 6
2026-08-07T23:37:39.902Z,64889.06,52.67,NEUTRAL,FLAT,YES,YES,5m,1.00,0.00,0.50,NEUTRAL,1.00,NORMAL,N/A,N/A,NO,⛔ ADX too high (38.64) - Market trending (TRENDING); Max ADX for entry: 6
2026-08-07T23:37:49.901Z,64889.07,52.82,NEUTRAL,FLAT,YES,YES,15m,1.00,0.00,0.50,NEUTRAL,1.00,NORMAL,N/A,N/A,NO,⛔ ADX too high (12.60) - Market trending (RANGING); Max ADX for entry: 6
2026-08-07T23:37:59.900Z,64889.07,52.74,NEUTRAL,FLAT,YES,YES,1m,1.00,0.00,0.50,NEUTRAL,1.00,NORMAL,N/A,N/A,NO,⛔ ADX too high (25.18) - Market trending (TRENDING); Max ADX for entry: 6
2026-08-07T23:38:09.903Z,64889.06,52.65,NEUTRAL,FLAT,YES,YES,5m,1.00,0.00,0.50,NEUTRAL,0.99,NORMAL,N/A,N/A,NO,⛔ ADX too high (53.71) - Market trending (STRONG_TREND); Max ADX for entry: 6
2026-08-07T23:38:19.904Z,64889.07,52.80,NEUTRAL,FLAT,YES,YES,10s,1.00,0.00,0.50,NEUTRAL,0.99,NORMAL,N/A,N/A,NO,⛔ ADX too high (8.84) - Market trending (RANGING); Max ADX for entry: 6
2026-08-07T23:38:29.905Z,64889.07,52.71,NEUTRAL,FLAT,YES,YES,10s,1.00,0.00,0.50,NEUTRAL,1.00,NORMAL,N/A,N/A,NO,⛔ ADX too high (16.18) - Market trending (RANGING); Max ADX for entry: 6
2026-08-07T23:38:39.904Z,64889.06,52.71,NEUTRAL,FLAT,YES,YES,5m,1.00,0.00,0.50,NEUTRAL,1.00,NORMAL,N/A,N/A,NO,⛔ ADX too high (25.15) - Market trending (TRENDING); Max ADX for entry: 6
2026-08-07T23:38:49.903Z,64889.07,52.70,NEUTRAL,FLAT,YES,YES,10s,1.00,0.00,0.50,NEUTRAL,1.00,NORMAL,N/A,N/A,NO,⛔ ADX too high (6.67) - Market trending (RANGING); Max ADX for entry: 6
2026-08-07T23:38:59.899Z,64889.07,52.70,NEUTRAL,FLAT,YES,YES,15m,1.00,0.00,0.50,NEUTRAL,1.00,NORMAL,N/A,N/A,NO,⛔ ADX too high (35.24) - Market trending (TRENDING); Max ADX for entry: 6
2026-08-07T23:39:09.904Z,64889.07,52.70,NEUTRAL,FLAT,YES,YES,30s,1.00,0.00,0.50,NEUTRAL,1.00,NORMAL,N/A,N/A,NO,⛔ ADX too high (19.32) - Market trending (RANGING); Max ADX for entry: 6
2026-08-07T23:39:19.902Z,64889.06,52.63,NEUTRAL,FLAT,YES,YES,5m,1.00,0.00,0.50,NEUTRAL,1.00,NORMAL,N/A,N/A,NO,⛔ ADX too high (70.54) - Market trending (STRONG_TREND); Max ADX for entry: 6
2026-08-07T23:39:29.904Z,64889.07,52.71,NEUTRAL,FLAT,YES,YES,5m,1.00,0.75,0.50,NEUTRAL,1.00,NORMAL,N/A,N/A,NO,RSI neutral (52.7)
2026-08-07T23:39:39.903Z,64900.00,81.88,EXTREME_OVERBOUGHT,FLAT,YES,YES,10s,1.00,0.00,0.50,NEUTRAL,1.00,NORMAL,N/A,N/A,NO,⛔ ADX too high (99.62) - Market trending (EXTREME_TREND); Max ADX for entry: 6
2026-08-07T23:39:49.904Z,64900.00,84.48,EXTREME_OVERBOUGHT,RISING,YES,YES,30s,1.00,0.00,0.50,NEUTRAL,1.00,NORMAL,N/A,N/A,NO,⛔ ADX too high (10.91) - Market trending (RANGING); Max ADX for entry: 6
2026-08-07T23:39:59.903Z,64900.01,95.51,EXTREME_OVERBOUGHT,RISING,YES,YES,30s,1.00,0.00,0.50,NEUTRAL,1.00,NORMAL,N/A,N/A,NO,⛔ ADX too high (68.67) - Market trending (STRONG_TREND); Max ADX for entry: 6
2026-08-07T23:40:09.903Z,64900.01,95.51,EXTREME_OVERBOUGHT,FLAT,YES,YES,1m,1.00,0.00,0.50,NEUTRAL,1.00,NORMAL,N/A,N/A,NO,⛔ ADX too high (8.60) - Market trending (RANGING); Max ADX for entry: 6
2026-08-07T23:40:19.903Z,64900.01,95.51,EXTREME_OVERBOUGHT,FLAT,YES,YES,1m,1.00,0.00,0.50,NEUTRAL,1.00,NORMAL,N/A,N/A,NO,⛔ ADX too high (55.05) - Market trending (STRONG_TREND); Max ADX for entry: 6
2026-08-07T23:40:29.903Z,64900.01,95.43,EXTREME_OVERBOUGHT,FLAT,YES,YES,1m,1.00,0.00,0.50,NEUTRAL,1.00,NORMAL,N/A,N/A,NO,⛔ ADX too high (78.60) - Market trending (EXTREME_TREND); Max ADX for entry: 6
2026-08-07T23:40:39.904Z,64900.01,95.58,EXTREME_OVERBOUGHT,FLAT,YES,YES,30s,1.00,0.00,0.50,NEUTRAL,1.00,NORMAL,N/A,N/A,NO,⛔ ADX too high (100.00) - Market trending (EXTREME_TREND); Max ADX for entry: 6
2026-08-07T23:40:49.907Z,64900.01,95.66,EXTREME_OVERBOUGHT,FLAT,YES,YES,10s,1.00,0.00,0.50,NEUTRAL,1.00,NORMAL,N/A,N/A,NO,⛔ ADX too high (10.53) - Market trending (RANGING); Max ADX for entry: 6
2026-08-07T23:40:59.905Z,64900.01,95.82,EXTREME_OVERBOUGHT,FLAT,YES,YES,5m,1.00,0.00,0.50,NEUTRAL,1.00,NORMAL,N/A,N/A,NO,⛔ ADX too high (84.70) - Market trending (EXTREME_TREND); Max ADX for entry: 6
2026-08-07T23:41:09.907Z,64900.01,95.58,EXTREME_OVERBOUGHT,FLAT,YES,YES,5m,1.00,0.00,0.50,NEUTRAL,1.00,NORMAL,N/A,N/A,NO,⛔ ADX too high (19.12) - Market trending (RANGING); Max ADX for entry: 6
2026-08-07T23:41:19.907Z,64900.00,95.73,EXTREME_OVERBOUGHT,FLAT,YES,YES,10s,1.00,0.00,0.50,NEUTRAL,1.00,NORMAL,N/A,N/A,NO,⛔ ADX too high (68.34) - Market trending (STRONG_TREND); Max ADX for entry: 6
2026-08-08T03:42:50.350Z,65011.99,24.19,EXTREME_OVERSOLD,RISING,YES,YES,1m,1.00,0.00,0.50,NEUTRAL,1.00,NORMAL,N/A,N/A,NO,⛔ ADX too high (7.40) - Market trending (RANGING); Max ADX for entry: 6
2026-08-08T03:43:00.354Z,65015.31,39.04,OVERSOLD,RISING,YES,YES,5m,1.00,0.00,0.50,NEUTRAL,1.00,NORMAL,N/A,N/A,NO,⛔ ADX too high (22.24) - Market trending (TRANSITION); Max ADX for entry: 6
2026-08-08T03:43:10.354Z,65015.60,39.82,OVERSOLD,FLAT,YES,YES,30s,1.00,0.00,0.50,NEUTRAL,1.00,NORMAL,N/A,N/A,NO,⛔ ADX too high (98.42) - Market trending (EXTREME_TREND); Max ADX for entry: 6
2026-08-08T03:43:20.355Z,65015.60,39.86,OVERSOLD,FLAT,YES,YES,10s,1.00,0.00,0.50,NEUTRAL,1.00,NORMAL,N/A,N/A,NO,⛔ ADX too high (60.07) - Market trending (STRONG_TREND); Max ADX for entry: 6
2026-08-08T03:43:30.354Z,65015.61,39.87,OVERSOLD,FLAT,YES,YES,10s,1.00,0.00,0.50,NEUTRAL,1.00,NORMAL,N/A,N/A,NO,⛔ ADX too high (9.67) - Market trending (RANGING); Max ADX for entry: 6
2026-08-08T03:43:40.351Z,65015.60,39.84,OVERSOLD,FLAT,YES,YES,30s,1.00,0.00,0.50,NEUTRAL,1.00,NORMAL,N/A,N/A,NO,⛔ ADX too high (19.75) - Market trending (RANGING); Max ADX for entry: 6
2026-08-08T03:43:50.353Z,65015.60,39.84,OVERSOLD,FLAT,YES,YES,10s,1.00,0.00,0.50,NEUTRAL,1.00,NORMAL,N/A,N/A,NO,⛔ ADX too high (23.51) - Market trending (TRANSITION); Max ADX for entry: 6
2026-08-08T03:44:00.355Z,65015.60,39.84,OVERSOLD,FLAT,YES,YES,5m,1.00,0.00,0.50,NEUTRAL,1.00,NORMAL,N/A,N/A,NO,⛔ ADX too high (57.85) - Market trending (STRONG_TREND); Max ADX for entry: 6
2026-08-08T03:44:10.355Z,65015.61,39.86,OVERSOLD,FLAT,YES,YES,5m,1.00,0.00,0.50,NEUTRAL,1.00,NORMAL,N/A,N/A,NO,⛔ ADX too high (65.65) - Market trending (STRONG_TREND); Max ADX for entry: 6
2026-08-08T03:44:20.355Z,65015.61,39.88,OVERSOLD,FLAT,YES,YES,5m,1.00,0.00,0.50,NEUTRAL,1.00,NORMAL,N/A,N/A,NO,⛔ ADX too high (74.06) - Market trending (STRONG_TREND); Max ADX for entry: 6
2026-08-08T03:44:30.356Z,65015.60,39.88,OVERSOLD,FLAT,YES,YES,30s,1.00,0.00,0.50,NEUTRAL,1.00,NORMAL,N/A,N/A,NO,⛔ ADX too high (6.79) - Market trending (RANGING); Max ADX for entry: 6
2026-08-08T03:44:40.354Z,65015.60,39.86,OVERSOLD,FLAT,YES,YES,5m,1.00,0.00,0.50,NEUTRAL,1.00,NORMAL,N/A,N/A,NO,⛔ ADX too high (53.77) - Market trending (STRONG_TREND); Max ADX for entry: 6
2026-08-08T03:44:50.357Z,65015.60,39.89,OVERSOLD,FLAT,YES,YES,5m,1.00,0.00,0.50,NEUTRAL,1.00,NORMAL,N/A,N/A,NO,⛔ ADX too high (20.40) - Market trending (TRANSITION); Max ADX for entry: 6
2026-08-08T03:45:00.357Z,65015.61,39.92,OVERSOLD,FLAT,YES,YES,10s,1.00,0.00,0.50,NEUTRAL,1.00,NORMAL,N/A,N/A,NO,⛔ ADX too high (56.91) - Market trending (STRONG_TREND); Max ADX for entry: 6
2026-08-08T03:45:10.357Z,65015.60,39.89,OVERSOLD,FLAT,YES,YES,5m,1.00,0.00,0.50,NEUTRAL,1.00,NORMAL,N/A,N/A,NO,⛔ ADX too high (58.60) - Market trending (STRONG_TREND); Max ADX for entry: 6
2026-08-08T03:45:20.355Z,65015.61,39.91,OVERSOLD,FLAT,YES,YES,10s,1.00,0.00,0.50,NEUTRAL,1.00,NORMAL,N/A,N/A,NO,⛔ ADX too high (38.45) - Market trending (TRENDING); Max ADX for entry: 6
2026-08-08T03:45:30.356Z,65015.60,59.01,NEUTRAL,RISING,YES,YES,10s,1.00,0.00,0.50,NEUTRAL,1.00,NORMAL,N/A,N/A,NO,⛔ ADX too high (22.76) - Market trending (TRANSITION); Max ADX for entry: 6
2026-08-08T07:43:20.785Z,64957.01,35.12,OVERSOLD,FLAT,YES,YES,1m,1.00,0.00,0.50,NEUTRAL,1.00,NORMAL,N/A,N/A,NO,⛔ ADX too high (61.49) - Market trending (STRONG_TREND); Max ADX for entry: 6
2026-08-08T07:43:30.787Z,64957.01,37.18,OVERSOLD,RISING,YES,YES,1m,1.00,0.00,0.50,NEUTRAL,1.00,NORMAL,N/A,N/A,NO,⛔ ADX too high (75.01) - Market trending (EXTREME_TREND); Max ADX for entry: 6
2026-08-08T07:43:40.786Z,64957.00,39.51,OVERSOLD,FLAT,YES,YES,10s,1.00,0.00,0.50,NEUTRAL,1.00,NORMAL,N/A,N/A,NO,⛔ ADX too high (6.99) - Market trending (RANGING); Max ADX for entry: 6
2026-08-08T14:27:31.566Z,65113.93,69.52,OVERBOUGHT,FLAT,YES,YES,30s,1.00,0.00,0.50,NEUTRAL,1.00,NORMAL,N/A,N/A,NO,⛔ ADX too high (93.72) - Market trending (EXTREME_TREND); Max ADX for entry: 6
2026-08-08T14:27:41.566Z,65111.40,68.03,OVERBOUGHT,FLAT,YES,YES,10s,1.00,0.00,0.50,NEUTRAL,1.00,NORMAL,N/A,N/A,NO,⛔ ADX too high (96.28) - Market trending (EXTREME_TREND); Max ADX for entry: 6
2026-08-08T14:27:51.568Z,65111.40,66.91,OVERBOUGHT,FLAT,YES,YES,30s,1.00,0.00,0.50,NEUTRAL,1.00,NORMAL,N/A,N/A,NO,⛔ ADX too high (71.58) - Market trending (STRONG_TREND); Max ADX for entry: 6
2026-08-08T14:28:01.568Z,65111.40,66.39,OVERBOUGHT,FLAT,YES,YES,10s,1.00,0.00,0.50,NEUTRAL,1.00,NORMAL,N/A,N/A,NO,⛔ ADX too high (8.07) - Market trending (RANGING); Max ADX for entry: 6
2026-08-08T14:28:11.567Z,65111.39,59.70,NEUTRAL,FALLING,YES,YES,1m,1.00,0.00,0.50,NEUTRAL,1.00,NORMAL,N/A,N/A,NO,⛔ ADX too high (14.36) - Market trending (RANGING); Max ADX for entry: 6
2026-08-08T14:28:21.570Z,65111.39,59.70,NEUTRAL,FLAT,YES,YES,10s,1.00,0.00,0.50,NEUTRAL,1.00,NORMAL,N/A,N/A,NO,⛔ ADX too high (55.06) - Market trending (STRONG_TREND); Max ADX for entry: 6
2026-08-08T14:28:31.568Z,65111.39,59.70,NEUTRAL,FLAT,YES,YES,30s,1.00,0.00,0.50,NEUTRAL,1.00,NORMAL,N/A,N/A,NO,⛔ ADX too high (7.40) - Market trending (RANGING); Max ADX for entry: 6
2026-08-08T14:28:41.569Z,65138.00,66.58,OVERBOUGHT,RISING,NO,NO,none,0.00,0.00,0.50,NEUTRAL,1.01,NORMAL,N/A,N/A,NO,⛔ ADX too high (99.96) - Market trending (EXTREME_TREND); Max ADX for entry: 6
2026-08-08T14:28:51.570Z,65138.01,60.63,OVERBOUGHT,FALLING,YES,YES,10s,1.00,0.00,0.50,NEUTRAL,1.01,NORMAL,N/A,N/A,NO,⛔ ADX too high (99.85) - Market trending (EXTREME_TREND); Max ADX for entry: 6
2026-08-08T14:29:01.568Z,65138.00,55.99,NEUTRAL,FLAT,YES,YES,10s,1.00,0.00,0.50,NEUTRAL,1.01,NORMAL,N/A,N/A,NO,⛔ ADX too high (6.98) - Market trending (RANGING); Max ADX for entry: 6
2026-08-08T14:29:11.567Z,65137.57,56.05,NEUTRAL,FLAT,YES,YES,1m,1.00,0.00,0.50,NEUTRAL,1.00,NORMAL,N/A,N/A,NO,⛔ ADX too high (100.00) - Market trending (EXTREME_TREND); Max ADX for entry: 6
2026-08-08T14:29:21.570Z,65136.70,55.66,NEUTRAL,FLAT,YES,YES,30s,1.00,0.00,0.50,NEUTRAL,1.00,NORMAL,N/A,N/A,NO,⛔ ADX too high (97.07) - Market trending (EXTREME_TREND); Max ADX for entry: 6
2026-08-08T14:29:31.568Z,65136.70,55.66,NEUTRAL,FLAT,YES,YES,30s,1.00,0.00,0.50,NEUTRAL,1.00,NORMAL,N/A,N/A,NO,⛔ ADX too high (99.25) - Market trending (EXTREME_TREND); Max ADX for entry: 6
2026-08-08T14:29:41.570Z,65136.69,55.66,NEUTRAL,FLAT,YES,YES,30s,1.00,0.00,0.50,NEUTRAL,1.00,NORMAL,N/A,N/A,NO,⛔ ADX too high (16.08) - Market trending (RANGING); Max ADX for entry: 6
2026-08-08T14:29:51.572Z,65136.69,55.66,NEUTRAL,FLAT,YES,YES,1m,1.00,0.00,0.50,NEUTRAL,1.00,NORMAL,N/A,N/A,NO,⛔ ADX too high (6.87) - Market trending (RANGING); Max ADX for entry: 6
2026-08-08T15:11:21.646Z,65102.73,32.27,OVERSOLD,FLAT,YES,YES,5m,1.00,0.00,0.50,NEUTRAL,1.00,NORMAL,N/A,N/A,NO,⛔ ADX too high (16.93) - Market trending (RANGING); Max ADX for entry: 6
2026-08-08T15:11:31.648Z,65106.00,43.07,NEUTRAL,FLAT,YES,YES,10s,1.00,0.00,0.50,NEUTRAL,1.00,NORMAL,N/A,N/A,NO,⛔ ADX too high (94.77) - Market trending (EXTREME_TREND); Max ADX for entry: 6
2026-08-08T15:11:41.646Z,65106.00,43.09,NEUTRAL,FLAT,YES,YES,30s,1.00,0.00,0.50,NEUTRAL,1.00,NORMAL,N/A,N/A,NO,⛔ ADX too high (31.98) - Market trending (TRENDING); Max ADX for entry: 6
2026-08-08T15:11:51.649Z,65106.00,49.61,NEUTRAL,FLAT,YES,YES,30s,1.00,0.00,0.50,NEUTRAL,1.00,NORMAL,N/A,N/A,NO,⛔ ADX too high (14.05) - Market trending (RANGING); Max ADX for entry: 6
2026-08-08T15:12:01.648Z,65106.00,49.63,NEUTRAL,FLAT,YES,YES,1m,1.00,0.00,0.50,NEUTRAL,1.00,NORMAL,N/A,N/A,NO,⛔ ADX too high (21.25) - Market trending (TRANSITION); Max ADX for entry: 6
2026-08-08T15:12:11.644Z,65106.00,71.92,EXTREME_OVERBOUGHT,RISING,YES,YES,1m,1.00,0.00,0.50,NEUTRAL,1.00,NORMAL,N/A,N/A,NO,⛔ ADX too high (24.25) - Market trending (TRANSITION); Max ADX for entry: 6
2026-08-08T19:14:12.047Z,65021.00,6.05,EXTREME_OVERSOLD,FLAT,YES,YES,10s,1.00,0.00,0.50,NEUTRAL,1.00,NORMAL,N/A,N/A,NO,⛔ ADX too high (23.76) - Market trending (TRANSITION); Max ADX for entry: 6
2026-08-09T01:04:32.634Z,64995.63,65.29,OVERBOUGHT,FLAT,YES,YES,5m,1.00,0.00,0.50,NEUTRAL,1.00,NORMAL,N/A,N/A,NO,⛔ ADX too high (11.07) - Market trending (RANGING); Max ADX for entry: 6
2026-08-09T01:04:42.635Z,64995.62,79.25,EXTREME_OVERBOUGHT,FLAT,YES,YES,10s,1.00,0.00,0.50,NEUTRAL,1.00,NORMAL,N/A,N/A,NO,⛔ ADX too high (36.28) - Market trending (TRENDING); Max ADX for entry: 6
2026-08-09T01:04:52.634Z,64995.62,78.41,EXTREME_OVERBOUGHT,FLAT,YES,YES,30s,1.00,0.00,0.50,NEUTRAL,1.00,NORMAL,N/A,N/A,NO,⛔ ADX too high (8.74) - Market trending (RANGING); Max ADX for entry: 6
2026-08-09T01:05:02.637Z,64995.62,78.40,EXTREME_OVERBOUGHT,FLAT,YES,YES,30s,1.00,0.00,0.50,NEUTRAL,1.00,NORMAL,N/A,N/A,NO,⛔ ADX too high (18.89) - Market trending (RANGING); Max ADX for entry: 6
2026-08-09T01:05:12.635Z,64995.63,81.67,EXTREME_OVERBOUGHT,FLAT,YES,YES,5m,1.00,0.00,0.50,NEUTRAL,1.00,NORMAL,N/A,N/A,NO,⛔ ADX too high (18.40) - Market trending (RANGING); Max ADX for entry: 6
2026-08-09T01:05:22.635Z,64995.62,81.63,EXTREME_OVERBOUGHT,FLAT,YES,YES,5m,1.00,0.00,0.50,NEUTRAL,1.00,NORMAL,N/A,N/A,NO,⛔ ADX too high (73.87) - Market trending (STRONG_TREND); Max ADX for entry: 6
2026-08-09T01:05:32.636Z,64995.62,81.61,EXTREME_OVERBOUGHT,FLAT,YES,YES,10s,1.00,0.00,0.50,NEUTRAL,1.00,NORMAL,N/A,N/A,NO,⛔ ADX too high (51.60) - Market trending (STRONG_TREND); Max ADX for entry: 6
2026-08-09T01:05:42.632Z,64995.63,81.61,EXTREME_OVERBOUGHT,FLAT,YES,YES,5m,1.00,0.00,0.50,NEUTRAL,1.00,NORMAL,N/A,N/A,NO,⛔ ADX too high (8.89) - Market trending (RANGING); Max ADX for entry: 6
2026-08-09T01:05:52.636Z,64995.63,81.61,EXTREME_OVERBOUGHT,FLAT,YES,YES,1m,1.00,0.00,0.50,NEUTRAL,1.00,NORMAL,N/A,N/A,NO,⛔ ADX too high (57.57) - Market trending (STRONG_TREND); Max ADX for entry: 6
2026-08-09T01:06:02.635Z,64995.62,81.57,EXTREME_OVERBOUGHT,FLAT,YES,YES,5m,1.00,0.00,0.50,NEUTRAL,1.00,NORMAL,N/A,N/A,NO,⛔ ADX too high (73.13) - Market trending (STRONG_TREND); Max ADX for entry: 6
2026-08-09T01:06:12.661Z,64995.62,81.57,EXTREME_OVERBOUGHT,FLAT,YES,YES,5m,1.00,0.00,0.50,NEUTRAL,1.00,NORMAL,N/A,N/A,NO,⛔ ADX too high (19.39) - Market trending (RANGING); Max ADX for entry: 6
2026-08-09T01:06:22.635Z,64995.63,81.58,EXTREME_OVERBOUGHT,FLAT,YES,YES,5m,1.00,0.00,0.50,NEUTRAL,1.00,NORMAL,N/A,N/A,NO,⛔ ADX too high (9.40) - Market trending (RANGING); Max ADX for entry: 6
2026-08-09T01:06:32.635Z,64995.63,81.60,EXTREME_OVERBOUGHT,FLAT,YES,YES,5m,1.00,0.00,0.50,NEUTRAL,1.00,NORMAL,N/A,N/A,NO,⛔ ADX too high (59.41) - Market trending (STRONG_TREND); Max ADX for entry: 6
2026-08-09T01:06:42.635Z,64995.62,81.61,EXTREME_OVERBOUGHT,FLAT,YES,YES,5m,1.00,0.00,0.50,NEUTRAL,1.00,NORMAL,N/A,N/A,NO,⛔ ADX too high (60.41) - Market trending (STRONG_TREND); Max ADX for entry: 6
2026-08-09T01:06:52.634Z,64986.11,65.00,OVERBOUGHT,FLAT,YES,YES,10s,1.00,0.00,0.50,NEUTRAL,1.00,NORMAL,N/A,N/A,NO,⛔ ADX too high (32.16) - Market trending (TRENDING); Max ADX for entry: 6
2026-08-09T01:07:02.634Z,64986.12,59.17,NEUTRAL,FLAT,YES,YES,10s,1.00,0.00,0.50,NEUTRAL,1.00,NORMAL,N/A,N/A,NO,⛔ ADX too high (99.59) - Market trending (EXTREME_TREND); Max ADX for entry: 6
2026-08-09T01:07:12.635Z,64986.11,53.75,NEUTRAL,FLAT,YES,YES,10s,1.00,0.00,0.50,NEUTRAL,1.00,NORMAL,N/A,N/A,NO,⛔ ADX too high (67.37) - Market trending (STRONG_TREND); Max ADX for entry: 6
2026-08-09T01:07:22.635Z,64986.11,52.09,NEUTRAL,FLAT,YES,YES,1m,1.00,0.00,0.50,NEUTRAL,1.00,NORMAL,N/A,N/A,NO,⛔ ADX too high (67.37) - Market trending (STRONG_TREND); Max ADX for entry: 6
2026-08-09T02:15:12.747Z,64854.00,75.72,EXTREME_OVERBOUGHT,FLAT,YES,YES,10s,1.00,0.00,0.50,NEUTRAL,1.00,NORMAL,N/A,N/A,NO,⛔ ADX too high (99.81) - Market trending (EXTREME_TREND); Max ADX for entry: 6
2026-08-09T02:15:22.746Z,64854.00,71.65,EXTREME_OVERBOUGHT,FLAT,YES,YES,30s,1.00,0.00,0.50,NEUTRAL,1.00,NORMAL,N/A,N/A,NO,⛔ ADX too high (99.27) - Market trending (EXTREME_TREND); Max ADX for entry: 6
2026-08-09T02:15:32.747Z,64850.01,61.50,OVERBOUGHT,FALLING,YES,YES,5m,1.00,0.00,0.50,NEUTRAL,1.00,NORMAL,N/A,N/A,NO,⛔ ADX too high (55.51) - Market trending (STRONG_TREND); Max ADX for entry: 6
2026-08-09T02:15:42.747Z,64850.01,60.49,OVERBOUGHT,FLAT,YES,YES,30s,1.00,0.00,0.50,NEUTRAL,1.00,NORMAL,N/A,N/A,NO,⛔ ADX too high (99.29) - Market trending (EXTREME_TREND); Max ADX for entry: 6
2026-08-09T02:15:52.745Z,64850.00,58.94,NEUTRAL,FLAT,YES,YES,30s,1.00,0.00,0.50,NEUTRAL,1.00,NORMAL,N/A,N/A,NO,⛔ ADX too high (93.48) - Market trending (EXTREME_TREND); Max ADX for entry: 6
2026-08-09T02:16:02.749Z,64843.99,48.39,NEUTRAL,FLAT,YES,YES,10s,1.00,0.00,0.50,NEUTRAL,1.00,NORMAL,N/A,N/A,NO,⛔ ADX too high (38.91) - Market trending (TRENDING); Max ADX for entry: 6
2026-08-09T02:16:12.747Z,64843.99,46.93,NEUTRAL,FALLING,YES,YES,30s,1.00,0.00,0.50,NEUTRAL,1.00,NORMAL,N/A,N/A,NO,⛔ ADX too high (99.27) - Market trending (EXTREME_TREND); Max ADX for entry: 6
2026-08-09T02:16:22.749Z,64842.19,37.20,OVERSOLD,FLAT,YES,YES,10s,1.00,0.00,0.50,NEUTRAL,1.00,NORMAL,N/A,N/A,NO,⛔ ADX too high (6.69) - Market trending (RANGING); Max ADX for entry: 6
2026-08-09T02:16:32.748Z,64842.20,34.51,OVERSOLD,FALLING,YES,YES,30s,1.00,0.00,0.50,NEUTRAL,1.00,NORMAL,N/A,N/A,NO,⛔ ADX too high (97.07) - Market trending (EXTREME_TREND); Max ADX for entry: 6
2026-08-09T02:16:42.749Z,64842.19,32.84,OVERSOLD,FLAT,YES,YES,10s,1.00,0.00,0.50,NEUTRAL,1.00,NORMAL,N/A,N/A,NO,⛔ ADX too high (10.15) - Market trending (RANGING); Max ADX for entry: 6
2026-08-09T02:16:52.747Z,64840.69,31.20,OVERSOLD,FALLING,NO,NO,none,0.00,0.00,0.50,NEUTRAL,1.00,NORMAL,N/A,N/A,NO,⛔ ADX too high (57.54) - Market trending (STRONG_TREND); Max ADX for entry: 6
2026-08-09T02:17:02.751Z,64840.70,2.18,EXTREME_OVERSOLD,FLAT,YES,YES,30s,1.00,0.00,0.50,NEUTRAL,1.00,NORMAL,N/A,N/A,NO,⛔ ADX too high (97.49) - Market trending (EXTREME_TREND); Max ADX for entry: 6
2026-08-09T02:17:12.747Z,64840.70,2.34,EXTREME_OVERSOLD,FLAT,YES,YES,30s,1.00,0.00,0.50,NEUTRAL,1.00,NORMAL,N/A,N/A,NO,⛔ ADX too high (81.88) - Market trending (EXTREME_TREND); Max ADX for entry: 6
2026-08-09T02:17:22.749Z,64840.69,2.34,EXTREME_OVERSOLD,FLAT,YES,YES,1m,1.00,0.00,0.50,NEUTRAL,1.00,NORMAL,N/A,N/A,NO,⛔ ADX too high (24.40) - Market trending (TRANSITION); Max ADX for entry: 6
2026-08-09T02:17:32.749Z,64840.70,2.44,EXTREME_OVERSOLD,FLAT,YES,YES,1m,1.00,0.00,0.50,NEUTRAL,1.00,NORMAL,N/A,N/A,NO,⛔ ADX too high (13.20) - Market trending (RANGING); Max ADX for entry: 6
2026-08-09T02:17:42.749Z,64840.70,2.34,EXTREME_OVERSOLD,FLAT,YES,YES,1m,1.00,0.00,0.50,NEUTRAL,1.00,NORMAL,N/A,N/A,NO,⛔ ADX too high (49.76) - Market trending (TRENDING); Max ADX for entry: 6
2026-08-09T02:17:52.748Z,64840.70,2.48,EXTREME_OVERSOLD,FLAT,YES,YES,30s,1.00,0.00,0.50,NEUTRAL,1.00,NORMAL,N/A,N/A,NO,⛔ ADX too high (6.24) - Market trending (RANGING); Max ADX for entry: 6
2026-08-09T02:18:02.860Z,64840.69,2.39,EXTREME_OVERSOLD,FLAT,YES,YES,10s,1.00,0.00,0.50,NEUTRAL,1.00,NORMAL,N/A,N/A,NO,⛔ ADX too high (6.91) - Market trending (RANGING); Max ADX for entry: 6
2026-08-09T02:18:12.752Z,64840.69,2.34,EXTREME_OVERSOLD,FLAT,YES,YES,5m,1.00,0.00,0.50,NEUTRAL,1.00,NORMAL,N/A,N/A,NO,⛔ ADX too high (67.74) - Market trending (STRONG_TREND); Max ADX for entry: 6
2026-08-09T02:18:22.751Z,64840.69,2.44,EXTREME_OVERSOLD,FLAT,YES,YES,10s,1.00,0.00,0.50,NEUTRAL,1.00,NORMAL,N/A,N/A,NO,⛔ ADX too high (10.39) - Market trending (RANGING); Max ADX for entry: 6
2026-08-09T02:18:32.749Z,64840.69,2.44,EXTREME_OVERSOLD,FLAT,YES,YES,5m,1.00,0.00,0.50,NEUTRAL,1.00,NORMAL,N/A,N/A,NO,⛔ ADX too high (15.87) - Market trending (RANGING); Max ADX for entry: 6
2026-08-09T02:18:42.749Z,64840.70,2.65,EXTREME_OVERSOLD,FLAT,YES,YES,5m,1.00,0.00,0.50,NEUTRAL,1.00,NORMAL,N/A,N/A,NO,⛔ ADX too high (72.57) - Market trending (STRONG_TREND); Max ADX for entry: 6
2026-08-09T02:18:52.749Z,64840.69,2.60,EXTREME_OVERSOLD,FLAT,YES,YES,10s,1.00,0.00,0.50,NEUTRAL,1.00,NORMAL,N/A,N/A,NO,⛔ ADX too high (63.76) - Market trending (STRONG_TREND); Max ADX for entry: 6
2026-08-09T02:19:02.749Z,64840.69,2.60,EXTREME_OVERSOLD,FLAT,YES,YES,10s,1.00,0.00,0.50,NEUTRAL,1.00,NORMAL,N/A,N/A,NO,⛔ ADX too high (57.54) - Market trending (STRONG_TREND); Max ADX for entry: 6
2026-08-09T03:25:52.843Z,64779.99,78.35,EXTREME_OVERBOUGHT,FALLING,YES,YES,1m,1.00,0.00,0.50,NEUTRAL,1.00,NORMAL,N/A,N/A,NO,⛔ ADX too high (6.24) - Market trending (RANGING); Max ADX for entry: 6
2026-08-09T03:26:02.846Z,64780.00,78.35,EXTREME_OVERBOUGHT,FLAT,YES,YES,30s,1.00,0.00,0.50,NEUTRAL,1.00,NORMAL,N/A,N/A,NO,⛔ ADX too high (39.46) - Market trending (TRENDING); Max ADX for entry: 6
2026-08-09T03:26:12.848Z,64779.99,72.81,EXTREME_OVERBOUGHT,FLAT,YES,YES,1m,1.00,0.00,0.50,NEUTRAL,1.00,NORMAL,N/A,N/A,NO,⛔ ADX too high (47.50) - Market trending (TRENDING); Max ADX for entry: 6
2026-08-09T03:26:22.846Z,64779.99,72.78,EXTREME_OVERBOUGHT,FLAT,YES,YES,30s,1.00,0.00,0.50,NEUTRAL,1.00,NORMAL,N/A,N/A,NO,⛔ ADX too high (16.20) - Market trending (RANGING); Max ADX for entry: 6
2026-08-09T03:47:52.888Z,64796.92,36.81,OVERSOLD,FLAT,YES,YES,30s,1.00,0.00,0.50,NEUTRAL,1.00,NORMAL,N/A,N/A,NO,⛔ ADX too high (61.10) - Market trending (STRONG_TREND); Max ADX for entry: 6
2026-08-09T03:48:02.887Z,64796.93,36.89,OVERSOLD,FLAT,YES,YES,5m,1.00,0.00,0.50,NEUTRAL,1.00,NORMAL,N/A,N/A,NO,⛔ ADX too high (72.00) - Market trending (STRONG_TREND); Max ADX for entry: 6
2026-08-09T03:48:12.890Z,64796.93,44.08,NEUTRAL,FLAT,YES,YES,10s,1.00,0.00,0.50,NEUTRAL,1.00,NORMAL,N/A,N/A,NO,⛔ ADX too high (70.17) - Market trending (STRONG_TREND); Max ADX for entry: 6
2026-08-09T10:21:53.647Z,64970.67,70.25,EXTREME_OVERBOUGHT,FLAT,YES,YES,10s,1.00,0.00,0.50,NEUTRAL,1.00,NORMAL,N/A,N/A,NO,⛔ ADX too high (97.52) - Market trending (EXTREME_TREND); Max ADX for entry: 6
2026-08-09T10:22:03.648Z,64970.67,70.25,EXTREME_OVERBOUGHT,FLAT,YES,YES,30s,1.00,0.00,0.50,NEUTRAL,1.00,NORMAL,N/A,N/A,NO,⛔ ADX too high (90.09) - Market trending (EXTREME_TREND); Max ADX for entry: 6
2026-08-09T10:22:13.663Z,64970.67,70.26,EXTREME_OVERBOUGHT,FLAT,YES,YES,1m,1.00,0.00,0.50,NEUTRAL,1.00,NORMAL,N/A,N/A,NO,⛔ ADX too high (62.80) - Market trending (STRONG_TREND); Max ADX for entry: 6
2026-08-09T10:22:23.649Z,64970.66,70.24,EXTREME_OVERBOUGHT,FLAT,YES,YES,30s,1.00,0.00,0.50,NEUTRAL,1.00,NORMAL,N/A,N/A,NO,⛔ ADX too high (42.54) - Market trending (TRENDING); Max ADX for entry: 6
2026-08-09T13:12:24.070Z,65017.90,7.98,EXTREME_OVERSOLD,FLAT,YES,YES,5m,1.00,0.00,0.50,NEUTRAL,1.00,NORMAL,N/A,N/A,NO,⛔ ADX too high (71.60) - Market trending (STRONG_TREND); Max ADX for entry: 6
2026-08-09T13:12:34.063Z,65017.89,7.98,EXTREME_OVERSOLD,FLAT,YES,YES,30s,1.00,0.00,0.50,NEUTRAL,1.00,NORMAL,N/A,N/A,NO,⛔ ADX too high (21.23) - Market trending (TRANSITION); Max ADX for entry: 6
2026-08-09T13:12:44.066Z,65017.89,7.85,EXTREME_OVERSOLD,FLAT,YES,YES,5m,1.00,0.00,0.50,NEUTRAL,1.00,NORMAL,N/A,N/A,NO,⛔ ADX too high (51.70) - Market trending (STRONG_TREND); Max ADX for entry: 6
2026-08-09T13:12:54.065Z,65017.89,8.08,EXTREME_OVERSOLD,FLAT,YES,YES,5m,1.00,0.00,0.50,NEUTRAL,1.00,NORMAL,N/A,N/A,NO,⛔ ADX too high (6.92) - Market trending (RANGING); Max ADX for entry: 6
2026-08-09T13:13:04.066Z,65017.90,8.09,EXTREME_OVERSOLD,FLAT,YES,YES,10s,1.00,0.00,0.50,NEUTRAL,1.00,NORMAL,N/A,N/A,NO,⛔ ADX too high (56.85) - Market trending (STRONG_TREND); Max ADX for entry: 6
2026-08-09T13:13:14.066Z,65017.89,8.21,EXTREME_OVERSOLD,FLAT,YES,YES,10s,1.00,0.00,0.50,NEUTRAL,1.00,NORMAL,N/A,N/A,NO,⛔ ADX too high (54.29) - Market trending (STRONG_TREND); Max ADX for entry: 6
2026-08-09T13:13:24.075Z,65017.90,11.32,EXTREME_OVERSOLD,RISING,YES,YES,10s,1.00,0.00,0.50,NEUTRAL,1.00,NORMAL,N/A,N/A,NO,⛔ ADX too high (33.82) - Market trending (TRENDING); Max ADX for entry: 6
2026-08-09T14:08:54.197Z,65232.00,82.43,EXTREME_OVERBOUGHT,FLAT,YES,YES,10s,1.00,0.00,0.50,NEUTRAL,1.00,NORMAL,N/A,N/A,NO,⛔ ADX too high (99.61) - Market trending (EXTREME_TREND); Max ADX for entry: 6
2026-08-09T14:09:04.195Z,65230.77,80.24,EXTREME_OVERBOUGHT,FALLING,YES,YES,5m,1.00,0.00,0.50,NEUTRAL,1.00,NORMAL,N/A,N/A,NO,⛔ ADX too high (99.93) - Market trending (EXTREME_TREND); Max ADX for entry: 6
2026-08-09T14:09:14.214Z,65230.77,80.26,EXTREME_OVERBOUGHT,FLAT,YES,YES,10s,1.00,0.00,0.50,NEUTRAL,1.00,NORMAL,N/A,N/A,NO,⛔ ADX too high (99.23) - Market trending (EXTREME_TREND); Max ADX for entry: 6
2026-08-09T14:09:24.216Z,65230.76,80.25,EXTREME_OVERBOUGHT,FLAT,YES,YES,30s,1.00,0.00,0.50,NEUTRAL,1.00,NORMAL,N/A,N/A,NO,⛔ ADX too high (94.33) - Market trending (EXTREME_TREND); Max ADX for entry: 6
2026-08-09T14:09:34.199Z,65230.76,80.25,EXTREME_OVERBOUGHT,FLAT,YES,YES,30s,1.00,0.00,0.50,NEUTRAL,1.00,NORMAL,N/A,N/A,NO,⛔ ADX too high (8.33) - Market trending (RANGING); Max ADX for entry: 6
2026-08-09T14:09:44.203Z,65230.75,80.22,EXTREME_OVERBOUGHT,FLAT,YES,YES,1m,1.00,0.00,0.50,NEUTRAL,1.00,NORMAL,N/A,N/A,NO,⛔ ADX too high (12.70) - Market trending (RANGING); Max ADX for entry: 6
2026-08-09T14:09:54.196Z,65230.75,80.22,EXTREME_OVERBOUGHT,FLAT,YES,YES,10s,1.00,0.00,0.50,NEUTRAL,1.00,NORMAL,N/A,N/A,NO,⛔ ADX too high (40.59) - Market trending (TRENDING); Max ADX for entry: 6
2026-08-09T15:04:44.379Z,65257.45,48.78,NEUTRAL,FLAT,YES,YES,10s,1.00,0.00,0.50,NEUTRAL,1.00,NORMAL,N/A,N/A,NO,⛔ ADX too high (99.79) - Market trending (EXTREME_TREND); Max ADX for entry: 6
2026-08-09T15:04:54.396Z,65257.45,48.78,NEUTRAL,FLAT,YES,YES,10s,1.00,0.75,0.50,NEUTRAL,1.00,NORMAL,N/A,N/A,NO,RSI neutral (48.8)
2026-08-09T15:05:04.835Z,65258.33,47.21,NEUTRAL,FLAT,YES,YES,30s,1.00,0.00,0.50,NEUTRAL,1.00,NORMAL,N/A,N/A,NO,⛔ ADX too high (96.49) - Market trending (EXTREME_TREND); Max ADX for entry: 6
2026-08-09T15:05:14.402Z,65258.32,51.24,NEUTRAL,FLAT,YES,YES,30s,1.00,0.00,0.50,NEUTRAL,1.00,NORMAL,N/A,N/A,NO,⛔ ADX too high (88.53) - Market trending (EXTREME_TREND); Max ADX for entry: 6
2026-08-09T15:05:24.386Z,65258.32,51.24,NEUTRAL,FLAT,YES,YES,30s,1.00,0.00,0.50,NEUTRAL,1.00,NORMAL,N/A,N/A,NO,⛔ ADX too high (62.01) - Market trending (STRONG_TREND); Max ADX for entry: 6
2026-08-09T15:05:34.402Z,65260.00,52.10,NEUTRAL,FLAT,YES,YES,1m,0.86,0.00,0.50,NEUTRAL,1.00,NORMAL,N/A,N/A,NO,⛔ ADX too high (92.28) - Market trending (EXTREME_TREND); Max ADX for entry: 6
2026-08-09T15:05:44.385Z,65260.00,52.10,NEUTRAL,FLAT,YES,YES,30s,1.00,0.00,0.50,NEUTRAL,1.00,NORMAL,N/A,N/A,NO,⛔ ADX too high (97.88) - Market trending (EXTREME_TREND); Max ADX for entry: 6
2026-08-09T15:05:54.404Z,65260.00,52.10,NEUTRAL,FLAT,YES,YES,30s,1.00,0.00,0.50,NEUTRAL,1.00,NORMAL,N/A,N/A,NO,⛔ ADX too high (64.29) - Market trending (STRONG_TREND); Max ADX for entry: 6
2026-08-09T15:06:04.387Z,65260.00,52.10,NEUTRAL,FLAT,YES,YES,10s,1.00,0.00,0.50,NEUTRAL,1.00,NORMAL,N/A,N/A,NO,⛔ ADX too high (52.72) - Market trending (STRONG_TREND); Max ADX for entry: 6
2026-08-09T15:06:14.403Z,65260.00,52.10,NEUTRAL,FLAT,YES,YES,1m,1.00,0.00,0.50,NEUTRAL,1.00,NORMAL,N/A,N/A,NO,⛔ ADX too high (72.19) - Market trending (STRONG_TREND); Max ADX for entry: 6
2026-08-09T15:06:24.389Z,65260.00,59.62,NEUTRAL,RISING,YES,YES,10s,1.00,0.00,0.50,NEUTRAL,1.00,NORMAL,N/A,N/A,NO,⛔ ADX too high (10.80) - Market trending (RANGING); Max ADX for entry: 6
2026-08-09T15:06:34.409Z,65259.99,59.62,NEUTRAL,FLAT,YES,YES,5m,1.00,0.00,0.50,NEUTRAL,1.00,NORMAL,N/A,N/A,NO,⛔ ADX too high (76.86) - Market trending (EXTREME_TREND); Max ADX for entry: 6
2026-08-09T15:06:44.412Z,65259.99,65.53,OVERBOUGHT,FLAT,YES,YES,1m,1.00,0.00,0.50,NEUTRAL,1.00,NORMAL,N/A,N/A,NO,⛔ ADX too high (19.32) - Market trending (RANGING); Max ADX for entry: 6
2026-08-09T15:06:54.419Z,65252.00,59.27,NEUTRAL,FALLING,YES,YES,5m,1.00,0.00,0.50,NEUTRAL,1.00,NORMAL,N/A,N/A,NO,⛔ ADX too high (99.57) - Market trending (EXTREME_TREND); Max ADX for entry: 6
2026-08-09T15:07:04.403Z,65252.00,59.27,NEUTRAL,FLAT,YES,YES,30s,1.00,0.00,0.50,NEUTRAL,1.00,NORMAL,N/A,N/A,NO,⛔ ADX too high (99.56) - Market trending (EXTREME_TREND); Max ADX for entry: 6
2026-08-09T15:07:14.406Z,65248.80,57.08,NEUTRAL,FLAT,YES,YES,5m,1.00,0.00,0.50,NEUTRAL,1.00,NORMAL,N/A,N/A,NO,⛔ ADX too high (98.81) - Market trending (EXTREME_TREND); Max ADX for entry: 6
2026-08-09T15:07:24.409Z,65248.80,59.27,NEUTRAL,FLAT,YES,YES,30s,1.00,0.00,0.50,NEUTRAL,1.00,NORMAL,N/A,N/A,NO,⛔ ADX too high (99.83) - Market trending (EXTREME_TREND); Max ADX for entry: 6
2026-08-09T17:58:24.866Z,65198.69,8.58,EXTREME_OVERSOLD,FLAT,YES,YES,30s,1.00,0.00,0.50,NEUTRAL,1.00,NORMAL,N/A,N/A,NO,⛔ ADX too high (6.99) - Market trending (RANGING); Max ADX for entry: 6
2026-08-09T17:58:34.866Z,65198.69,8.58,EXTREME_OVERSOLD,FLAT,YES,YES,5m,1.00,0.00,0.50,NEUTRAL,1.00,NORMAL,N/A,N/A,NO,⛔ ADX too high (77.14) - Market trending (EXTREME_TREND); Max ADX for entry: 6
2026-08-09T17:58:44.867Z,65198.69,8.44,EXTREME_OVERSOLD,FLAT,YES,YES,5m,1.00,0.00,0.50,NEUTRAL,1.00,NORMAL,N/A,N/A,NO,⛔ ADX too high (62.77) - Market trending (STRONG_TREND); Max ADX for entry: 6
2026-08-09T17:58:54.872Z,65198.69,16.51,EXTREME_OVERSOLD,FLAT,YES,YES,10s,1.00,0.00,0.50,NEUTRAL,1.00,NORMAL,N/A,N/A,NO,⛔ ADX too high (18.20) - Market trending (RANGING); Max ADX for entry: 6
2026-08-09T17:59:04.867Z,65198.68,16.46,EXTREME_OVERSOLD,FLAT,YES,YES,10s,1.00,0.00,0.50,NEUTRAL,1.00,NORMAL,N/A,N/A,NO,⛔ ADX too high (15.35) - Market trending (RANGING); Max ADX for entry: 6
2026-08-09T17:59:14.868Z,65198.68,16.46,EXTREME_OVERSOLD,FLAT,YES,YES,5m,1.00,0.00,0.50,NEUTRAL,1.00,NORMAL,N/A,N/A,NO,⛔ ADX too high (53.28) - Market trending (STRONG_TREND); Max ADX for entry: 6
2026-08-09T17:59:24.867Z,65198.69,16.46,EXTREME_OVERSOLD,FLAT,YES,YES,5m,1.00,0.00,0.50,NEUTRAL,1.00,NORMAL,N/A,N/A,NO,⛔ ADX too high (15.51) - Market trending (RANGING); Max ADX for entry: 6
2026-08-09T17:59:34.868Z,65198.68,16.46,EXTREME_OVERSOLD,FLAT,YES,YES,5m,1.00,0.00,0.50,NEUTRAL,1.00,NORMAL,N/A,N/A,NO,⛔ ADX too high (13.26) - Market trending (RANGING); Max ADX for entry: 6
2026-08-09T17:59:44.869Z,65198.68,16.67,EXTREME_OVERSOLD,FLAT,YES,YES,5m,1.00,0.00,0.50,NEUTRAL,1.00,NORMAL,N/A,N/A,NO,⛔ ADX too high (22.64) - Market trending (TRANSITION); Max ADX for entry: 6
2026-08-09T17:59:54.869Z,65198.69,16.51,EXTREME_OVERSOLD,FLAT,YES,YES,10s,1.00,0.00,0.50,NEUTRAL,1.00,NORMAL,N/A,N/A,NO,⛔ ADX too high (58.40) - Market trending (STRONG_TREND); Max ADX for entry: 6
2026-08-09T18:00:04.866Z,65198.68,16.21,EXTREME_OVERSOLD,FLAT,YES,YES,10s,1.00,0.00,0.50,NEUTRAL,1.00,NORMAL,N/A,N/A,NO,⛔ ADX too high (30.50) - Market trending (TRENDING); Max ADX for entry: 6
2026-08-09T18:00:14.867Z,65198.68,16.26,EXTREME_OVERSOLD,FLAT,YES,YES,5m,1.00,0.00,0.50,NEUTRAL,1.00,NORMAL,N/A,N/A,NO,⛔ ADX too high (19.90) - Market trending (RANGING); Max ADX for entry: 6
2026-08-09T22:13:45.380Z,65269.96,44.65,NEUTRAL,FLAT,YES,YES,30s,1.00,0.00,0.50,NEUTRAL,1.00,NORMAL,N/A,N/A,NO,⛔ ADX too high (68.12) - Market trending (STRONG_TREND); Max ADX for entry: 6
2026-08-09T22:13:55.381Z,65269.95,44.63,NEUTRAL,FLAT,YES,YES,10s,1.00,0.00,0.50,NEUTRAL,1.00,NORMAL,N/A,N/A,NO,⛔ ADX too high (20.70) - Market trending (TRANSITION); Max ADX for entry: 6
2026-08-09T22:14:05.381Z,65265.10,39.53,OVERSOLD,FLAT,YES,YES,10s,1.00,0.00,0.50,NEUTRAL,1.00,NORMAL,N/A,N/A,NO,⛔ ADX too high (95.18) - Market trending (EXTREME_TREND); Max ADX for entry: 6
2026-08-09T22:14:15.382Z,65269.94,45.73,NEUTRAL,FLAT,YES,YES,10s,1.00,0.00,0.50,NEUTRAL,1.00,NORMAL,N/A,N/A,NO,⛔ ADX too high (99.53) - Market trending (EXTREME_TREND); Max ADX for entry: 6
2026-08-09T22:14:25.383Z,65451.69,88.59,EXTREME_OVERBOUGHT,RISING,NO,NO,none,0.00,0.00,0.50,NEUTRAL,1.04,NORMAL,N/A,N/A,NO,⛔ ADX too high (99.93) - Market trending (EXTREME_TREND); Max ADX for entry: 6
2026-08-09T22:14:35.387Z,65441.20,75.81,EXTREME_OVERBOUGHT,RISING,YES,YES,30s,1.00,0.00,0.50,NEUTRAL,1.03,NORMAL,N/A,N/A,NO,⛔ ADX too high (44.14) - Market trending (TRENDING); Max ADX for entry: 6
2026-08-09T22:14:45.383Z,65420.01,70.16,EXTREME_OVERBOUGHT,FLAT,YES,YES,10s,1.00,0.00,0.50,NEUTRAL,1.02,NORMAL,N/A,N/A,NO,⛔ ADX too high (81.21) - Market trending (EXTREME_TREND); Max ADX for entry: 6
2026-08-09T22:14:55.383Z,65403.99,66.81,OVERBOUGHT,FLAT,YES,YES,10s,1.00,0.00,0.50,NEUTRAL,1.02,NORMAL,N/A,N/A,NO,⛔ ADX too high (82.53) - Market trending (EXTREME_TREND); Max ADX for entry: 6
2026-08-09T22:15:05.385Z,65435.47,68.69,OVERBOUGHT,RISING,YES,YES,30s,1.00,0.00,0.50,NEUTRAL,1.01,NORMAL,N/A,N/A,NO,⛔ ADX too high (13.26) - Market trending (RANGING); Max ADX for entry: 6
2026-08-09T22:15:15.382Z,65363.00,57.93,NEUTRAL,FALLING,YES,YES,10s,1.00,0.00,0.50,NEUTRAL,1.00,NORMAL,N/A,N/A,NO,⛔ ADX too high (25.24) - Market trending (TRENDING); Max ADX for entry: 6
2026-08-09T22:15:25.382Z,65372.00,58.62,NEUTRAL,FLAT,YES,YES,30s,1.00,0.00,0.50,NEUTRAL,1.00,NORMAL,N/A,N/A,NO,⛔ ADX too high (71.01) - Market trending (STRONG_TREND); Max ADX for entry: 6
2026-08-09T22:15:35.385Z,65360.06,57.37,NEUTRAL,FLAT,YES,YES,10s,1.00,0.00,0.50,PEAKING,1.00,NORMAL,N/A,N/A,NO,⛔ ADX too high (32.59) - Market trending (TRENDING); Max ADX for entry: 6
2026-08-09T22:15:45.386Z,65346.00,55.96,NEUTRAL,FLAT,YES,YES,10s,1.00,0.00,0.50,PEAKING,1.00,NORMAL,N/A,N/A,NO,⛔ ADX too high (11.88) - Market trending (RANGING); Max ADX for entry: 6
2026-08-09T22:15:55.386Z,65346.00,56.72,NEUTRAL,FLAT,YES,YES,30s,1.00,0.00,0.50,NEUTRAL,1.00,NORMAL,N/A,N/A,NO,⛔ ADX too high (39.92) - Market trending (TRENDING); Max ADX for entry: 6
2026-08-09T22:16:05.387Z,65351.99,56.53,NEUTRAL,FLAT,YES,YES,30s,1.00,0.00,0.50,NEUTRAL,1.00,NORMAL,N/A,N/A,NO,⛔ ADX too high (72.93) - Market trending (STRONG_TREND); Max ADX for entry: 6
2026-08-09T22:40:25.447Z,64996.75,35.75,OVERSOLD,FALLING,YES,YES,10s,1.00,0.00,0.50,NEUTRAL,1.00,NORMAL,N/A,N/A,NO,⛔ ADX too high (98.78) - Market trending (EXTREME_TREND); Max ADX for entry: 6
2026-08-09T22:40:35.450Z,64996.76,36.37,OVERSOLD,FLAT,YES,YES,30s,1.00,0.00,0.50,NEUTRAL,1.00,NORMAL,N/A,N/A,NO,⛔ ADX too high (91.30) - Market trending (EXTREME_TREND); Max ADX for entry: 6
2026-08-09T22:40:45.452Z,64998.18,37.53,OVERSOLD,FLAT,YES,YES,30s,1.00,0.00,0.50,NEUTRAL,1.00,NORMAL,N/A,N/A,NO,⛔ ADX too high (97.45) - Market trending (EXTREME_TREND); Max ADX for entry: 6
2026-08-09T22:40:55.449Z,65000.09,37.98,OVERSOLD,FLAT,YES,YES,5m,1.00,0.00,0.50,NEUTRAL,1.00,NORMAL,N/A,N/A,NO,⛔ ADX too high (98.35) - Market trending (EXTREME_TREND); Max ADX for entry: 6
2026-08-09T22:41:05.452Z,64994.01,38.92,OVERSOLD,RISING,YES,YES,1m,1.00,0.00,0.50,NEUTRAL,1.00,NORMAL,N/A,N/A,NO,⛔ ADX too high (8.47) - Market trending (RANGING); Max ADX for entry: 6
2026-08-09T22:41:15.453Z,64992.00,36.72,OVERSOLD,FLAT,YES,YES,1m,1.00,0.00,0.50,NEUTRAL,1.00,NORMAL,N/A,N/A,NO,⛔ ADX too high (99.46) - Market trending (EXTREME_TREND); Max ADX for entry: 6
2026-08-09T22:41:25.454Z,64992.01,38.21,OVERSOLD,FLAT,YES,YES,30s,1.00,0.00,0.50,NEUTRAL,1.00,NORMAL,N/A,N/A,NO,⛔ ADX too high (99.32) - Market trending (EXTREME_TREND); Max ADX for entry: 6
2026-08-09T22:41:35.450Z,64992.00,38.19,OVERSOLD,FLAT,YES,YES,30s,1.00,0.00,0.50,NEUTRAL,1.00,NORMAL,N/A,N/A,NO,⛔ ADX too high (57.38) - Market trending (STRONG_TREND); Max ADX for entry: 6
2026-08-09T22:41:45.454Z,64993.79,38.64,OVERSOLD,FLAT,YES,YES,1m,1.00,0.00,0.50,NEUTRAL,1.00,NORMAL,N/A,N/A,NO,⛔ ADX too high (93.11) - Market trending (EXTREME_TREND); Max ADX for entry: 6
2026-08-09T22:41:55.449Z,64997.67,39.60,OVERSOLD,FLAT,YES,YES,1m,1.00,0.00,0.50,NEUTRAL,1.00,NORMAL,N/A,N/A,NO,⛔ ADX too high (99.63) - Market trending (EXTREME_TREND); Max ADX for entry: 6
2026-08-09T22:42:05.449Z,65001.17,43.03,NEUTRAL,RISING,YES,YES,5m,1.00,0.00,0.50,NEUTRAL,1.00,NORMAL,N/A,N/A,NO,⛔ ADX too high (99.59) - Market trending (EXTREME_TREND); Max ADX for entry: 6
2026-08-09T22:42:15.458Z,65011.57,48.74,NEUTRAL,RISING,YES,YES,5m,1.00,0.00,0.50,NEUTRAL,1.00,NORMAL,N/A,N/A,NO,⛔ ADX too high (99.83) - Market trending (EXTREME_TREND); Max ADX for entry: 6
2026-08-09T22:42:25.454Z,65024.70,50.17,NEUTRAL,FLAT,YES,YES,10s,1.00,0.00,0.50,NEUTRAL,1.00,NORMAL,N/A,N/A,NO,⛔ ADX too high (99.00) - Market trending (EXTREME_TREND); Max ADX for entry: 6
2026-08-09T22:42:35.454Z,65032.68,51.54,NEUTRAL,FLAT,YES,YES,10s,1.00,0.00,0.50,NEUTRAL,1.00,NORMAL,N/A,N/A,NO,⛔ ADX too high (99.65) - Market trending (EXTREME_TREND); Max ADX for entry: 6
2026-08-09T22:42:45.453Z,65005.66,39.37,OVERSOLD,FALLING,YES,YES,1m,1.00,0.00,0.50,NEUTRAL,1.00,NORMAL,N/A,N/A,NO,⛔ ADX too high (36.23) - Market trending (TRENDING); Max ADX for entry: 6
2026-08-09T22:42:55.456Z,65005.66,44.49,NEUTRAL,FLAT,YES,YES,30s,1.00,0.00,0.50,NEUTRAL,1.00,NORMAL,N/A,N/A,NO,⛔ ADX too high (97.78) - Market trending (EXTREME_TREND); Max ADX for entry: 6
2026-08-09T22:43:05.458Z,65006.00,44.22,NEUTRAL,RISING,YES,YES,30s,1.00,0.00,0.50,NEUTRAL,1.00,NORMAL,N/A,N/A,NO,⛔ ADX too high (96.68) - Market trending (EXTREME_TREND); Max ADX for entry: 6
2026-08-09T22:43:15.457Z,65013.85,50.51,NEUTRAL,FLAT,YES,YES,1m,1.00,0.00,0.50,NEUTRAL,1.00,NORMAL,N/A,N/A,NO,⛔ ADX too high (99.81) - Market trending (EXTREME_TREND); Max ADX for entry: 6
2026-08-09T22:43:25.457Z,65022.00,53.52,NEUTRAL,RISING,YES,YES,1m,1.00,0.00,0.50,NEUTRAL,1.00,NORMAL,N/A,N/A,NO,⛔ ADX too high (99.87) - Market trending (EXTREME_TREND); Max ADX for entry: 6
2026-08-09T22:43:35.456Z,65033.99,53.65,NEUTRAL,FLAT,YES,YES,15m,1.00,0.00,0.50,NEUTRAL,1.00,NORMAL,N/A,N/A,NO,⛔ ADX too high (99.82) - Market trending (EXTREME_TREND); Max ADX for entry: 6
2026-08-09T22:43:45.458Z,65034.00,52.72,NEUTRAL,FLAT,YES,YES,10s,1.00,0.00,0.50,NEUTRAL,1.00,NORMAL,N/A,N/A,NO,⛔ ADX too high (99.97) - Market trending (EXTREME_TREND); Max ADX for entry: 6
2026-08-09T22:43:55.464Z,65029.69,52.30,NEUTRAL,FLAT,YES,YES,10s,1.00,0.00,0.50,NEUTRAL,1.00,NORMAL,N/A,N/A,NO,⛔ ADX too high (99.28) - Market trending (EXTREME_TREND); Max ADX for entry: 6
2026-08-09T22:44:05.455Z,65029.70,51.56,NEUTRAL,FLAT,YES,YES,30s,1.00,0.00,0.50,NEUTRAL,1.00,NORMAL,N/A,N/A,NO,⛔ ADX too high (14.06) - Market trending (RANGING); Max ADX for entry: 6
2026-08-09T22:44:15.457Z,65029.70,51.38,NEUTRAL,FLAT,YES,YES,30s,1.00,0.75,0.50,NEUTRAL,1.00,NORMAL,N/A,N/A,NO,RSI neutral (51.4)
2026-08-09T22:44:25.455Z,65029.70,51.38,NEUTRAL,FLAT,YES,YES,1m,1.00,0.00,0.50,NEUTRAL,1.00,NORMAL,N/A,N/A,NO,⛔ ADX too high (66.99) - Market trending (STRONG_TREND); Max ADX for entry: 6
2026-08-09T22:44:35.457Z,65029.70,60.46,OVERBOUGHT,FLAT,YES,YES,10s,1.00,0.00,0.50,NEUTRAL,1.00,NORMAL,N/A,N/A,NO,⛔ ADX too high (55.03) - Market trending (STRONG_TREND); Max ADX for entry: 6
2026-08-09T22:44:45.455Z,65029.69,62.37,OVERBOUGHT,FLAT,YES,YES,1m,1.00,0.00,0.50,NEUTRAL,1.00,NORMAL,N/A,N/A,NO,⛔ ADX too high (7.95) - Market trending (RANGING); Max ADX for entry: 6
2026-08-09T22:44:55.456Z,65029.69,64.10,OVERBOUGHT,FLAT,YES,YES,1m,1.00,0.00,0.50,NEUTRAL,1.00,NORMAL,N/A,N/A,NO,⛔ ADX too high (19.67) - Market trending (RANGING); Max ADX for entry: 6
2026-08-09T22:45:05.455Z,65020.00,64.12,OVERBOUGHT,FLAT,YES,YES,5m,1.00,0.00,0.50,NEUTRAL,1.00,NORMAL,N/A,N/A,NO,⛔ ADX too high (99.89) - Market trending (EXTREME_TREND); Max ADX for entry: 6
2026-08-09T22:45:15.457Z,65001.70,55.13,NEUTRAL,FLAT,YES,YES,5m,1.00,0.00,0.50,NEUTRAL,1.00,NORMAL,N/A,N/A,NO,⛔ ADX too high (100.00) - Market trending (EXTREME_TREND); Max ADX for entry: 6
2026-08-09T22:45:25.456Z,64995.67,49.64,NEUTRAL,FALLING,NO,NO,none,0.00,0.00,0.50,NEUTRAL,1.00,NORMAL,N/A,N/A,NO,⛔ ADX too high (99.70) - Market trending (EXTREME_TREND); Max ADX for entry: 6
2026-08-09T22:45:35.456Z,65002.01,51.58,NEUTRAL,FALLING,YES,YES,30s,1.00,0.00,0.50,NEUTRAL,1.00,NORMAL,N/A,N/A,NO,⛔ ADX too high (8.72) - Market trending (RANGING); Max ADX for entry: 6
2026-08-09T22:45:45.455Z,65002.00,50.91,NEUTRAL,FLAT,YES,YES,10s,1.00,0.00,0.50,NEUTRAL,1.00,NORMAL,N/A,N/A,NO,⛔ ADX too high (91.66) - Market trending (EXTREME_TREND); Max ADX for entry: 6
2026-08-09T22:45:55.460Z,65002.00,50.59,NEUTRAL,FLAT,YES,YES,30s,1.00,0.00,0.50,NEUTRAL,1.00,NORMAL,N/A,N/A,NO,⛔ ADX too high (8.93) - Market trending (RANGING); Max ADX for entry: 6
2026-08-09T22:46:05.457Z,65002.00,52.55,NEUTRAL,RISING,YES,YES,30s,1.00,0.00,0.50,NEUTRAL,1.00,NORMAL,N/A,N/A,NO,⛔ ADX too high (63.51) - Market trending (STRONG_TREND); Max ADX for entry: 6
2026-08-09T22:46:15.457Z,65002.01,53.22,NEUTRAL,FLAT,YES,YES,10s,1.00,0.00,0.50,NEUTRAL,1.00,NORMAL,N/A,N/A,NO,⛔ ADX too high (86.03) - Market trending (EXTREME_TREND); Max ADX for entry: 6
2026-08-09T22:46:25.459Z,65002.91,53.49,NEUTRAL,FLAT,YES,YES,15m,1.00,0.00,0.50,NEUTRAL,1.00,NORMAL,N/A,N/A,NO,⛔ ADX too high (96.42) - Market trending (EXTREME_TREND); Max ADX for entry: 6
2026-08-09T22:46:35.457Z,65014.00,56.58,NEUTRAL,FLAT,YES,YES,15m,1.00,0.00,0.50,NEUTRAL,1.00,NORMAL,N/A,N/A,NO,⛔ ADX too high (99.75) - Market trending (EXTREME_TREND); Max ADX for entry: 6
2026-08-09T22:46:45.459Z,65014.00,56.06,NEUTRAL,FLAT,YES,YES,30s,1.00,0.00,0.50,NEUTRAL,1.00,NORMAL,N/A,N/A,NO,⛔ ADX too high (99.74) - Market trending (EXTREME_TREND); Max ADX for entry: 6
2026-08-09T22:46:55.461Z,65013.99,54.96,NEUTRAL,FLAT,YES,YES,30s,1.00,0.00,0.50,NEUTRAL,1.00,NORMAL,N/A,N/A,NO,⛔ ADX too high (58.38) - Market trending (STRONG_TREND); Max ADX for entry: 6
2026-08-09T22:47:05.461Z,65013.99,53.97,NEUTRAL,FLAT,YES,YES,30s,1.00,0.00,0.50,NEUTRAL,1.00,NORMAL,N/A,N/A,NO,⛔ ADX too high (13.06) - Market trending (RANGING); Max ADX for entry: 6
2026-08-09T22:47:15.462Z,65013.99,48.58,NEUTRAL,FALLING,YES,YES,10s,1.00,0.00,0.50,NEUTRAL,1.00,NORMAL,N/A,N/A,NO,⛔ ADX too high (15.07) - Market trending (RANGING); Max ADX for entry: 6
2026-08-09T22:47:25.465Z,65013.99,46.02,NEUTRAL,FLAT,YES,YES,10s,1.00,0.00,0.50,NEUTRAL,1.00,NORMAL,N/A,N/A,NO,⛔ ADX too high (19.57) - Market trending (RANGING); Max ADX for entry: 6
2026-08-09T22:47:35.474Z,65014.00,42.62,NEUTRAL,FLAT,YES,YES,5m,1.00,0.00,0.50,NEUTRAL,1.00,NORMAL,N/A,N/A,NO,⛔ ADX too high (10.27) - Market trending (RANGING); Max ADX for entry: 6
2026-08-09T22:47:45.475Z,65014.00,54.26,NEUTRAL,FLAT,YES,YES,5m,1.00,0.00,0.50,NEUTRAL,1.00,NORMAL,N/A,N/A,NO,⛔ ADX too high (70.38) - Market trending (STRONG_TREND); Max ADX for entry: 6
2026-08-09T22:47:55.495Z,65014.00,54.26,NEUTRAL,FLAT,YES,YES,10s,1.00,0.00,0.50,NEUTRAL,1.00,NORMAL,N/A,N/A,NO,⛔ ADX too high (13.10) - Market trending (RANGING); Max ADX for entry: 6
2026-08-09T22:48:05.465Z,65021.64,57.43,NEUTRAL,FLAT,YES,YES,10s,1.00,0.00,0.50,NEUTRAL,1.00,NORMAL,N/A,N/A,NO,⛔ ADX too high (99.54) - Market trending (EXTREME_TREND); Max ADX for entry: 6
2026-08-09T22:48:15.467Z,65022.00,54.10,NEUTRAL,FLAT,YES,YES,10s,1.00,0.00,0.50,NEUTRAL,1.00,NORMAL,N/A,N/A,NO,⛔ ADX too high (90.22) - Market trending (EXTREME_TREND); Max ADX for entry: 6
2026-08-09T22:48:25.468Z,65022.00,50.00,NEUTRAL,FALLING,YES,YES,30s,1.00,0.75,0.50,NEUTRAL,1.00,NORMAL,N/A,N/A,NO,RSI neutral (50.0)
2026-08-09T22:48:35.467Z,65021.99,42.27,NEUTRAL,FLAT,YES,YES,30s,1.00,0.00,0.50,NEUTRAL,1.00,NORMAL,N/A,N/A,NO,⛔ ADX too high (74.71) - Market trending (STRONG_TREND); Max ADX for entry: 6
2026-08-09T22:48:45.472Z,65022.00,42.28,NEUTRAL,FLAT,YES,YES,10s,1.00,0.00,0.50,NEUTRAL,1.00,NORMAL,N/A,N/A,NO,⛔ ADX too high (58.99) - Market trending (STRONG_TREND); Max ADX for entry: 6
2026-08-09T22:48:55.468Z,65022.00,44.75,NEUTRAL,FLAT,YES,YES,30s,1.00,0.00,0.50,NEUTRAL,1.00,NORMAL,N/A,N/A,NO,⛔ ADX too high (31.11) - Market trending (TRENDING); Max ADX for entry: 6
2026-08-09T22:49:05.483Z,65021.99,44.74,NEUTRAL,FLAT,YES,YES,1m,1.00,0.00,0.50,NEUTRAL,1.00,NORMAL,N/A,N/A,NO,⛔ ADX too high (36.42) - Market trending (TRENDING); Max ADX for entry: 6
2026-08-09T22:49:15.469Z,65022.00,44.75,NEUTRAL,FLAT,YES,YES,10s,1.00,0.00,0.50,NEUTRAL,1.00,NORMAL,N/A,N/A,NO,⛔ ADX too high (18.32) - Market trending (RANGING); Max ADX for entry: 6
2026-08-09T22:49:25.471Z,65021.99,44.75,NEUTRAL,FLAT,YES,YES,5m,1.00,0.00,0.50,NEUTRAL,1.00,NORMAL,N/A,N/A,NO,⛔ ADX too high (37.06) - Market trending (TRENDING); Max ADX for entry: 6
2026-08-09T22:49:35.470Z,65022.00,44.76,NEUTRAL,FLAT,YES,YES,10s,1.00,0.00,0.50,NEUTRAL,1.00,NORMAL,N/A,N/A,NO,⛔ ADX too high (8.06) - Market trending (RANGING); Max ADX for entry: 6
2026-08-09T22:49:45.476Z,65021.99,44.75,NEUTRAL,FLAT,YES,YES,10s,1.00,0.00,0.50,NEUTRAL,1.00,NORMAL,N/A,N/A,NO,⛔ ADX too high (68.01) - Market trending (STRONG_TREND); Max ADX for entry: 6
2026-08-09T22:49:55.473Z,65018.00,42.43,NEUTRAL,FLAT,NO,NO,none,0.00,0.00,0.50,NEUTRAL,1.00,NORMAL,N/A,N/A,NO,⛔ ADX too high (98.96) - Market trending (EXTREME_TREND); Max ADX for entry: 6
2026-08-09T22:50:05.473Z,65016.97,50.74,NEUTRAL,RISING,YES,YES,10s,1.00,0.00,0.50,NEUTRAL,1.00,NORMAL,N/A,N/A,NO,⛔ ADX too high (99.74) - Market trending (EXTREME_TREND); Max ADX for entry: 6
2026-08-09T22:50:15.474Z,65014.50,62.12,OVERBOUGHT,FLAT,YES,YES,10s,1.00,0.00,0.50,NEUTRAL,1.00,NORMAL,N/A,N/A,NO,⛔ ADX too high (98.93) - Market trending (EXTREME_TREND); Max ADX for entry: 6
2026-08-09T22:50:25.474Z,65014.50,70.11,EXTREME_OVERBOUGHT,RISING,YES,YES,30s,1.00,0.00,0.50,NEUTRAL,1.00,NORMAL,N/A,N/A,NO,⛔ ADX too high (65.65) - Market trending (STRONG_TREND); Max ADX for entry: 6
2026-08-09T22:50:35.474Z,65014.50,71.90,EXTREME_OVERBOUGHT,RISING,YES,YES,30s,1.00,0.00,0.50,NEUTRAL,1.00,NORMAL,N/A,N/A,NO,⛔ ADX too high (57.31) - Market trending (STRONG_TREND); Max ADX for entry: 6
2026-08-09T22:50:45.476Z,65014.50,71.91,EXTREME_OVERBOUGHT,FLAT,YES,YES,1m,1.00,0.00,0.50,NEUTRAL,1.00,NORMAL,N/A,N/A,NO,⛔ ADX too high (63.37) - Market trending (STRONG_TREND); Max ADX for entry: 6
2026-08-09T22:50:55.473Z,65014.50,71.91,EXTREME_OVERBOUGHT,FLAT,YES,YES,1m,1.00,0.00,0.50,NEUTRAL,1.00,NORMAL,N/A,N/A,NO,⛔ ADX too high (16.62) - Market trending (RANGING); Max ADX for entry: 6
2026-08-09T22:51:05.477Z,65011.44,64.94,OVERBOUGHT,FALLING,YES,YES,10s,1.00,0.00,0.50,NEUTRAL,1.00,NORMAL,N/A,N/A,NO,⛔ ADX too high (94.02) - Market trending (EXTREME_TREND); Max ADX for entry: 6
2026-08-09T22:51:15.478Z,65010.54,63.12,OVERBOUGHT,FLAT,YES,YES,5m,1.00,0.00,0.50,NEUTRAL,1.00,NORMAL,N/A,N/A,NO,⛔ ADX too high (95.01) - Market trending (EXTREME_TREND); Max ADX for entry: 6
2026-08-09T22:51:25.477Z,64982.01,32.64,OVERSOLD,FLAT,NO,NO,none,0.00,0.00,0.50,NEUTRAL,1.00,NORMAL,N/A,N/A,NO,⛔ ADX too high (99.85) - Market trending (EXTREME_TREND); Max ADX for entry: 6
2026-08-09T22:51:35.476Z,64979.00,16.41,EXTREME_OVERSOLD,FLAT,YES,YES,10s,1.00,0.00,0.50,NEUTRAL,1.00,NORMAL,N/A,N/A,NO,⛔ ADX too high (99.98) - Market trending (EXTREME_TREND); Max ADX for entry: 6
2026-08-09T22:51:45.476Z,64978.01,16.08,EXTREME_OVERSOLD,FLAT,YES,YES,30s,1.00,0.00,0.50,NEUTRAL,1.00,NORMAL,N/A,N/A,NO,⛔ ADX too high (98.68) - Market trending (EXTREME_TREND); Max ADX for entry: 6
2026-08-09T22:51:55.478Z,64976.16,20.53,EXTREME_OVERSOLD,FLAT,YES,YES,10s,1.00,0.00,0.50,NEUTRAL,1.00,NORMAL,N/A,N/A,NO,⛔ ADX too high (7.10) - Market trending (RANGING); Max ADX for entry: 6
2026-08-09T22:52:05.478Z,64988.00,32.89,OVERSOLD,FLAT,YES,YES,1m,1.00,0.00,0.50,NEUTRAL,1.00,NORMAL,N/A,N/A,NO,⛔ ADX too high (99.79) - Market trending (EXTREME_TREND); Max ADX for entry: 6
2026-08-09T22:52:15.479Z,65016.00,50.96,NEUTRAL,RISING,YES,YES,15m,1.00,0.00,0.50,NEUTRAL,1.00,NORMAL,N/A,N/A,NO,⛔ ADX too high (99.96) - Market trending (EXTREME_TREND); Max ADX for entry: 6
2026-08-09T22:52:25.481Z,65003.24,45.41,NEUTRAL,FLAT,YES,YES,30s,1.00,0.00,0.50,NEUTRAL,1.00,NORMAL,N/A,N/A,NO,⛔ ADX too high (62.63) - Market trending (STRONG_TREND); Max ADX for entry: 6
2026-08-09T22:52:35.477Z,65003.24,45.41,NEUTRAL,FLAT,YES,YES,30s,1.00,0.00,0.50,NEUTRAL,1.00,NORMAL,N/A,N/A,NO,⛔ ADX too high (98.90) - Market trending (EXTREME_TREND); Max ADX for entry: 6
2026-08-09T22:52:45.477Z,65008.16,47.61,NEUTRAL,FLAT,YES,YES,30s,1.00,0.00,0.50,NEUTRAL,1.00,NORMAL,N/A,N/A,NO,⛔ ADX too high (99.75) - Market trending (EXTREME_TREND); Max ADX for entry: 6
2026-08-09T22:52:55.480Z,65012.00,49.21,NEUTRAL,FLAT,YES,YES,5m,1.00,0.00,0.50,NEUTRAL,1.00,NORMAL,N/A,N/A,NO,⛔ ADX too high (99.81) - Market trending (EXTREME_TREND); Max ADX for entry: 6
2026-08-09T22:53:05.480Z,65011.99,45.92,NEUTRAL,FLAT,YES,YES,30s,1.00,0.00,0.50,NEUTRAL,1.00,NORMAL,N/A,N/A,NO,⛔ ADX too high (47.25) - Market trending (TRENDING); Max ADX for entry: 6
2026-08-09T22:53:15.481Z,65016.31,47.67,NEUTRAL,FLAT,YES,YES,5m,1.00,0.00,0.50,NEUTRAL,1.00,NORMAL,N/A,N/A,NO,⛔ ADX too high (98.44) - Market trending (EXTREME_TREND); Max ADX for entry: 6
2026-08-09T22:53:25.482Z,65019.46,48.99,NEUTRAL,RISING,YES,YES,5m,1.00,0.00,0.50,NEUTRAL,1.00,NORMAL,N/A,N/A,NO,⛔ ADX too high (95.93) - Market trending (EXTREME_TREND); Max ADX for entry: 6
2026-08-09T22:53:35.480Z,65021.49,49.80,NEUTRAL,FLAT,YES,YES,5m,1.00,0.00,0.50,NEUTRAL,1.00,NORMAL,N/A,N/A,NO,⛔ ADX too high (99.02) - Market trending (EXTREME_TREND); Max ADX for entry: 6
2026-08-09T22:53:45.479Z,65032.77,53.88,NEUTRAL,FLAT,YES,YES,10s,1.00,0.00,0.50,NEUTRAL,1.00,NORMAL,N/A,N/A,NO,⛔ ADX too high (99.82) - Market trending (EXTREME_TREND); Max ADX for entry: 6
2026-08-09T22:53:55.482Z,65040.00,56.17,NEUTRAL,FLAT,YES,YES,1h,1.00,0.00,0.50,NEUTRAL,1.00,NORMAL,N/A,N/A,NO,⛔ ADX too high (99.43) - Market trending (EXTREME_TREND); Max ADX for entry: 6
2026-08-09T22:54:05.481Z,65042.64,56.95,NEUTRAL,FLAT,YES,YES,30s,1.00,0.00,0.50,NEUTRAL,1.00,NORMAL,N/A,N/A,NO,⛔ ADX too high (99.89) - Market trending (EXTREME_TREND); Max ADX for entry: 6
2026-08-09T22:54:15.481Z,65041.18,56.40,NEUTRAL,FLAT,YES,YES,10s,1.00,0.00,0.50,NEUTRAL,1.00,NORMAL,N/A,N/A,NO,⛔ ADX too high (100.00) - Market trending (EXTREME_TREND); Max ADX for entry: 6
2026-08-09T23:19:45.536Z,64999.12,39.87,OVERSOLD,FLAT,YES,YES,10s,1.00,0.00,0.50,NEUTRAL,1.00,NORMAL,N/A,N/A,NO,⛔ ADX too high (95.02) - Market trending (EXTREME_TREND); Max ADX for entry: 6
2026-08-09T23:19:55.552Z,65003.99,43.10,NEUTRAL,FLAT,YES,YES,5m,1.00,0.00,0.50,NEUTRAL,1.00,NORMAL,N/A,N/A,NO,⛔ ADX too high (97.25) - Market trending (EXTREME_TREND); Max ADX for entry: 6
2026-08-09T23:20:05.539Z,65006.00,45.97,NEUTRAL,FLAT,YES,YES,10s,1.00,0.00,0.50,NEUTRAL,1.00,NORMAL,N/A,N/A,NO,⛔ ADX too high (99.07) - Market trending (EXTREME_TREND); Max ADX for entry: 6
2026-08-09T23:20:15.543Z,65003.24,44.99,NEUTRAL,FLAT,YES,YES,10s,1.00,0.00,0.50,NEUTRAL,1.00,NORMAL,N/A,N/A,NO,⛔ ADX too high (93.23) - Market trending (EXTREME_TREND); Max ADX for entry: 6
2026-08-09T23:20:25.550Z,65002.00,42.92,NEUTRAL,FLAT,YES,YES,1m,1.00,0.00,0.50,NEUTRAL,1.00,NORMAL,N/A,N/A,NO,⛔ ADX too high (97.77) - Market trending (EXTREME_TREND); Max ADX for entry: 6
2026-08-09T23:20:35.555Z,64996.01,39.16,OVERSOLD,FALLING,NO,NO,none,0.00,0.00,0.50,NEUTRAL,1.00,NORMAL,N/A,N/A,NO,⛔ ADX too high (94.53) - Market trending (EXTREME_TREND); Max ADX for entry: 6
2026-08-09T23:20:45.538Z,64992.54,38.14,OVERSOLD,FLAT,NO,NO,none,0.00,0.00,0.50,NEUTRAL,1.00,NORMAL,N/A,N/A,NO,⛔ ADX too high (99.83) - Market trending (EXTREME_TREND); Max ADX for entry: 6
2026-08-09T23:20:55.560Z,64992.53,38.13,OVERSOLD,FLAT,YES,YES,10s,1.00,0.00,0.50,NEUTRAL,1.00,NORMAL,N/A,N/A,NO,⛔ ADX too high (100.00) - Market trending (EXTREME_TREND); Max ADX for entry: 6
2026-08-09T23:21:05.552Z,64970.41,33.53,OVERSOLD,FLAT,NO,NO,none,0.00,0.00,0.50,NEUTRAL,1.00,NORMAL,N/A,N/A,NO,⛔ ADX too high (99.82) - Market trending (EXTREME_TREND); Max ADX for entry: 6
2026-08-09T23:21:15.556Z,64969.39,26.98,EXTREME_OVERSOLD,FALLING,YES,YES,10s,1.00,0.00,0.50,NEUTRAL,1.00,NORMAL,N/A,N/A,NO,⛔ ADX too high (99.95) - Market trending (EXTREME_TREND); Max ADX for entry: 6
2026-08-09T23:21:25.542Z,64962.26,26.31,EXTREME_OVERSOLD,FLAT,YES,YES,30s,1.00,0.00,0.50,NEUTRAL,1.00,NORMAL,N/A,N/A,NO,⛔ ADX too high (88.60) - Market trending (EXTREME_TREND); Max ADX for entry: 6
2026-08-09T23:21:35.542Z,64962.26,26.31,EXTREME_OVERSOLD,FLAT,YES,YES,30s,1.00,0.00,0.50,NEUTRAL,1.00,NORMAL,N/A,N/A,NO,⛔ ADX too high (73.55) - Market trending (STRONG_TREND); Max ADX for entry: 6
2026-08-09T23:21:45.538Z,64970.00,30.10,OVERSOLD,FLAT,YES,YES,1m,1.00,0.00,0.50,NEUTRAL,1.00,NORMAL,N/A,N/A,NO,⛔ ADX too high (99.86) - Market trending (EXTREME_TREND); Max ADX for entry: 6
2026-08-09T23:21:55.540Z,64966.01,24.45,EXTREME_OVERSOLD,FALLING,YES,YES,30s,1.00,0.00,0.50,NEUTRAL,1.00,NORMAL,N/A,N/A,NO,⛔ ADX too high (19.19) - Market trending (RANGING); Max ADX for entry: 6
2026-08-09T23:22:05.552Z,64962.01,23.04,EXTREME_OVERSOLD,FLAT,NO,NO,none,0.00,0.00,0.50,NEUTRAL,1.00,NORMAL,N/A,N/A,NO,⛔ ADX too high (99.88) - Market trending (EXTREME_TREND); Max ADX for entry: 6
2026-08-09T23:22:15.542Z,64950.01,15.70,EXTREME_OVERSOLD,FALLING,YES,YES,10s,0.80,0.00,0.50,NEUTRAL,1.00,NORMAL,N/A,N/A,NO,⛔ ADX too high (100.00) - Market trending (EXTREME_TREND); Max ADX for entry: 6
2026-08-09T23:22:25.539Z,64934.00,14.17,EXTREME_OVERSOLD,FLAT,NO,NO,none,0.00,0.00,0.50,NEUTRAL,1.00,NORMAL,N/A,N/A,NO,⛔ ADX too high (100.00) - Market trending (EXTREME_TREND); Max ADX for entry: 6
2026-08-09T23:22:35.548Z,64925.82,18.60,EXTREME_OVERSOLD,RISING,YES,YES,10s,1.00,0.00,0.50,NEUTRAL,1.00,NORMAL,N/A,N/A,NO,⛔ ADX too high (65.52) - Market trending (STRONG_TREND); Max ADX for entry: 6
2026-08-09T23:22:45.539Z,64927.12,19.12,EXTREME_OVERSOLD,FLAT,YES,YES,10s,1.00,0.00,0.50,NEUTRAL,1.00,NORMAL,N/A,N/A,NO,⛔ ADX too high (79.52) - Market trending (EXTREME_TREND); Max ADX for entry: 6
2026-08-09T23:22:55.555Z,64928.42,19.63,EXTREME_OVERSOLD,FLAT,YES,YES,30s,1.00,0.00,0.50,NEUTRAL,1.00,NORMAL,N/A,N/A,NO,⛔ ADX too high (98.11) - Market trending (EXTREME_TREND); Max ADX for entry: 6
2026-08-09T23:23:05.541Z,64928.42,20.54,EXTREME_OVERSOLD,FLAT,YES,YES,30s,1.00,0.00,0.50,NEUTRAL,1.00,NORMAL,N/A,N/A,NO,⛔ ADX too high (92.77) - Market trending (EXTREME_TREND); Max ADX for entry: 6
2026-08-09T23:23:15.542Z,64932.00,24.29,EXTREME_OVERSOLD,RISING,YES,YES,1m,1.00,0.00,0.50,NEUTRAL,1.00,NORMAL,N/A,N/A,NO,⛔ ADX too high (99.13) - Market trending (EXTREME_TREND); Max ADX for entry: 6
2026-08-09T23:23:25.544Z,64937.89,30.71,OVERSOLD,RISING,YES,YES,30s,1.00,0.00,0.50,NEUTRAL,1.00,NORMAL,N/A,N/A,NO,⛔ ADX too high (99.41) - Market trending (EXTREME_TREND); Max ADX for entry: 6
2026-08-09T23:23:35.542Z,64937.92,31.33,OVERSOLD,FLAT,YES,YES,30s,1.00,0.00,0.50,NEUTRAL,1.00,NORMAL,N/A,N/A,NO,⛔ ADX too high (38.62) - Market trending (TRENDING); Max ADX for entry: 6
2026-08-09T23:23:45.541Z,64951.88,35.99,OVERSOLD,FLAT,YES,YES,10s,1.00,0.00,0.50,NEUTRAL,1.00,NORMAL,N/A,N/A,NO,⛔ ADX too high (99.69) - Market trending (EXTREME_TREND); Max ADX for entry: 6
2026-08-09T23:23:55.543Z,64962.63,40.91,NEUTRAL,FLAT,YES,YES,5m,1.00,0.00,0.50,NEUTRAL,1.00,NORMAL,N/A,N/A,NO,⛔ ADX too high (99.89) - Market trending (EXTREME_TREND); Max ADX for entry: 6
2026-08-09T23:24:05.549Z,64964.66,40.69,NEUTRAL,FLAT,YES,YES,30s,1.00,0.00,0.50,NEUTRAL,1.00,NORMAL,N/A,N/A,NO,⛔ ADX too high (99.76) - Market trending (EXTREME_TREND); Max ADX for entry: 6
2026-08-09T23:24:15.542Z,64972.81,43.04,NEUTRAL,FLAT,YES,YES,10s,1.00,0.00,0.50,NEUTRAL,1.00,NORMAL,N/A,N/A,NO,⛔ ADX too high (100.00) - Market trending (EXTREME_TREND); Max ADX for entry: 6
2026-08-09T23:24:25.560Z,64973.18,43.12,NEUTRAL,FLAT,YES,YES,30s,1.00,0.00,0.50,NEUTRAL,1.00,NORMAL,N/A,N/A,NO,⛔ ADX too high (97.86) - Market trending (EXTREME_TREND); Max ADX for entry: 6
2026-08-09T23:24:35.541Z,64973.17,43.12,NEUTRAL,FLAT,YES,YES,10s,1.00,0.00,0.50,NEUTRAL,1.00,NORMAL,N/A,N/A,NO,⛔ ADX too high (18.80) - Market trending (RANGING); Max ADX for entry: 6
2026-08-09T23:24:45.557Z,64973.18,42.76,NEUTRAL,FLAT,YES,YES,10s,1.00,0.00,0.50,NEUTRAL,1.00,NORMAL,N/A,N/A,NO,⛔ ADX too high (21.76) - Market trending (TRANSITION); Max ADX for entry: 6
2026-08-09T23:24:55.542Z,64973.17,41.16,NEUTRAL,FLAT,YES,YES,1m,1.00,0.00,0.50,NEUTRAL,1.00,NORMAL,N/A,N/A,NO,⛔ ADX too high (22.71) - Market trending (TRANSITION); Max ADX for entry: 6
2026-08-09T23:25:05.559Z,64963.40,38.30,OVERSOLD,FLAT,NO,NO,none,0.00,0.00,0.50,NEUTRAL,1.00,NORMAL,N/A,N/A,NO,⛔ ADX too high (99.87) - Market trending (EXTREME_TREND); Max ADX for entry: 6
2026-08-09T23:25:15.546Z,64957.18,37.59,OVERSOLD,FLAT,YES,YES,10s,1.00,0.00,0.50,NEUTRAL,1.00,NORMAL,N/A,N/A,NO,⛔ ADX too high (99.56) - Market trending (EXTREME_TREND); Max ADX for entry: 6
2026-08-09T23:25:25.560Z,64954.41,37.29,OVERSOLD,FLAT,YES,YES,30s,1.00,0.00,0.50,NEUTRAL,1.00,NORMAL,N/A,N/A,NO,⛔ ADX too high (98.46) - Market trending (EXTREME_TREND); Max ADX for entry: 6
2026-08-09T23:25:35.545Z,64952.64,38.15,OVERSOLD,FLAT,YES,YES,1m,0.98,0.00,0.50,NEUTRAL,1.00,NORMAL,N/A,N/A,NO,⛔ ADX too high (98.45) - Market trending (EXTREME_TREND); Max ADX for entry: 6
2026-08-09T23:25:45.559Z,64952.64,38.89,OVERSOLD,FLAT,YES,YES,30s,1.00,0.00,0.50,NEUTRAL,1.00,NORMAL,N/A,N/A,NO,⛔ ADX too high (99.13) - Market trending (EXTREME_TREND); Max ADX for entry: 6
2026-08-09T23:25:55.562Z,64951.75,38.70,OVERSOLD,FLAT,YES,YES,1m,1.00,0.00,0.50,NEUTRAL,1.00,NORMAL,N/A,N/A,NO,⛔ ADX too high (96.35) - Market trending (EXTREME_TREND); Max ADX for entry: 6
2026-08-09T23:26:05.546Z,64951.75,44.11,NEUTRAL,FLAT,YES,YES,30s,1.00,0.00,0.50,NEUTRAL,1.00,NORMAL,N/A,N/A,NO,⛔ ADX too high (71.81) - Market trending (STRONG_TREND); Max ADX for entry: 6
2026-08-09T23:26:15.561Z,64946.00,42.82,NEUTRAL,FLAT,YES,YES,10s,1.00,0.00,0.50,NEUTRAL,1.00,NORMAL,N/A,N/A,NO,⛔ ADX too high (99.75) - Market trending (EXTREME_TREND); Max ADX for entry: 6
2026-08-09T23:26:25.548Z,64946.00,44.77,NEUTRAL,FLAT,YES,YES,30s,1.00,0.00,0.50,NEUTRAL,1.00,NORMAL,N/A,N/A,NO,⛔ ADX too high (13.80) - Market trending (RANGING); Max ADX for entry: 6
2026-08-09T23:26:35.561Z,64953.46,47.30,NEUTRAL,RISING,YES,YES,5m,1.00,0.00,0.50,NEUTRAL,1.00,NORMAL,N/A,N/A,NO,⛔ ADX too high (99.47) - Market trending (EXTREME_TREND); Max ADX for entry: 6
2026-08-09T23:26:45.547Z,64954.42,45.01,NEUTRAL,FLAT,YES,YES,5m,1.00,0.00,0.50,NEUTRAL,1.00,NORMAL,N/A,N/A,NO,⛔ ADX too high (96.86) - Market trending (EXTREME_TREND); Max ADX for entry: 6
2026-08-09T23:26:55.561Z,64956.01,46.74,NEUTRAL,FLAT,YES,YES,10s,1.00,0.00,0.50,NEUTRAL,1.00,NORMAL,N/A,N/A,NO,⛔ ADX too high (99.40) - Market trending (EXTREME_TREND); Max ADX for entry: 6
2026-08-09T23:27:05.560Z,64953.25,47.12,NEUTRAL,FLAT,YES,YES,1m,1.00,0.00,0.50,NEUTRAL,1.00,NORMAL,N/A,N/A,NO,⛔ ADX too high (99.14) - Market trending (EXTREME_TREND); Max ADX for entry: 6
2026-08-09T23:27:15.563Z,64950.00,50.00,NEUTRAL,FALLING,YES,YES,1m,1.00,0.00,0.50,NEUTRAL,1.00,NORMAL,N/A,N/A,NO,⛔ ADX too high (99.33) - Market trending (EXTREME_TREND); Max ADX for entry: 6
2026-08-09T23:27:25.565Z,64949.13,55.89,NEUTRAL,FLAT,YES,YES,1m,1.00,0.00,0.50,NEUTRAL,1.00,NORMAL,N/A,N/A,NO,⛔ ADX too high (98.56) - Market trending (EXTREME_TREND); Max ADX for entry: 6
2026-08-09T23:27:35.566Z,64948.25,62.04,OVERBOUGHT,FALLING,YES,YES,10s,1.00,0.00,0.50,NEUTRAL,1.00,NORMAL,N/A,N/A,NO,⛔ ADX too high (97.28) - Market trending (EXTREME_TREND); Max ADX for entry: 6
2026-08-09T23:27:45.553Z,64948.24,61.50,OVERBOUGHT,FLAT,YES,YES,30s,1.00,0.00,0.50,NEUTRAL,1.00,NORMAL,N/A,N/A,NO,⛔ ADX too high (63.68) - Market trending (STRONG_TREND); Max ADX for entry: 6
2026-08-09T23:27:55.570Z,64948.25,60.95,OVERBOUGHT,FLAT,YES,YES,30s,1.00,0.00,0.50,NEUTRAL,1.00,NORMAL,N/A,N/A,NO,⛔ ADX too high (20.26) - Market trending (TRANSITION); Max ADX for entry: 6
2026-08-09T23:28:05.553Z,64946.01,59.49,NEUTRAL,FLAT,YES,YES,5m,1.00,0.00,0.50,NEUTRAL,1.00,NORMAL,N/A,N/A,NO,⛔ ADX too high (93.60) - Market trending (EXTREME_TREND); Max ADX for entry: 6
2026-08-09T23:28:15.568Z,64946.00,54.86,NEUTRAL,FALLING,YES,YES,30s,1.00,0.00,0.50,NEUTRAL,1.00,NORMAL,N/A,N/A,NO,⛔ ADX too high (98.63) - Market trending (EXTREME_TREND); Max ADX for entry: 6
2026-08-09T23:28:25.556Z,64946.01,54.88,NEUTRAL,FLAT,YES,YES,10s,1.00,0.00,0.50,NEUTRAL,1.00,NORMAL,N/A,N/A,NO,⛔ ADX too high (30.50) - Market trending (TRENDING); Max ADX for entry: 6
2026-08-09T23:28:35.571Z,64946.01,54.86,NEUTRAL,FLAT,YES,YES,30s,1.00,0.00,0.50,NEUTRAL,1.00,NORMAL,N/A,N/A,NO,⛔ ADX too high (8.71) - Market trending (RANGING); Max ADX for entry: 6
2026-08-09T23:28:45.557Z,64946.00,45.74,NEUTRAL,FLAT,YES,YES,10s,1.00,0.75,0.50,NEUTRAL,1.00,NORMAL,N/A,N/A,NO,RSI neutral (45.7)
2026-08-09T23:28:55.571Z,64946.00,35.81,OVERSOLD,FLAT,YES,YES,1m,1.00,0.00,0.50,NEUTRAL,1.00,NORMAL,N/A,N/A,NO,⛔ ADX too high (11.07) - Market trending (RANGING); Max ADX for entry: 6
2026-08-09T23:29:05.556Z,64936.01,27.26,EXTREME_OVERSOLD,FALLING,YES,YES,10s,1.00,0.00,0.50,NEUTRAL,1.00,NORMAL,N/A,N/A,NO,⛔ ADX too high (99.57) - Market trending (EXTREME_TREND); Max ADX for entry: 6
2026-08-09T23:29:15.572Z,64922.00,14.93,EXTREME_OVERSOLD,FALLING,NO,NO,none,0.00,0.00,0.50,NEUTRAL,1.00,NORMAL,N/A,N/A,NO,⛔ ADX too high (99.84) - Market trending (EXTREME_TREND); Max ADX for entry: 6
2026-08-10T01:16:55.765Z,65033.99,70.89,EXTREME_OVERBOUGHT,RISING,YES,YES,1h,1.00,0.00,0.50,NEUTRAL,1.00,NORMAL,N/A,N/A,NO,⛔ ADX too high (99.90) - Market trending (EXTREME_TREND); Max ADX for entry: 6
2026-08-10T01:17:05.752Z,65055.86,76.45,EXTREME_OVERBOUGHT,FLAT,YES,YES,1h,1.00,0.00,0.50,NEUTRAL,1.00,NORMAL,N/A,N/A,NO,⛔ ADX too high (100.00) - Market trending (EXTREME_TREND); Max ADX for entry: 6
2026-08-10T01:17:15.753Z,65039.53,66.92,OVERBOUGHT,FALLING,YES,YES,30s,1.00,0.00,0.50,NEUTRAL,1.00,NORMAL,N/A,N/A,NO,⛔ ADX too high (45.99) - Market trending (TRENDING); Max ADX for entry: 6
2026-08-10T01:17:25.751Z,65038.23,67.54,OVERBOUGHT,FLAT,YES,YES,30s,1.00,0.00,0.50,NEUTRAL,1.00,NORMAL,N/A,N/A,NO,⛔ ADX too high (99.52) - Market trending (EXTREME_TREND); Max ADX for entry: 6
2026-08-10T01:17:35.753Z,65034.01,64.36,OVERBOUGHT,FALLING,YES,YES,10s,1.00,0.00,0.50,NEUTRAL,1.00,NORMAL,N/A,N/A,NO,⛔ ADX too high (99.74) - Market trending (EXTREME_TREND); Max ADX for entry: 6
2026-08-10T01:17:45.751Z,65034.01,64.36,OVERBOUGHT,FLAT,YES,YES,30s,1.00,0.00,0.50,NEUTRAL,1.00,NORMAL,N/A,N/A,NO,⛔ ADX too high (68.69) - Market trending (STRONG_TREND); Max ADX for entry: 6
2026-08-10T01:17:55.770Z,65037.43,64.01,OVERBOUGHT,FLAT,YES,YES,30s,1.00,0.00,0.50,NEUTRAL,1.00,NORMAL,N/A,N/A,NO,⛔ ADX too high (99.50) - Market trending (EXTREME_TREND); Max ADX for entry: 6
2026-08-10T01:18:05.756Z,65037.42,64.00,OVERBOUGHT,FLAT,YES,YES,30s,1.00,0.00,0.50,NEUTRAL,1.00,NORMAL,N/A,N/A,NO,⛔ ADX too high (96.88) - Market trending (EXTREME_TREND); Max ADX for entry: 6
2026-08-10T01:18:15.773Z,65043.99,65.75,OVERBOUGHT,FLAT,YES,YES,1h,1.00,0.00,0.50,NEUTRAL,1.00,NORMAL,N/A,N/A,NO,⛔ ADX too high (99.42) - Market trending (EXTREME_TREND); Max ADX for entry: 6
2026-08-10T01:18:25.755Z,65044.00,65.75,OVERBOUGHT,FLAT,YES,YES,30s,1.00,0.00,0.50,NEUTRAL,1.00,NORMAL,N/A,N/A,NO,⛔ ADX too high (99.66) - Market trending (EXTREME_TREND); Max ADX for entry: 6
2026-08-10T01:18:35.773Z,65035.18,61.72,OVERBOUGHT,FALLING,YES,YES,1m,1.00,0.00,0.50,NEUTRAL,1.00,NORMAL,N/A,N/A,NO,⛔ ADX too high (99.57) - Market trending (EXTREME_TREND); Max ADX for entry: 6
2026-08-10T01:18:45.755Z,65034.43,61.41,OVERBOUGHT,FLAT,YES,YES,10s,1.00,0.00,0.50,NEUTRAL,1.00,NORMAL,N/A,N/A,NO,⛔ ADX too high (99.73) - Market trending (EXTREME_TREND); Max ADX for entry: 6
2026-08-10T01:18:55.776Z,65034.44,62.88,OVERBOUGHT,RISING,YES,YES,30s,1.00,0.00,0.50,NEUTRAL,1.00,NORMAL,N/A,N/A,NO,⛔ ADX too high (14.05) - Market trending (RANGING); Max ADX for entry: 6
2026-08-10T01:19:05.757Z,65034.44,63.16,OVERBOUGHT,FLAT,YES,YES,30s,1.00,0.00,0.50,NEUTRAL,1.00,NORMAL,N/A,N/A,NO,⛔ ADX too high (17.69) - Market trending (RANGING); Max ADX for entry: 6
2026-08-10T01:19:15.777Z,65034.44,67.66,OVERBOUGHT,FLAT,YES,YES,10s,1.00,0.00,0.50,NEUTRAL,1.00,NORMAL,N/A,N/A,NO,⛔ ADX too high (32.44) - Market trending (TRENDING); Max ADX for entry: 6
2026-08-10T01:19:25.761Z,65034.44,67.66,OVERBOUGHT,FLAT,YES,YES,10s,1.00,0.00,0.50,NEUTRAL,1.00,NORMAL,N/A,N/A,NO,⛔ ADX too high (6.05) - Market trending (RANGING); Max ADX for entry: 6
2026-08-10T01:19:35.774Z,65034.43,66.57,OVERBOUGHT,FALLING,YES,YES,1m,1.00,0.00,0.50,NEUTRAL,1.00,NORMAL,N/A,N/A,NO,⛔ ADX too high (43.54) - Market trending (TRENDING); Max ADX for entry: 6
2026-08-10T01:19:45.774Z,65034.44,66.42,OVERBOUGHT,FLAT,YES,YES,5m,1.00,0.00,0.50,NEUTRAL,1.00,NORMAL,N/A,N/A,NO,⛔ ADX too high (51.54) - Market trending (STRONG_TREND); Max ADX for entry: 6
2026-08-10T01:19:55.758Z,65034.43,64.39,OVERBOUGHT,FLAT,YES,YES,10s,1.00,0.00,0.50,NEUTRAL,1.00,NORMAL,N/A,N/A,NO,⛔ ADX too high (69.18) - Market trending (STRONG_TREND); Max ADX for entry: 6
2026-08-10T01:20:05.774Z,65041.99,66.15,OVERBOUGHT,FLAT,YES,YES,1h,1.00,0.00,0.50,NEUTRAL,1.00,NORMAL,N/A,N/A,NO,⛔ ADX too high (99.49) - Market trending (EXTREME_TREND); Max ADX for entry: 6
2026-08-10T01:20:15.760Z,65042.72,63.89,OVERBOUGHT,FLAT,YES,YES,30s,1.00,0.00,0.50,NEUTRAL,1.00,NORMAL,N/A,N/A,NO,⛔ ADX too high (88.39) - Market trending (EXTREME_TREND); Max ADX for entry: 6
2026-08-10T01:20:25.778Z,65046.32,62.88,OVERBOUGHT,FLAT,YES,YES,1h,1.00,0.00,0.50,NEUTRAL,1.00,NORMAL,N/A,N/A,NO,⛔ ADX too high (96.02) - Market trending (EXTREME_TREND); Max ADX for entry: 6
2026-08-10T01:20:35.759Z,65046.32,61.77,OVERBOUGHT,FLAT,YES,YES,30s,1.00,0.00,0.50,NEUTRAL,1.00,NORMAL,N/A,N/A,NO,⛔ ADX too high (98.57) - Market trending (EXTREME_TREND); Max ADX for entry: 6
2026-08-10T01:20:45.776Z,65042.72,59.60,NEUTRAL,FLAT,YES,YES,10s,1.00,0.00,0.50,NEUTRAL,1.00,NORMAL,N/A,N/A,NO,⛔ ADX too high (95.03) - Market trending (EXTREME_TREND); Max ADX for entry: 6
2026-08-10T01:20:55.760Z,65037.43,56.67,NEUTRAL,FLAT,YES,YES,10s,1.00,0.00,0.50,NEUTRAL,1.00,NORMAL,N/A,N/A,NO,⛔ ADX too high (99.26) - Market trending (EXTREME_TREND); Max ADX for entry: 6
2026-08-10T01:21:05.779Z,65032.00,53.95,NEUTRAL,FALLING,YES,YES,5m,1.00,0.00,0.50,NEUTRAL,1.00,NORMAL,N/A,N/A,NO,⛔ ADX too high (99.33) - Market trending (EXTREME_TREND); Max ADX for entry: 6
2026-08-10T01:21:15.759Z,65021.38,47.22,NEUTRAL,FLAT,YES,YES,10s,1.00,0.00,0.50,NEUTRAL,1.00,NORMAL,N/A,N/A,NO,⛔ ADX too high (99.67) - Market trending (EXTREME_TREND); Max ADX for entry: 6
2026-08-10T01:21:25.776Z,65008.01,44.46,NEUTRAL,FLAT,YES,YES,15m,1.00,0.00,0.50,NEUTRAL,1.00,NORMAL,N/A,N/A,NO,⛔ ADX too high (98.78) - Market trending (EXTREME_TREND); Max ADX for entry: 6
2026-08-10T01:21:35.759Z,65008.01,44.79,NEUTRAL,FLAT,YES,YES,30s,1.00,0.00,0.50,NEUTRAL,1.00,NORMAL,N/A,N/A,NO,⛔ ADX too high (82.29) - Market trending (EXTREME_TREND); Max ADX for entry: 6
2026-08-10T01:21:45.779Z,65011.63,46.24,NEUTRAL,FLAT,YES,YES,10s,1.00,0.00,0.50,NEUTRAL,1.00,NORMAL,N/A,N/A,NO,⛔ ADX too high (98.88) - Market trending (EXTREME_TREND); Max ADX for entry: 6
2026-08-10T01:21:55.763Z,65015.36,41.08,NEUTRAL,FALLING,YES,YES,1m,1.00,0.00,0.50,NEUTRAL,1.00,NORMAL,N/A,N/A,NO,⛔ ADX too high (96.36) - Market trending (EXTREME_TREND); Max ADX for entry: 6
2026-08-10T01:22:05.777Z,65027.72,38.29,OVERSOLD,FLAT,YES,YES,1m,1.00,0.00,0.50,NEUTRAL,1.00,NORMAL,N/A,N/A,NO,⛔ ADX too high (100.00) - Market trending (EXTREME_TREND); Max ADX for entry: 6
2026-08-10T01:22:15.761Z,65027.72,44.31,NEUTRAL,FLAT,YES,YES,30s,1.00,0.00,0.50,NEUTRAL,1.00,NORMAL,N/A,N/A,NO,⛔ ADX too high (90.01) - Market trending (EXTREME_TREND); Max ADX for entry: 6
2026-08-10T01:22:25.776Z,65020.01,41.74,NEUTRAL,FALLING,YES,YES,30s,1.00,0.00,0.50,NEUTRAL,1.00,NORMAL,N/A,N/A,NO,⛔ ADX too high (99.65) - Market trending (EXTREME_TREND); Max ADX for entry: 6
2026-08-10T01:22:35.761Z,65012.01,40.35,NEUTRAL,FLAT,YES,YES,10s,1.00,0.00,0.50,NEUTRAL,1.00,NORMAL,N/A,N/A,NO,⛔ ADX too high (100.00) - Market trending (EXTREME_TREND); Max ADX for entry: 6
2026-08-10T01:22:45.782Z,65012.01,40.35,NEUTRAL,FLAT,YES,YES,30s,1.00,0.00,0.50,NEUTRAL,1.00,NORMAL,N/A,N/A,NO,⛔ ADX too high (98.76) - Market trending (EXTREME_TREND); Max ADX for entry: 6
2026-08-10T01:22:55.764Z,65012.01,38.51,OVERSOLD,FLAT,YES,YES,30s,1.00,0.00,0.50,NEUTRAL,1.00,NORMAL,N/A,N/A,NO,⛔ ADX too high (60.95) - Market trending (STRONG_TREND); Max ADX for entry: 6
2026-08-10T01:23:05.780Z,65012.01,38.51,OVERSOLD,FLAT,YES,YES,1m,1.00,0.00,0.50,NEUTRAL,1.00,NORMAL,N/A,N/A,NO,⛔ ADX too high (54.50) - Market trending (STRONG_TREND); Max ADX for entry: 6
2026-08-10T01:23:15.782Z,65012.01,34.63,OVERSOLD,FLAT,YES,YES,10s,1.00,0.00,0.50,NEUTRAL,1.00,NORMAL,N/A,N/A,NO,⛔ ADX too high (65.83) - Market trending (STRONG_TREND); Max ADX for entry: 6
2026-08-10T01:23:25.764Z,65012.01,34.63,OVERSOLD,FLAT,YES,YES,1m,1.00,0.00,0.50,NEUTRAL,1.00,NORMAL,N/A,N/A,NO,⛔ ADX too high (53.28) - Market trending (STRONG_TREND); Max ADX for entry: 6
2026-08-10T01:23:35.781Z,65023.99,44.78,NEUTRAL,RISING,YES,YES,5m,1.00,0.00,0.50,NEUTRAL,1.00,NORMAL,N/A,N/A,NO,⛔ ADX too high (99.42) - Market trending (EXTREME_TREND); Max ADX for entry: 6
2026-08-10T01:23:45.763Z,65023.99,45.10,NEUTRAL,FLAT,YES,YES,30s,1.00,0.00,0.50,NEUTRAL,1.00,NORMAL,N/A,N/A,NO,⛔ ADX too high (99.47) - Market trending (EXTREME_TREND); Max ADX for entry: 6
2026-08-10T01:23:55.777Z,65024.14,45.17,NEUTRAL,FLAT,YES,YES,10s,1.00,0.00,0.50,NEUTRAL,1.00,NORMAL,N/A,N/A,NO,⛔ ADX too high (77.84) - Market trending (EXTREME_TREND); Max ADX for entry: 6
2026-08-10T01:24:05.779Z,65024.76,45.49,NEUTRAL,FLAT,YES,YES,5m,1.00,0.00,0.50,NEUTRAL,1.00,NORMAL,N/A,N/A,NO,⛔ ADX too high (98.59) - Market trending (EXTREME_TREND); Max ADX for entry: 6
2026-08-10T01:24:15.761Z,65030.98,48.48,NEUTRAL,FLAT,YES,YES,5m,1.00,0.00,0.50,NEUTRAL,1.00,NORMAL,N/A,N/A,NO,⛔ ADX too high (99.79) - Market trending (EXTREME_TREND); Max ADX for entry: 6
2026-08-10T01:24:25.782Z,65030.98,48.47,NEUTRAL,FLAT,YES,YES,30s,1.00,0.00,0.50,NEUTRAL,1.00,NORMAL,N/A,N/A,NO,⛔ ADX too high (100.00) - Market trending (EXTREME_TREND); Max ADX for entry: 6
2026-08-10T01:24:35.764Z,65036.00,50.66,NEUTRAL,FLAT,NO,NO,none,0.00,0.00,0.50,NEUTRAL,1.00,NORMAL,N/A,N/A,NO,⛔ ADX too high (99.51) - Market trending (EXTREME_TREND); Max ADX for entry: 6
2026-08-10T01:24:45.779Z,65042.00,53.04,NEUTRAL,FLAT,YES,YES,10s,1.00,0.00,0.50,NEUTRAL,1.00,NORMAL,N/A,N/A,NO,⛔ ADX too high (99.86) - Market trending (EXTREME_TREND); Max ADX for entry: 6
2026-08-10T01:24:55.762Z,65042.00,53.04,NEUTRAL,FLAT,YES,YES,30s,1.00,0.00,0.50,NEUTRAL,1.00,NORMAL,N/A,N/A,NO,⛔ ADX too high (73.24) - Market trending (STRONG_TREND); Max ADX for entry: 6
2026-08-10T01:25:05.779Z,65041.99,49.69,NEUTRAL,FLAT,YES,YES,30s,1.00,0.00,0.50,NEUTRAL,1.00,NORMAL,N/A,N/A,NO,⛔ ADX too high (100.00) - Market trending (EXTREME_TREND); Max ADX for entry: 6
2026-08-10T01:25:15.762Z,65041.99,49.69,NEUTRAL,FLAT,YES,YES,30s,1.00,0.00,0.50,NEUTRAL,1.00,NORMAL,N/A,N/A,NO,⛔ ADX too high (30.80) - Market trending (TRENDING); Max ADX for entry: 6
2026-08-10T01:25:25.779Z,65041.99,48.08,NEUTRAL,FLAT,YES,YES,30s,1.00,0.00,0.50,NEUTRAL,1.00,NORMAL,N/A,N/A,NO,⛔ ADX too high (61.24) - Market trending (STRONG_TREND); Max ADX for entry: 6
2026-08-10T01:25:35.777Z,65041.99,48.07,NEUTRAL,FLAT,YES,YES,1m,1.00,0.00,0.50,NEUTRAL,1.00,NORMAL,N/A,N/A,NO,⛔ ADX too high (62.77) - Market trending (STRONG_TREND); Max ADX for entry: 6
2026-08-10T01:25:45.779Z,65042.00,49.67,NEUTRAL,FLAT,YES,YES,30s,1.00,0.00,0.50,NEUTRAL,1.00,NORMAL,N/A,N/A,NO,⛔ ADX too high (51.37) - Market trending (STRONG_TREND); Max ADX for entry: 6
2026-08-10T01:25:55.765Z,65044.76,53.45,NEUTRAL,FLAT,NO,NO,none,0.00,0.00,0.50,NEUTRAL,1.00,NORMAL,N/A,N/A,NO,⛔ ADX too high (98.08) - Market trending (EXTREME_TREND); Max ADX for entry: 6
2026-08-10T01:26:05.781Z,65045.35,56.58,NEUTRAL,RISING,YES,YES,10s,1.00,0.00,0.50,NEUTRAL,1.00,NORMAL,N/A,N/A,NO,⛔ ADX too high (100.00) - Market trending (EXTREME_TREND); Max ADX for entry: 6
2026-08-10T01:26:15.765Z,65045.36,64.12,OVERBOUGHT,RISING,YES,YES,30s,1.00,0.00,0.50,NEUTRAL,1.00,NORMAL,N/A,N/A,NO,⛔ ADX too high (42.16) - Market trending (TRENDING); Max ADX for entry: 6
2026-08-10T01:26:25.781Z,65057.01,81.13,EXTREME_OVERBOUGHT,RISING,YES,YES,10s,1.00,0.00,0.50,NEUTRAL,1.00,NORMAL,N/A,N/A,NO,⛔ ADX too high (99.42) - Market trending (EXTREME_TREND); Max ADX for entry: 6
2026-08-10T01:26:35.777Z,65059.38,80.76,EXTREME_OVERBOUGHT,FLAT,YES,YES,30s,0.85,0.00,0.50,NEUTRAL,1.00,NORMAL,N/A,N/A,NO,⛔ ADX too high (99.40) - Market trending (EXTREME_TREND); Max ADX for entry: 6
2026-08-10T01:26:45.780Z,65069.99,82.25,EXTREME_OVERBOUGHT,FLAT,YES,YES,10s,1.00,0.00,0.50,NEUTRAL,1.00,NORMAL,N/A,N/A,NO,⛔ ADX too high (100.00) - Market trending (EXTREME_TREND); Max ADX for entry: 6
2026-08-10T01:26:55.781Z,65070.00,81.48,EXTREME_OVERBOUGHT,FLAT,YES,YES,10s,1.00,0.00,0.50,NEUTRAL,1.00,NORMAL,N/A,N/A,NO,⛔ ADX too high (95.49) - Market trending (EXTREME_TREND); Max ADX for entry: 6
2026-08-10T01:27:05.781Z,65064.01,72.57,EXTREME_OVERBOUGHT,FLAT,YES,YES,30s,1.00,0.00,0.50,NEUTRAL,1.00,NORMAL,N/A,N/A,NO,⛔ ADX too high (99.76) - Market trending (EXTREME_TREND); Max ADX for entry: 6
2026-08-10T01:27:15.765Z,65064.01,72.57,EXTREME_OVERBOUGHT,FLAT,YES,YES,30s,1.00,0.00,0.50,NEUTRAL,1.00,NORMAL,N/A,N/A,NO,⛔ ADX too high (97.77) - Market trending (EXTREME_TREND); Max ADX for entry: 6
2026-08-10T07:45:50.131Z,65331.99,58.38,NEUTRAL,FLAT,YES,YES,30s,1.00,0.00,0.50,NEUTRAL,1.00,NORMAL,48.03,TRENDING,NO,⛔ ADX too high (48.03) - Market trending (TRENDING); Max ADX for entry: 6
2026-08-10T07:46:00.100Z,65332.00,58.41,NEUTRAL,FLAT,YES,YES,1m,1.00,0.00,0.50,NEUTRAL,1.00,NORMAL,56.84,STRONG_TREND,NO,⛔ ADX too high (56.84) - Market trending (STRONG_TREND); Max ADX for entry: 6
2026-08-10T07:46:10.096Z,65331.99,58.85,NEUTRAL,FLAT,YES,YES,10s,1.00,0.00,0.50,NEUTRAL,1.00,NORMAL,51.94,STRONG_TREND,NO,⛔ ADX too high (51.94) - Market trending (STRONG_TREND); Max ADX for entry: 6
2026-08-10T07:46:20.096Z,65331.99,58.87,NEUTRAL,FLAT,YES,YES,30s,1.00,0.00,0.50,NEUTRAL,1.00,NORMAL,69.02,STRONG_TREND,NO,⛔ ADX too high (69.02) - Market trending (STRONG_TREND); Max ADX for entry: 6
2026-08-10T07:46:30.106Z,65327.25,51.55,NEUTRAL,FALLING,YES,YES,5m,1.00,0.00,0.50,NEUTRAL,1.00,NORMAL,96.31,EXTREME_TREND,NO,⛔ ADX too high (96.31) - Market trending (EXTREME_TREND); Max ADX for entry: 6
2026-08-10T07:46:40.098Z,65326.01,32.33,OVERSOLD,FLAT,YES,YES,10s,1.00,0.00,0.50,NEUTRAL,1.00,NORMAL,96.12,EXTREME_TREND,NO,⛔ ADX too high (96.12) - Market trending (EXTREME_TREND); Max ADX for entry: 6
2026-08-10T07:46:50.111Z,65318.95,26.05,EXTREME_OVERSOLD,FALLING,YES,YES,15m,1.00,0.00,0.50,NEUTRAL,1.00,NORMAL,99.74,EXTREME_TREND,NO,⛔ ADX too high (99.74) - Market trending (EXTREME_TREND); Max ADX for entry: 6
2026-08-10T07:47:00.095Z,65312.00,21.85,EXTREME_OVERSOLD,FALLING,YES,YES,1h,1.00,0.00,0.50,NEUTRAL,1.00,NORMAL,99.36,EXTREME_TREND,NO,⛔ ADX too high (99.36) - Market trending (EXTREME_TREND); Max ADX for entry: 6
2026-08-10T07:47:10.110Z,65303.25,18.15,EXTREME_OVERSOLD,FALLING,YES,YES,10s,1.00,0.00,0.50,NEUTRAL,1.00,NORMAL,99.74,EXTREME_TREND,NO,⛔ ADX too high (99.74) - Market trending (EXTREME_TREND); Max ADX for entry: 6
2026-08-10T07:47:20.114Z,65303.24,18.13,EXTREME_OVERSOLD,FLAT,YES,YES,30s,1.00,0.00,0.50,NEUTRAL,1.00,NORMAL,99.27,EXTREME_TREND,NO,⛔ ADX too high (99.27) - Market trending (EXTREME_TREND); Max ADX for entry: 6
2026-08-10T07:47:30.100Z,65300.00,19.28,EXTREME_OVERSOLD,FLAT,YES,YES,10s,1.00,0.00,0.50,NEUTRAL,1.00,NORMAL,98.89,EXTREME_TREND,NO,⛔ ADX too high (98.89) - Market trending (EXTREME_TREND); Max ADX for entry: 6
2026-08-10T07:47:40.100Z,65299.10,21.05,EXTREME_OVERSOLD,FLAT,YES,YES,10s,1.00,0.00,0.50,NEUTRAL,1.00,NORMAL,84.18,EXTREME_TREND,NO,⛔ ADX too high (84.18) - Market trending (EXTREME_TREND); Max ADX for entry: 6
2026-08-10T07:47:50.109Z,65299.09,21.06,EXTREME_OVERSOLD,FLAT,YES,YES,30s,1.00,0.00,0.50,NEUTRAL,1.00,NORMAL,98.71,EXTREME_TREND,NO,⛔ ADX too high (98.71) - Market trending (EXTREME_TREND); Max ADX for entry: 6
2026-08-10T07:48:00.098Z,65299.10,21.07,EXTREME_OVERSOLD,FLAT,YES,YES,30s,1.00,0.00,0.50,NEUTRAL,1.00,NORMAL,51.63,STRONG_TREND,NO,⛔ ADX too high (51.63) - Market trending (STRONG_TREND); Max ADX for entry: 6
2026-08-10T07:48:10.098Z,65299.10,21.06,EXTREME_OVERSOLD,FLAT,YES,YES,1m,1.00,0.00,0.50,NEUTRAL,1.00,NORMAL,7.45,RANGING,NO,⛔ ADX too high (7.45) - Market trending (RANGING); Max ADX for entry: 6
2026-08-10T07:48:20.100Z,65303.25,22.97,EXTREME_OVERSOLD,RISING,YES,YES,5m,1.00,0.00,0.50,NEUTRAL,1.00,NORMAL,96.66,EXTREME_TREND,NO,⛔ ADX too high (96.66) - Market trending (EXTREME_TREND); Max ADX for entry: 6
2026-08-10T07:48:30.110Z,65303.25,22.95,EXTREME_OVERSOLD,FLAT,YES,YES,30s,1.00,0.00,0.50,NEUTRAL,1.00,NORMAL,99.49,EXTREME_TREND,NO,⛔ ADX too high (99.49) - Market trending (EXTREME_TREND); Max ADX for entry: 6
2026-08-10T07:48:40.107Z,65294.63,19.33,EXTREME_OVERSOLD,FALLING,YES,YES,1h,1.00,0.00,0.50,NEUTRAL,1.00,NORMAL,16.92,RANGING,NO,⛔ ADX too high (16.92) - Market trending (RANGING); Max ADX for entry: 6
2026-08-10T07:48:50.113Z,65290.02,17.81,EXTREME_OVERSOLD,FALLING,YES,YES,1h,1.00,0.00,0.50,NEUTRAL,1.00,NORMAL,99.18,EXTREME_TREND,NO,⛔ ADX too high (99.18) - Market trending (EXTREME_TREND); Max ADX for entry: 6
2026-08-10T07:49:00.113Z,65290.01,17.79,EXTREME_OVERSOLD,FLAT,YES,YES,30s,1.00,0.00,0.50,NEUTRAL,1.00,NORMAL,99.68,EXTREME_TREND,NO,⛔ ADX too high (99.68) - Market trending (EXTREME_TREND); Max ADX for entry: 6
2026-08-10T07:49:10.098Z,65281.19,15.88,EXTREME_OVERSOLD,FLAT,YES,YES,10s,1.00,0.00,0.50,NEUTRAL,1.00,NORMAL,99.48,EXTREME_TREND,NO,⛔ ADX too high (99.48) - Market trending (EXTREME_TREND); Max ADX for entry: 6
2026-08-10T07:49:20.111Z,65275.77,14.67,EXTREME_OVERSOLD,FLAT,YES,YES,1h,1.00,0.00,0.50,NEUTRAL,1.00,NORMAL,98.58,EXTREME_TREND,NO,⛔ ADX too high (98.58) - Market trending (EXTREME_TREND); Max ADX for entry: 6
2026-08-10T07:49:30.103Z,65274.23,14.36,EXTREME_OVERSOLD,FLAT,YES,YES,10s,1.00,0.00,0.50,NEUTRAL,1.00,NORMAL,99.82,EXTREME_TREND,NO,⛔ ADX too high (99.82) - Market trending (EXTREME_TREND); Max ADX for entry: 6
2026-08-10T07:49:40.100Z,65265.71,12.85,EXTREME_OVERSOLD,FLAT,YES,YES,10s,1.00,0.00,0.50,NEUTRAL,1.00,NORMAL,99.71,EXTREME_TREND,NO,⛔ ADX too high (99.71) - Market trending (EXTREME_TREND); Max ADX for entry: 6
2026-08-10T07:49:50.102Z,65253.36,11.15,EXTREME_OVERSOLD,FLAT,YES,YES,1h,1.00,0.00,0.50,NEUTRAL,1.00,NORMAL,99.63,EXTREME_TREND,NO,⛔ ADX too high (99.63) - Market trending (EXTREME_TREND); Max ADX for entry: 6
2026-08-10T07:50:00.114Z,65243.25,10.07,EXTREME_OVERSOLD,FLAT,NO,NO,none,0.00,0.00,0.50,NEUTRAL,1.00,NORMAL,99.83,EXTREME_TREND,NO,⛔ ADX too high (99.83) - Market trending (EXTREME_TREND); Max ADX for entry: 6
2026-08-10T07:50:10.113Z,65240.00,9.78,EXTREME_OVERSOLD,FLAT,YES,YES,10s,1.00,0.00,0.50,NEUTRAL,1.00,NORMAL,99.47,EXTREME_TREND,NO,⛔ ADX too high (99.47) - Market trending (EXTREME_TREND); Max ADX for entry: 6
2026-08-10T07:50:20.101Z,65251.60,14.43,EXTREME_OVERSOLD,RISING,YES,YES,10s,1.00,0.00,0.50,NEUTRAL,1.00,NORMAL,83.09,EXTREME_TREND,NO,⛔ ADX too high (83.09) - Market trending (EXTREME_TREND); Max ADX for entry: 6
2026-08-10T07:50:30.114Z,65251.42,14.40,EXTREME_OVERSOLD,FLAT,YES,YES,10s,1.00,0.00,0.50,NEUTRAL,1.00,NORMAL,93.54,EXTREME_TREND,NO,⛔ ADX too high (93.54) - Market trending (EXTREME_TREND); Max ADX for entry: 6
2026-08-10T07:50:40.116Z,65251.43,14.40,EXTREME_OVERSOLD,FLAT,YES,YES,30s,1.00,0.00,0.50,NEUTRAL,1.00,NORMAL,85.76,EXTREME_TREND,NO,⛔ ADX too high (85.76) - Market trending (EXTREME_TREND); Max ADX for entry: 6
2026-08-10T07:50:50.113Z,65251.42,14.40,EXTREME_OVERSOLD,FLAT,YES,YES,10s,1.00,0.00,0.50,NEUTRAL,1.00,NORMAL,21.26,TRANSITION,NO,⛔ ADX too high (21.26) - Market trending (TRANSITION); Max ADX for entry: 6
2026-08-10T07:51:00.103Z,65251.43,14.40,EXTREME_OVERSOLD,FLAT,YES,YES,10s,1.00,0.00,0.50,NEUTRAL,1.00,NORMAL,50.17,STRONG_TREND,NO,⛔ ADX too high (50.17) - Market trending (STRONG_TREND); Max ADX for entry: 6
2026-08-10T07:51:10.115Z,65243.08,13.41,EXTREME_OVERSOLD,FLAT,YES,YES,1m,1.00,0.00,0.50,NEUTRAL,1.00,NORMAL,96.32,EXTREME_TREND,NO,⛔ ADX too high (96.32) - Market trending (EXTREME_TREND); Max ADX for entry: 6
2026-08-10T07:51:20.117Z,65243.07,13.39,EXTREME_OVERSOLD,FLAT,YES,YES,30s,1.00,0.00,0.50,NEUTRAL,1.00,NORMAL,99.59,EXTREME_TREND,NO,⛔ ADX too high (99.59) - Market trending (EXTREME_TREND); Max ADX for entry: 6
2026-08-10T07:51:30.104Z,65242.64,13.88,EXTREME_OVERSOLD,FLAT,YES,YES,10s,1.00,0.00,0.50,NEUTRAL,1.00,NORMAL,94.60,EXTREME_TREND,NO,⛔ ADX too high (94.60) - Market trending (EXTREME_TREND); Max ADX for entry: 6
2026-08-10T07:51:40.105Z,65242.65,14.16,EXTREME_OVERSOLD,FLAT,YES,YES,30s,1.00,0.00,0.50,NEUTRAL,1.00,NORMAL,83.30,EXTREME_TREND,NO,⛔ ADX too high (83.30) - Market trending (EXTREME_TREND); Max ADX for entry: 6
2026-08-10T07:51:50.115Z,65242.64,14.95,EXTREME_OVERSOLD,FLAT,YES,YES,30s,1.00,0.00,0.50,NEUTRAL,1.00,NORMAL,22.83,TRANSITION,NO,⛔ ADX too high (22.83) - Market trending (TRANSITION); Max ADX for entry: 6
2026-08-10T07:52:00.104Z,65239.12,15.43,EXTREME_OVERSOLD,FLAT,YES,YES,10s,1.00,0.00,0.50,NEUTRAL,1.00,NORMAL,99.26,EXTREME_TREND,NO,⛔ ADX too high (99.26) - Market trending (EXTREME_TREND); Max ADX for entry: 6
2026-08-10T07:52:10.116Z,65231.71,15.63,EXTREME_OVERSOLD,FLAT,NO,NO,none,0.00,0.00,0.50,NEUTRAL,1.00,NORMAL,99.48,EXTREME_TREND,NO,⛔ ADX too high (99.48) - Market trending (EXTREME_TREND); Max ADX for entry: 6
2026-08-10T07:52:20.591Z,65222.91,14.42,EXTREME_OVERSOLD,FLAT,NO,NO,none,0.00,0.00,0.50,NEUTRAL,1.00,NORMAL,99.85,EXTREME_TREND,NO,⛔ ADX too high (99.85) - Market trending (EXTREME_TREND); Max ADX for entry: 6
2026-08-10T07:52:30.104Z,65222.92,14.86,EXTREME_OVERSOLD,FLAT,YES,YES,30s,1.00,0.00,0.50,NEUTRAL,1.00,NORMAL,99.70,EXTREME_TREND,NO,⛔ ADX too high (99.70) - Market trending (EXTREME_TREND); Max ADX for entry: 6
2026-08-10T07:52:40.120Z,65220.02,14.57,EXTREME_OVERSOLD,FLAT,YES,YES,10s,1.00,0.00,0.50,NEUTRAL,1.00,NORMAL,99.48,EXTREME_TREND,NO,⛔ ADX too high (99.48) - Market trending (EXTREME_TREND); Max ADX for entry: 6
2026-08-10T07:52:50.116Z,65218.00,14.30,EXTREME_OVERSOLD,FLAT,YES,YES,10s,1.00,0.00,0.50,NEUTRAL,1.00,NORMAL,99.80,EXTREME_TREND,NO,⛔ ADX too high (99.80) - Market trending (EXTREME_TREND); Max ADX for entry: 6
2026-08-10T07:53:00.106Z,65218.00,14.30,EXTREME_OVERSOLD,FLAT,YES,YES,30s,1.00,0.00,0.50,NEUTRAL,1.00,NORMAL,95.28,EXTREME_TREND,NO,⛔ ADX too high (95.28) - Market trending (EXTREME_TREND); Max ADX for entry: 6
2026-08-10T07:53:10.102Z,65218.00,14.29,EXTREME_OVERSOLD,FLAT,YES,YES,30s,1.00,0.00,0.50,NEUTRAL,1.00,NORMAL,11.07,RANGING,NO,⛔ ADX too high (11.07) - Market trending (RANGING); Max ADX for entry: 6
2026-08-10T07:53:20.103Z,65217.72,11.02,EXTREME_OVERSOLD,FALLING,YES,YES,5m,1.00,0.00,0.50,NEUTRAL,1.00,NORMAL,31.81,TRENDING,NO,⛔ ADX too high (31.81) - Market trending (TRENDING); Max ADX for entry: 6
2026-08-10T07:53:30.102Z,65213.46,10.61,EXTREME_OVERSOLD,FLAT,NO,NO,none,0.00,0.00,0.50,NEUTRAL,1.00,NORMAL,90.71,EXTREME_TREND,NO,⛔ ADX too high (90.71) - Market trending (EXTREME_TREND); Max ADX for entry: 6
2026-08-10T07:53:40.104Z,65213.45,11.47,EXTREME_OVERSOLD,FLAT,YES,YES,30s,1.00,0.00,0.50,NEUTRAL,1.00,NORMAL,99.47,EXTREME_TREND,NO,⛔ ADX too high (99.47) - Market trending (EXTREME_TREND); Max ADX for entry: 6
2026-08-10T07:53:50.103Z,65213.45,12.00,EXTREME_OVERSOLD,FLAT,YES,YES,10s,1.00,0.00,0.50,NEUTRAL,1.00,NORMAL,21.79,TRANSITION,NO,⛔ ADX too high (21.79) - Market trending (TRANSITION); Max ADX for entry: 6
2026-08-10T07:54:00.104Z,65207.85,11.36,EXTREME_OVERSOLD,FLAT,YES,YES,10s,0.71,0.00,0.50,NEUTRAL,1.00,NORMAL,99.70,EXTREME_TREND,NO,⛔ ADX too high (99.70) - Market trending (EXTREME_TREND); Max ADX for entry: 6
2026-08-10T07:54:10.105Z,65204.09,11.99,EXTREME_OVERSOLD,FLAT,YES,YES,10s,1.00,0.00,0.50,NEUTRAL,1.00,NORMAL,99.35,EXTREME_TREND,NO,⛔ ADX too high (99.35) - Market trending (EXTREME_TREND); Max ADX for entry: 6
2026-08-10T07:54:20.116Z,65204.09,12.61,EXTREME_OVERSOLD,FLAT,YES,YES,10s,1.00,0.00,0.50,NEUTRAL,1.00,NORMAL,24.51,TRANSITION,NO,⛔ ADX too high (24.51) - Market trending (TRANSITION); Max ADX for entry: 6
2026-08-10T07:54:30.106Z,65204.09,13.03,EXTREME_OVERSOLD,FLAT,YES,YES,30s,1.00,0.00,0.50,NEUTRAL,1.00,NORMAL,53.27,STRONG_TREND,NO,⛔ ADX too high (53.27) - Market trending (STRONG_TREND); Max ADX for entry: 6
2026-08-10T07:54:40.102Z,65204.10,14.12,EXTREME_OVERSOLD,FLAT,YES,YES,1m,1.00,0.00,0.50,NEUTRAL,1.00,NORMAL,45.48,TRENDING,NO,⛔ ADX too high (45.48) - Market trending (TRENDING); Max ADX for entry: 6
2026-08-10T07:54:50.116Z,65204.10,16.49,EXTREME_OVERSOLD,FLAT,YES,YES,1m,1.00,0.00,0.50,NEUTRAL,1.00,NORMAL,43.59,TRENDING,NO,⛔ ADX too high (43.59) - Market trending (TRENDING); Max ADX for entry: 6
2026-08-10T07:55:00.106Z,65204.09,19.10,EXTREME_OVERSOLD,RISING,YES,YES,10s,1.00,0.00,0.50,NEUTRAL,1.00,NORMAL,76.25,EXTREME_TREND,NO,⛔ ADX too high (76.25) - Market trending (EXTREME_TREND); Max ADX for entry: 6
2026-08-10T07:55:10.109Z,65204.10,20.14,EXTREME_OVERSOLD,FLAT,YES,YES,5m,1.00,0.00,0.50,NEUTRAL,1.00,NORMAL,63.99,STRONG_TREND,NO,⛔ ADX too high (63.99) - Market trending (STRONG_TREND); Max ADX for entry: 6
2026-08-10T07:55:20.104Z,65203.63,1.02,EXTREME_OVERSOLD,FLAT,YES,YES,5m,0.83,0.00,0.50,NEUTRAL,1.00,NORMAL,48.33,TRENDING,NO,⛔ ADX too high (48.33) - Market trending (TRENDING); Max ADX for entry: 6
2026-08-10T07:55:30.109Z,65204.10,4.81,EXTREME_OVERSOLD,RISING,YES,YES,5m,1.00,0.00,0.50,NEUTRAL,1.00,NORMAL,99.35,EXTREME_TREND,NO,⛔ ADX too high (99.35) - Market trending (EXTREME_TREND); Max ADX for entry: 6
2026-08-10T07:55:40.111Z,65204.09,4.78,EXTREME_OVERSOLD,FLAT,YES,YES,10s,1.00,0.00,0.50,NEUTRAL,1.00,NORMAL,90.13,EXTREME_TREND,NO,⛔ ADX too high (90.13) - Market trending (EXTREME_TREND); Max ADX for entry: 6
2026-08-10T07:55:50.122Z,65204.10,4.81,EXTREME_OVERSOLD,FLAT,YES,YES,10s,1.00,0.00,0.50,NEUTRAL,1.00,NORMAL,13.99,RANGING,NO,⛔ ADX too high (13.99) - Market trending (RANGING); Max ADX for entry: 6
2026-08-10T07:56:00.109Z,65204.10,4.81,EXTREME_OVERSOLD,FLAT,YES,YES,5m,1.00,0.00,0.50,NEUTRAL,1.00,NORMAL,40.72,TRENDING,NO,⛔ ADX too high (40.72) - Market trending (TRENDING); Max ADX for entry: 6
2026-08-10T07:56:10.107Z,65204.09,5.76,EXTREME_OVERSOLD,FLAT,YES,YES,10s,1.00,0.00,0.50,NEUTRAL,1.00,NORMAL,60.17,STRONG_TREND,NO,⛔ ADX too high (60.17) - Market trending (STRONG_TREND); Max ADX for entry: 6
2026-08-10T07:56:20.108Z,65204.09,5.78,EXTREME_OVERSOLD,FLAT,YES,YES,1m,1.00,0.00,0.50,NEUTRAL,1.00,NORMAL,44.56,TRENDING,NO,⛔ ADX too high (44.56) - Market trending (TRENDING); Max ADX for entry: 6
2026-08-10T15:58:11.406Z,64281.19,45.81,NEUTRAL,FLAT,YES,YES,10s,1.00,0.00,0.50,NEUTRAL,1.00,NORMAL,98.24,EXTREME_TREND,NO,⛔ ADX too high (98.24) - Market trending (EXTREME_TREND); Max ADX for entry: 6
2026-08-10T15:58:21.392Z,64281.19,46.54,NEUTRAL,FLAT,YES,YES,30s,1.00,0.00,0.50,NEUTRAL,1.00,NORMAL,89.83,EXTREME_TREND,NO,⛔ ADX too high (89.83) - Market trending (EXTREME_TREND); Max ADX for entry: 6
2026-08-10T15:58:31.393Z,64282.88,52.97,NEUTRAL,RISING,YES,YES,10s,1.00,0.00,0.50,NEUTRAL,1.00,NORMAL,98.16,EXTREME_TREND,NO,⛔ ADX too high (98.16) - Market trending (EXTREME_TREND); Max ADX for entry: 6
2026-08-10T15:58:41.408Z,64282.88,65.44,OVERBOUGHT,RISING,YES,YES,10s,1.00,0.00,0.50,NEUTRAL,1.00,NORMAL,94.54,EXTREME_TREND,NO,⛔ ADX too high (94.54) - Market trending (EXTREME_TREND); Max ADX for entry: 6
2026-08-10T15:58:51.407Z,64282.88,67.93,OVERBOUGHT,FALLING,YES,YES,30s,1.00,0.00,0.50,NEUTRAL,1.00,NORMAL,6.18,RANGING,NO,⛔ ADX too high (6.18) - Market trending (RANGING); Max ADX for entry: 6
2026-08-10T15:59:01.405Z,64282.89,69.40,OVERBOUGHT,RISING,YES,YES,10s,1.00,0.00,0.50,NEUTRAL,1.00,NORMAL,69.03,STRONG_TREND,NO,⛔ ADX too high (69.03) - Market trending (STRONG_TREND); Max ADX for entry: 6
2026-08-10T15:59:11.405Z,64283.99,70.53,EXTREME_OVERBOUGHT,FLAT,YES,YES,15m,1.00,0.00,0.50,NEUTRAL,1.00,NORMAL,66.40,STRONG_TREND,NO,⛔ ADX too high (66.40) - Market trending (STRONG_TREND); Max ADX for entry: 6
2026-08-10T15:59:21.390Z,64284.00,69.42,OVERBOUGHT,FLAT,YES,YES,30s,1.00,0.00,0.50,NEUTRAL,1.00,NORMAL,80.53,EXTREME_TREND,NO,⛔ ADX too high (80.53) - Market trending (EXTREME_TREND); Max ADX for entry: 6
2026-08-10T15:59:31.392Z,64299.41,69.70,OVERBOUGHT,FLAT,YES,YES,15m,1.00,0.00,0.50,NEUTRAL,1.00,NORMAL,99.36,EXTREME_TREND,NO,⛔ ADX too high (99.36) - Market trending (EXTREME_TREND); Max ADX for entry: 6
2026-08-10T15:59:41.406Z,64299.41,69.71,OVERBOUGHT,FLAT,YES,YES,30s,1.00,0.00,0.50,NEUTRAL,1.00,NORMAL,100.00,EXTREME_TREND,NO,⛔ ADX too high (100.00) - Market trending (EXTREME_TREND); Max ADX for entry: 6
2026-08-10T15:59:51.407Z,64299.40,69.70,OVERBOUGHT,FLAT,YES,YES,10s,1.00,0.00,0.50,NEUTRAL,1.00,NORMAL,21.40,TRANSITION,NO,⛔ ADX too high (21.40) - Market trending (TRANSITION); Max ADX for entry: 6
2026-08-10T16:00:01.408Z,64299.99,69.82,OVERBOUGHT,FLAT,YES,YES,10s,1.00,0.00,0.50,NEUTRAL,1.00,NORMAL,72.00,STRONG_TREND,NO,⛔ ADX too high (72.00) - Market trending (STRONG_TREND); Max ADX for entry: 6
2026-08-10T16:00:11.393Z,64209.13,45.45,NEUTRAL,FALLING,YES,YES,10s,1.00,0.00,0.50,NEUTRAL,1.00,NORMAL,99.99,EXTREME_TREND,NO,⛔ ADX too high (99.99) - Market trending (EXTREME_TREND); Max ADX for entry: 6
2026-08-10T16:00:21.404Z,64223.83,48.25,NEUTRAL,RISING,YES,YES,10s,1.00,0.00,0.50,NEUTRAL,1.00,NORMAL,63.46,STRONG_TREND,NO,⛔ ADX too high (63.46) - Market trending (STRONG_TREND); Max ADX for entry: 6
2026-08-10T16:00:31.406Z,64227.61,48.95,NEUTRAL,FLAT,YES,YES,30s,1.00,0.00,0.50,NEUTRAL,1.00,NORMAL,34.41,TRENDING,NO,⛔ ADX too high (34.41) - Market trending (TRENDING); Max ADX for entry: 6
2026-08-10T16:00:41.390Z,64243.53,51.41,NEUTRAL,FLAT,YES,YES,1m,1.00,0.00,0.50,NEUTRAL,1.00,NORMAL,12.81,RANGING,NO,⛔ ADX too high (12.81) - Market trending (RANGING); Max ADX for entry: 6
2026-08-10T16:00:51.406Z,64260.00,53.71,NEUTRAL,FLAT,YES,YES,1m,1.00,0.00,0.50,NEUTRAL,1.00,NORMAL,99.82,EXTREME_TREND,NO,⛔ ADX too high (99.82) - Market trending (EXTREME_TREND); Max ADX for entry: 6
2026-08-10T16:01:01.399Z,64260.00,57.42,NEUTRAL,FLAT,YES,YES,10s,1.00,0.00,0.50,NEUTRAL,1.00,NORMAL,98.01,EXTREME_TREND,NO,⛔ ADX too high (98.01) - Market trending (EXTREME_TREND); Max ADX for entry: 6
2026-08-10T16:01:11.406Z,64238.07,51.20,NEUTRAL,FALLING,YES,YES,1m,1.00,0.00,0.50,NEUTRAL,1.00,NORMAL,98.76,EXTREME_TREND,NO,⛔ ADX too high (98.76) - Market trending (EXTREME_TREND); Max ADX for entry: 6
2026-08-10T16:01:21.402Z,64257.04,51.09,NEUTRAL,FALLING,YES,YES,10s,1.00,0.00,0.50,NEUTRAL,1.00,NORMAL,7.79,RANGING,NO,⛔ ADX too high (7.79) - Market trending (RANGING); Max ADX for entry: 6
2026-08-10T16:01:31.407Z,64249.61,51.85,NEUTRAL,RISING,YES,YES,30s,1.00,0.00,0.50,NEUTRAL,1.00,NORMAL,58.77,STRONG_TREND,NO,⛔ ADX too high (58.77) - Market trending (STRONG_TREND); Max ADX for entry: 6
2026-08-10T16:01:41.404Z,64262.00,53.52,NEUTRAL,FLAT,YES,YES,15m,1.00,0.00,0.50,NEUTRAL,1.00,NORMAL,27.64,TRENDING,NO,⛔ ADX too high (27.64) - Market trending (TRENDING); Max ADX for entry: 6
2026-08-10T16:01:51.404Z,64287.99,56.68,NEUTRAL,RISING,YES,YES,15m,1.00,0.00,0.50,NEUTRAL,1.00,NORMAL,99.93,EXTREME_TREND,NO,⛔ ADX too high (99.93) - Market trending (EXTREME_TREND); Max ADX for entry: 6
2026-08-10T16:02:01.393Z,64299.99,56.32,NEUTRAL,FLAT,YES,YES,15m,1.00,0.00,0.50,NEUTRAL,1.00,NORMAL,99.47,EXTREME_TREND,NO,⛔ ADX too high (99.47) - Market trending (EXTREME_TREND); Max ADX for entry: 6
2026-08-10T16:02:11.393Z,64297.80,53.24,NEUTRAL,FLAT,YES,YES,15m,1.00,0.00,0.50,NEUTRAL,1.00,NORMAL,18.55,RANGING,NO,⛔ ADX too high (18.55) - Market trending (RANGING); Max ADX for entry: 6
2026-08-10T16:02:21.394Z,64296.00,52.82,NEUTRAL,FALLING,YES,YES,30s,1.00,0.00,0.50,NEUTRAL,1.00,NORMAL,95.36,EXTREME_TREND,NO,⛔ ADX too high (95.36) - Market trending (EXTREME_TREND); Max ADX for entry: 6
2026-08-10T16:02:31.393Z,64284.87,49.68,NEUTRAL,FLAT,YES,YES,1m,1.00,0.00,0.50,NEUTRAL,1.00,NORMAL,25.86,TRENDING,NO,⛔ ADX too high (25.86) - Market trending (TRENDING); Max ADX for entry: 6
2026-08-10T16:02:41.392Z,64286.00,50.93,NEUTRAL,FLAT,YES,YES,30s,1.00,0.00,0.50,NEUTRAL,1.00,NORMAL,24.46,TRANSITION,NO,⛔ ADX too high (24.46) - Market trending (TRANSITION); Max ADX for entry: 6
2026-08-10T16:02:51.392Z,64301.10,52.68,NEUTRAL,RISING,YES,YES,15m,1.00,0.00,0.50,NEUTRAL,1.00,NORMAL,29.09,TRENDING,NO,⛔ ADX too high (29.09) - Market trending (TRENDING); Max ADX for entry: 6
2026-08-10T16:03:01.403Z,64313.87,54.06,NEUTRAL,FLAT,YES,YES,15m,1.00,0.00,0.50,NEUTRAL,1.00,NORMAL,98.42,EXTREME_TREND,NO,⛔ ADX too high (98.42) - Market trending (EXTREME_TREND); Max ADX for entry: 6
2026-08-10T16:03:11.408Z,64306.00,52.80,NEUTRAL,FLAT,YES,YES,30s,1.00,0.00,0.50,NEUTRAL,1.00,NORMAL,98.17,EXTREME_TREND,NO,⛔ ADX too high (98.17) - Market trending (EXTREME_TREND); Max ADX for entry: 6
2026-08-10T16:03:21.393Z,64308.00,53.01,NEUTRAL,FLAT,YES,YES,1h,1.00,0.00,0.50,NEUTRAL,1.00,NORMAL,99.20,EXTREME_TREND,NO,⛔ ADX too high (99.20) - Market trending (EXTREME_TREND); Max ADX for entry: 6
2026-08-10T16:03:31.399Z,64315.21,53.51,NEUTRAL,FLAT,YES,YES,1h,1.00,0.00,0.50,NEUTRAL,1.00,NORMAL,97.18,EXTREME_TREND,NO,⛔ ADX too high (97.18) - Market trending (EXTREME_TREND); Max ADX for entry: 6
2026-08-10T16:03:41.399Z,64319.07,53.90,NEUTRAL,FLAT,YES,YES,10s,1.00,0.00,0.50,NEUTRAL,1.00,NORMAL,54.84,STRONG_TREND,NO,⛔ ADX too high (54.84) - Market trending (STRONG_TREND); Max ADX for entry: 6
2026-08-10T16:03:51.410Z,64323.99,54.38,NEUTRAL,FLAT,YES,YES,1h,1.00,0.00,0.50,NEUTRAL,1.00,NORMAL,96.55,EXTREME_TREND,NO,⛔ ADX too high (96.55) - Market trending (EXTREME_TREND); Max ADX for entry: 6
2026-08-10T16:04:01.397Z,64335.41,55.46,NEUTRAL,FLAT,YES,YES,1h,1.00,0.00,0.50,NEUTRAL,1.00,NORMAL,99.95,EXTREME_TREND,NO,⛔ ADX too high (99.95) - Market trending (EXTREME_TREND); Max ADX for entry: 6
2026-08-10T16:04:11.395Z,64326.01,54.30,NEUTRAL,FLAT,YES,YES,30s,1.00,0.75,0.50,NEUTRAL,1.00,NORMAL,2.38,RANGING,NO,RSI neutral (54.3)
2026-08-10T16:04:21.400Z,64320.01,53.49,NEUTRAL,FLAT,YES,YES,10s,1.00,0.00,0.50,NEUTRAL,1.00,NORMAL,99.45,EXTREME_TREND,NO,⛔ ADX too high (99.45) - Market trending (EXTREME_TREND); Max ADX for entry: 6
2026-08-10T16:04:31.397Z,64320.01,52.15,NEUTRAL,FLAT,YES,YES,30s,1.00,0.00,0.50,NEUTRAL,1.00,NORMAL,99.84,EXTREME_TREND,NO,⛔ ADX too high (99.84) - Market trending (EXTREME_TREND); Max ADX for entry: 6
2026-08-10T16:04:41.398Z,64318.76,52.01,NEUTRAL,FLAT,YES,YES,10s,1.00,0.00,0.50,NEUTRAL,1.00,NORMAL,99.16,EXTREME_TREND,NO,⛔ ADX too high (99.16) - Market trending (EXTREME_TREND); Max ADX for entry: 6
2026-08-10T16:04:51.874Z,64326.66,52.73,NEUTRAL,FLAT,YES,YES,1h,1.00,0.00,0.50,NEUTRAL,1.00,NORMAL,91.59,EXTREME_TREND,NO,⛔ ADX too high (91.59) - Market trending (EXTREME_TREND); Max ADX for entry: 6
2026-08-10T16:05:01.402Z,64337.99,55.36,NEUTRAL,RISING,YES,YES,1h,1.00,0.00,0.50,NEUTRAL,1.00,NORMAL,99.72,EXTREME_TREND,NO,⛔ ADX too high (99.72) - Market trending (EXTREME_TREND); Max ADX for entry: 6
2026-08-10T16:05:11.414Z,64339.99,66.44,OVERBOUGHT,RISING,YES,YES,30s,1.00,0.00,0.50,NEUTRAL,1.00,NORMAL,100.00,EXTREME_TREND,NO,⛔ ADX too high (100.00) - Market trending (EXTREME_TREND); Max ADX for entry: 6
2026-08-10T16:05:21.401Z,64342.00,66.20,OVERBOUGHT,FLAT,YES,YES,1h,1.00,0.00,0.50,NEUTRAL,1.00,NORMAL,31.11,TRENDING,NO,⛔ ADX too high (31.11) - Market trending (TRENDING); Max ADX for entry: 6
2026-08-10T16:05:31.414Z,64343.44,65.27,OVERBOUGHT,FALLING,YES,YES,30s,1.00,0.00,0.50,NEUTRAL,1.00,NORMAL,38.99,TRENDING,NO,⛔ ADX too high (38.99) - Market trending (TRENDING); Max ADX for entry: 6
2026-08-10T16:05:41.413Z,64354.00,64.20,OVERBOUGHT,FALLING,YES,YES,10s,1.00,0.00,0.50,NEUTRAL,1.00,NORMAL,99.45,EXTREME_TREND,NO,⛔ ADX too high (99.45) - Market trending (EXTREME_TREND); Max ADX for entry: 6
2026-08-10T16:05:51.417Z,64351.42,63.33,OVERBOUGHT,FLAT,YES,YES,30s,1.00,0.00,0.50,NEUTRAL,1.00,NORMAL,99.43,EXTREME_TREND,NO,⛔ ADX too high (99.43) - Market trending (EXTREME_TREND); Max ADX for entry: 6
2026-08-10T16:06:01.401Z,64345.08,62.18,OVERBOUGHT,FLAT,YES,YES,30s,1.00,0.00,0.50,NEUTRAL,1.00,NORMAL,98.73,EXTREME_TREND,NO,⛔ ADX too high (98.73) - Market trending (EXTREME_TREND); Max ADX for entry: 6
2026-08-10T16:06:11.420Z,64344.82,67.01,OVERBOUGHT,RISING,YES,YES,10s,1.00,0.00,0.50,NEUTRAL,1.00,NORMAL,99.52,EXTREME_TREND,NO,⛔ ADX too high (99.52) - Market trending (EXTREME_TREND); Max ADX for entry: 6
2026-08-10T16:06:21.416Z,64347.36,67.85,OVERBOUGHT,RISING,YES,YES,30s,1.00,0.00,0.50,NEUTRAL,1.00,NORMAL,86.33,EXTREME_TREND,NO,⛔ ADX too high (86.33) - Market trending (EXTREME_TREND); Max ADX for entry: 6
2026-08-10T16:06:31.421Z,64347.36,67.67,OVERBOUGHT,FLAT,YES,YES,30s,1.00,0.00,0.50,NEUTRAL,1.00,NORMAL,97.37,EXTREME_TREND,NO,⛔ ADX too high (97.37) - Market trending (EXTREME_TREND); Max ADX for entry: 6
2026-08-10T16:06:41.414Z,64347.36,66.16,OVERBOUGHT,FLAT,YES,YES,30s,1.00,0.00,0.50,NEUTRAL,1.00,NORMAL,68.31,STRONG_TREND,NO,⛔ ADX too high (68.31) - Market trending (STRONG_TREND); Max ADX for entry: 6
2026-08-10T16:06:51.419Z,64347.35,62.46,OVERBOUGHT,FALLING,YES,YES,1m,1.00,0.00,0.50,NEUTRAL,1.00,NORMAL,69.89,STRONG_TREND,NO,⛔ ADX too high (69.89) - Market trending (STRONG_TREND); Max ADX for entry: 6
2026-08-10T16:07:01.407Z,64347.98,62.22,OVERBOUGHT,FLAT,YES,YES,1h,1.00,0.00,0.50,NEUTRAL,1.00,NORMAL,72.51,STRONG_TREND,NO,⛔ ADX too high (72.51) - Market trending (STRONG_TREND); Max ADX for entry: 6
2026-08-10T16:07:11.424Z,64347.98,61.56,OVERBOUGHT,FLAT,YES,YES,30s,1.00,0.00,0.50,NEUTRAL,1.00,NORMAL,93.23,EXTREME_TREND,NO,⛔ ADX too high (93.23) - Market trending (EXTREME_TREND); Max ADX for entry: 6
2026-08-10T16:07:21.421Z,64347.98,63.34,OVERBOUGHT,RISING,YES,YES,30s,1.00,0.00,0.50,NEUTRAL,1.00,NORMAL,58.30,STRONG_TREND,NO,⛔ ADX too high (58.30) - Market trending (STRONG_TREND); Max ADX for entry: 6
2026-08-10T16:07:31.424Z,64354.00,71.96,EXTREME_OVERBOUGHT,RISING,YES,YES,1h,1.00,0.00,0.50,NEUTRAL,1.00,NORMAL,52.47,STRONG_TREND,NO,⛔ ADX too high (52.47) - Market trending (STRONG_TREND); Max ADX for entry: 6
2026-08-10T16:07:41.408Z,64350.01,70.40,EXTREME_OVERBOUGHT,FALLING,YES,YES,30s,1.00,0.00,0.50,NEUTRAL,1.00,NORMAL,96.37,EXTREME_TREND,NO,⛔ ADX too high (96.37) - Market trending (EXTREME_TREND); Max ADX for entry: 6
2026-08-10T16:07:51.425Z,64340.01,62.82,OVERBOUGHT,FALLING,YES,YES,5m,1.00,0.00,0.50,NEUTRAL,1.00,NORMAL,99.01,EXTREME_TREND,NO,⛔ ADX too high (99.01) - Market trending (EXTREME_TREND); Max ADX for entry: 6
2026-08-10T16:08:01.425Z,64328.08,54.71,NEUTRAL,FALLING,YES,YES,5m,1.00,0.00,0.50,NEUTRAL,1.00,NORMAL,99.81,EXTREME_TREND,NO,⛔ ADX too high (99.81) - Market trending (EXTREME_TREND); Max ADX for entry: 6
2026-08-10T16:08:11.427Z,64320.86,54.86,NEUTRAL,RISING,YES,YES,5m,1.00,0.00,0.50,NEUTRAL,1.00,NORMAL,99.40,EXTREME_TREND,NO,⛔ ADX too high (99.40) - Market trending (EXTREME_TREND); Max ADX for entry: 6
2026-08-10T16:08:21.427Z,64330.46,57.00,NEUTRAL,FLAT,YES,YES,30s,1.00,0.00,0.50,NEUTRAL,1.00,NORMAL,16.89,RANGING,NO,⛔ ADX too high (16.89) - Market trending (RANGING); Max ADX for entry: 6
2026-08-10T16:08:31.431Z,64330.01,54.79,NEUTRAL,FALLING,YES,YES,30s,1.00,0.00,0.50,NEUTRAL,1.00,NORMAL,99.79,EXTREME_TREND,NO,⛔ ADX too high (99.79) - Market trending (EXTREME_TREND); Max ADX for entry: 6
2026-08-10T16:08:41.429Z,64325.63,52.11,NEUTRAL,FALLING,YES,YES,30s,1.00,0.00,0.50,NEUTRAL,1.00,NORMAL,22.07,TRANSITION,NO,⛔ ADX too high (22.07) - Market trending (TRANSITION); Max ADX for entry: 6
2026-08-10T16:08:51.435Z,64300.00,43.18,NEUTRAL,FALLING,YES,YES,15m,1.00,0.00,0.50,NEUTRAL,1.00,NORMAL,95.99,EXTREME_TREND,NO,⛔ ADX too high (95.99) - Market trending (EXTREME_TREND); Max ADX for entry: 6
2026-08-10T16:09:01.429Z,64272.59,35.14,OVERSOLD,FLAT,YES,YES,10s,1.00,0.00,0.50,NEUTRAL,1.00,NORMAL,99.67,EXTREME_TREND,NO,⛔ ADX too high (99.67) - Market trending (EXTREME_TREND); Max ADX for entry: 6
2026-08-10T16:09:11.430Z,64277.10,37.97,OVERSOLD,FLAT,YES,YES,10s,1.00,0.00,0.50,NEUTRAL,1.00,NORMAL,82.60,EXTREME_TREND,NO,⛔ ADX too high (82.60) - Market trending (EXTREME_TREND); Max ADX for entry: 6
2026-08-10T16:09:21.429Z,64274.00,38.51,OVERSOLD,FLAT,YES,YES,10s,1.00,0.00,0.50,NEUTRAL,1.00,NORMAL,77.49,EXTREME_TREND,NO,⛔ ADX too high (77.49) - Market trending (EXTREME_TREND); Max ADX for entry: 6
2026-08-10T16:09:31.434Z,64275.98,39.11,OVERSOLD,FLAT,YES,YES,1m,1.00,0.00,0.50,NEUTRAL,1.00,NORMAL,99.65,EXTREME_TREND,NO,⛔ ADX too high (99.65) - Market trending (EXTREME_TREND); Max ADX for entry: 6
2026-08-10T16:09:41.431Z,64238.46,33.35,OVERSOLD,FALLING,YES,YES,10s,1.00,0.00,0.50,NEUTRAL,1.00,NORMAL,93.31,EXTREME_TREND,NO,⛔ ADX too high (93.31) - Market trending (EXTREME_TREND); Max ADX for entry: 6
2026-08-10T16:09:51.432Z,64242.98,33.15,OVERSOLD,FALLING,YES,YES,10s,1.00,0.00,0.50,NEUTRAL,1.00,NORMAL,45.91,TRENDING,NO,⛔ ADX too high (45.91) - Market trending (TRENDING); Max ADX for entry: 6
2026-08-10T16:10:01.431Z,64241.20,29.73,EXTREME_OVERSOLD,FALLING,YES,YES,30s,1.00,0.00,0.50,NEUTRAL,1.00,NORMAL,14.31,RANGING,NO,⛔ ADX too high (14.31) - Market trending (RANGING); Max ADX for entry: 6
2026-08-10T16:10:11.434Z,64238.01,28.75,EXTREME_OVERSOLD,FLAT,YES,YES,30s,1.00,0.00,0.50,NEUTRAL,1.00,NORMAL,98.99,EXTREME_TREND,NO,⛔ ADX too high (98.99) - Market trending (EXTREME_TREND); Max ADX for entry: 6
2026-08-10T16:10:21.524Z,64241.43,29.50,EXTREME_OVERSOLD,FLAT,YES,YES,30s,1.00,0.00,0.50,NEUTRAL,1.00,NORMAL,55.79,STRONG_TREND,NO,⛔ ADX too high (55.79) - Market trending (STRONG_TREND); Max ADX for entry: 6
2026-08-10T16:10:31.434Z,64231.99,28.34,EXTREME_OVERSOLD,FLAT,NO,NO,none,0.00,0.00,0.50,NEUTRAL,1.00,NORMAL,15.87,RANGING,NO,⛔ ADX too high (15.87) - Market trending (RANGING); Max ADX for entry: 6
2026-08-10T16:10:41.432Z,64222.65,24.35,EXTREME_OVERSOLD,FLAT,YES,YES,10s,1.00,0.00,0.50,NEUTRAL,1.00,NORMAL,78.27,EXTREME_TREND,NO,⛔ ADX too high (78.27) - Market trending (EXTREME_TREND); Max ADX for entry: 6
2026-08-10T16:10:51.429Z,64227.20,25.93,EXTREME_OVERSOLD,RISING,YES,YES,30s,1.00,0.00,0.50,NEUTRAL,1.00,NORMAL,99.51,EXTREME_TREND,NO,⛔ ADX too high (99.51) - Market trending (EXTREME_TREND); Max ADX for entry: 6
2026-08-10T16:11:01.434Z,64222.71,26.11,EXTREME_OVERSOLD,FLAT,YES,YES,15m,1.00,0.00,0.50,NEUTRAL,1.00,NORMAL,95.75,EXTREME_TREND,NO,⛔ ADX too high (95.75) - Market trending (EXTREME_TREND); Max ADX for entry: 6
2026-08-10T16:11:11.433Z,64223.03,26.64,EXTREME_OVERSOLD,FLAT,YES,YES,1m,1.00,0.00,0.50,NEUTRAL,1.00,NORMAL,99.64,EXTREME_TREND,NO,⛔ ADX too high (99.64) - Market trending (EXTREME_TREND); Max ADX for entry: 6
2026-08-10T16:11:21.422Z,64222.72,25.90,EXTREME_OVERSOLD,FLAT,YES,YES,10s,1.00,0.00,0.50,NEUTRAL,1.00,NORMAL,67.30,STRONG_TREND,NO,⛔ ADX too high (67.30) - Market trending (STRONG_TREND); Max ADX for entry: 6
2026-08-10T16:11:31.437Z,64236.29,29.84,EXTREME_OVERSOLD,FLAT,YES,YES,10s,1.00,0.00,0.50,NEUTRAL,1.00,NORMAL,56.23,STRONG_TREND,NO,⛔ ADX too high (56.23) - Market trending (STRONG_TREND); Max ADX for entry: 6
2026-08-10T16:11:41.436Z,64231.84,29.37,EXTREME_OVERSOLD,FLAT,YES,YES,30s,1.00,0.00,0.50,NEUTRAL,1.00,NORMAL,94.52,EXTREME_TREND,NO,⛔ ADX too high (94.52) - Market trending (EXTREME_TREND); Max ADX for entry: 6
2026-08-10T16:11:51.424Z,64216.63,27.86,EXTREME_OVERSOLD,FLAT,YES,YES,10s,1.00,0.00,0.50,NEUTRAL,1.00,NORMAL,99.75,EXTREME_TREND,NO,⛔ ADX too high (99.75) - Market trending (EXTREME_TREND); Max ADX for entry: 6
2026-08-10T16:12:01.440Z,64216.30,27.68,EXTREME_OVERSOLD,FLAT,YES,YES,10s,1.00,0.00,0.50,NEUTRAL,1.00,NORMAL,99.93,EXTREME_TREND,NO,⛔ ADX too high (99.93) - Market trending (EXTREME_TREND); Max ADX for entry: 6
2026-08-10T16:12:11.447Z,64221.99,29.05,EXTREME_OVERSOLD,FLAT,YES,YES,30s,1.00,0.00,0.50,NEUTRAL,1.00,NORMAL,91.84,EXTREME_TREND,NO,⛔ ADX too high (91.84) - Market trending (EXTREME_TREND); Max ADX for entry: 6
2026-08-10T16:12:21.439Z,64264.00,37.74,OVERSOLD,RISING,YES,YES,5m,1.00,0.00,0.50,NEUTRAL,1.00,NORMAL,99.93,EXTREME_TREND,NO,⛔ ADX too high (99.93) - Market trending (EXTREME_TREND); Max ADX for entry: 6
2026-08-10T16:12:31.441Z,64244.16,34.59,OVERSOLD,FALLING,YES,YES,30s,1.00,0.00,0.50,NEUTRAL,1.00,NORMAL,55.12,STRONG_TREND,NO,⛔ ADX too high (55.12) - Market trending (STRONG_TREND); Max ADX for entry: 6
2026-08-10T16:12:41.439Z,64234.00,34.00,OVERSOLD,FLAT,YES,YES,10s,1.00,0.00,0.50,NEUTRAL,1.00,NORMAL,99.90,EXTREME_TREND,NO,⛔ ADX too high (99.90) - Market trending (EXTREME_TREND); Max ADX for entry: 6
2026-08-10T16:12:51.424Z,64234.00,34.97,OVERSOLD,FLAT,YES,YES,30s,1.00,0.00,0.50,NEUTRAL,1.00,NORMAL,99.80,EXTREME_TREND,NO,⛔ ADX too high (99.80) - Market trending (EXTREME_TREND); Max ADX for entry: 6
2026-08-10T16:13:01.444Z,64226.33,35.39,OVERSOLD,FLAT,YES,YES,10s,1.00,0.00,0.50,NEUTRAL,1.00,NORMAL,99.66,EXTREME_TREND,NO,⛔ ADX too high (99.66) - Market trending (EXTREME_TREND); Max ADX for entry: 6
2026-08-10T16:13:11.442Z,64245.83,39.52,OVERSOLD,RISING,YES,YES,5m,1.00,0.00,0.50,NEUTRAL,1.00,NORMAL,79.09,EXTREME_TREND,NO,⛔ ADX too high (79.09) - Market trending (EXTREME_TREND); Max ADX for entry: 6
2026-08-10T16:13:21.437Z,64247.99,38.24,OVERSOLD,FLAT,YES,YES,30s,1.00,0.00,0.50,NEUTRAL,1.00,NORMAL,99.60,EXTREME_TREND,NO,⛔ ADX too high (99.60) - Market trending (EXTREME_TREND); Max ADX for entry: 6
2026-08-10T16:13:31.443Z,64248.00,37.91,OVERSOLD,FLAT,YES,YES,30s,1.00,0.00,0.50,NEUTRAL,1.00,NORMAL,20.57,TRANSITION,NO,⛔ ADX too high (20.57) - Market trending (TRANSITION); Max ADX for entry: 6
2026-08-10T16:13:41.440Z,64240.70,37.58,OVERSOLD,FLAT,YES,YES,1m,1.00,0.00,0.50,NEUTRAL,1.00,NORMAL,37.64,TRENDING,NO,⛔ ADX too high (37.64) - Market trending (TRENDING); Max ADX for entry: 6
2026-08-10T16:13:51.426Z,64229.14,39.19,OVERSOLD,RISING,YES,YES,30s,1.00,0.00,0.50,NEUTRAL,1.00,NORMAL,99.91,EXTREME_TREND,NO,⛔ ADX too high (99.91) - Market trending (EXTREME_TREND); Max ADX for entry: 6
2026-08-10T16:14:01.443Z,64246.00,45.74,NEUTRAL,RISING,YES,YES,30s,1.00,0.00,0.50,NEUTRAL,1.00,NORMAL,11.98,RANGING,NO,⛔ ADX too high (11.98) - Market trending (RANGING); Max ADX for entry: 6
2026-08-10T16:14:11.444Z,64222.01,41.41,NEUTRAL,FLAT,YES,YES,10s,0.92,0.00,0.50,NEUTRAL,1.00,NORMAL,29.27,TRENDING,NO,⛔ ADX too high (29.27) - Market trending (TRENDING); Max ADX for entry: 6
2026-08-10T16:14:21.428Z,64220.97,41.68,NEUTRAL,FLAT,YES,YES,10s,1.00,0.00,0.50,NEUTRAL,1.00,NORMAL,97.89,EXTREME_TREND,NO,⛔ ADX too high (97.89) - Market trending (EXTREME_TREND); Max ADX for entry: 6
2026-08-10T16:14:31.446Z,64218.01,40.93,NEUTRAL,FLAT,NO,NO,none,0.00,0.00,0.50,NEUTRAL,1.00,NORMAL,52.48,STRONG_TREND,NO,⛔ ADX too high (52.48) - Market trending (STRONG_TREND); Max ADX for entry: 6
2026-08-10T16:14:41.448Z,64218.00,46.34,NEUTRAL,FLAT,YES,YES,30s,1.00,0.00,0.50,NEUTRAL,1.00,NORMAL,99.28,EXTREME_TREND,NO,⛔ ADX too high (99.28) - Market trending (EXTREME_TREND); Max ADX for entry: 6
2026-08-10T16:14:51.431Z,64218.00,45.44,NEUTRAL,FLAT,YES,YES,30s,1.00,0.00,0.50,NEUTRAL,1.00,NORMAL,18.32,RANGING,NO,⛔ ADX too high (18.32) - Market trending (RANGING); Max ADX for entry: 6
2026-08-10T16:15:01.450Z,64218.01,46.14,NEUTRAL,FLAT,YES,YES,1m,1.00,0.00,0.50,NEUTRAL,1.00,NORMAL,37.52,TRENDING,NO,⛔ ADX too high (37.52) - Market trending (TRENDING); Max ADX for entry: 6
2026-08-10T16:15:11.448Z,64218.01,46.14,NEUTRAL,FLAT,YES,YES,1m,1.00,0.00,0.50,NEUTRAL,1.00,NORMAL,16.93,RANGING,NO,⛔ ADX too high (16.93) - Market trending (RANGING); Max ADX for entry: 6
2026-08-10T16:15:21.447Z,64204.63,43.61,NEUTRAL,FALLING,NO,NO,none,0.00,0.00,0.50,NEUTRAL,1.00,NORMAL,99.70,EXTREME_TREND,NO,⛔ ADX too high (99.70) - Market trending (EXTREME_TREND); Max ADX for entry: 6
2026-08-10T16:15:31.450Z,64194.11,42.60,NEUTRAL,FLAT,NO,NO,none,0.00,0.00,0.50,NEUTRAL,1.00,NORMAL,99.69,EXTREME_TREND,NO,⛔ ADX too high (99.69) - Market trending (EXTREME_TREND); Max ADX for entry: 6
2026-08-10T16:15:41.435Z,64184.46,42.55,NEUTRAL,FLAT,YES,YES,10s,1.00,0.00,0.50,NEUTRAL,1.00,NORMAL,100.00,EXTREME_TREND,NO,⛔ ADX too high (100.00) - Market trending (EXTREME_TREND); Max ADX for entry: 6
2026-08-10T16:15:51.448Z,64180.01,40.79,NEUTRAL,FALLING,NO,NO,none,0.00,0.00,0.50,NEUTRAL,1.00,NORMAL,97.47,EXTREME_TREND,NO,⛔ ADX too high (97.47) - Market trending (EXTREME_TREND); Max ADX for entry: 6
2026-08-10T16:16:01.556Z,64174.00,40.72,NEUTRAL,FLAT,YES,YES,10s,1.00,0.00,0.50,NEUTRAL,1.00,NORMAL,99.65,EXTREME_TREND,NO,⛔ ADX too high (99.65) - Market trending (EXTREME_TREND); Max ADX for entry: 6
2026-08-10T16:16:11.434Z,64181.38,42.39,NEUTRAL,RISING,YES,YES,10s,1.00,0.00,0.50,NEUTRAL,1.00,NORMAL,53.37,STRONG_TREND,NO,⛔ ADX too high (53.37) - Market trending (STRONG_TREND); Max ADX for entry: 6
2026-08-10T16:30:01.485Z,64123.63,58.03,NEUTRAL,FALLING,YES,YES,1m,1.00,0.00,0.50,NEUTRAL,1.00,NORMAL,57.90,STRONG_TREND,NO,⛔ ADX too high (57.90) - Market trending (STRONG_TREND); Max ADX for entry: 6
2026-08-10T16:30:11.486Z,64120.96,50.90,NEUTRAL,FALLING,YES,YES,5m,1.00,0.75,0.50,NEUTRAL,1.00,NORMAL,3.70,RANGING,NO,RSI neutral (50.9)
2026-08-10T16:30:21.471Z,64120.32,57.80,NEUTRAL,RISING,YES,YES,30s,1.00,0.00,0.50,NEUTRAL,1.00,NORMAL,98.26,EXTREME_TREND,NO,⛔ ADX too high (98.26) - Market trending (EXTREME_TREND); Max ADX for entry: 6
2026-08-10T16:30:31.572Z,64118.95,53.08,NEUTRAL,FLAT,YES,YES,10s,1.00,0.00,0.50,NEUTRAL,1.00,NORMAL,86.21,EXTREME_TREND,NO,⛔ ADX too high (86.21) - Market trending (EXTREME_TREND); Max ADX for entry: 6
2026-08-10T16:30:41.487Z,64118.95,53.07,NEUTRAL,FLAT,YES,YES,10s,1.00,0.00,0.50,NEUTRAL,1.00,NORMAL,99.14,EXTREME_TREND,NO,⛔ ADX too high (99.14) - Market trending (EXTREME_TREND); Max ADX for entry: 6
2026-08-10T16:30:51.472Z,64118.95,51.37,NEUTRAL,FLAT,YES,YES,10s,1.00,0.00,0.50,NEUTRAL,1.00,NORMAL,54.61,STRONG_TREND,NO,⛔ ADX too high (54.61) - Market trending (STRONG_TREND); Max ADX for entry: 6
2026-08-10T16:31:01.486Z,64118.33,51.23,NEUTRAL,RISING,YES,YES,5m,1.00,0.00,0.50,NEUTRAL,1.00,NORMAL,30.98,TRENDING,NO,⛔ ADX too high (30.98) - Market trending (TRENDING); Max ADX for entry: 6
2026-08-10T16:31:11.487Z,64117.31,37.31,OVERSOLD,FLAT,YES,YES,10s,1.00,0.00,0.50,NEUTRAL,1.00,NORMAL,97.71,EXTREME_TREND,NO,⛔ ADX too high (97.71) - Market trending (EXTREME_TREND); Max ADX for entry: 6
2026-08-10T16:31:21.486Z,64116.66,23.99,EXTREME_OVERSOLD,FLAT,YES,YES,10s,1.00,0.00,0.50,NEUTRAL,1.00,NORMAL,96.02,EXTREME_TREND,NO,⛔ ADX too high (96.02) - Market trending (EXTREME_TREND); Max ADX for entry: 6
2026-08-10T17:13:31.604Z,63999.47,63.21,OVERBOUGHT,FLAT,YES,YES,30s,1.00,0.00,0.50,NEUTRAL,1.00,NORMAL,51.94,STRONG_TREND,NO,⛔ ADX too high (51.94) - Market trending (STRONG_TREND); Max ADX for entry: 6
2026-08-10T17:39:21.669Z,63944.15,21.71,EXTREME_OVERSOLD,FLAT,YES,YES,10s,1.00,0.00,0.50,NEUTRAL,1.00,NORMAL,99.84,EXTREME_TREND,NO,⛔ ADX too high (99.84) - Market trending (EXTREME_TREND); Max ADX for entry: 6
2026-08-10T17:39:31.650Z,63944.16,21.73,EXTREME_OVERSOLD,FLAT,YES,YES,30s,1.00,0.00,0.50,NEUTRAL,1.00,NORMAL,48.26,TRENDING,NO,⛔ ADX too high (48.26) - Market trending (TRENDING); Max ADX for entry: 6
2026-08-10T17:39:41.669Z,63944.15,24.62,EXTREME_OVERSOLD,RISING,YES,YES,10s,1.00,0.00,0.50,NEUTRAL,1.00,NORMAL,40.58,TRENDING,NO,⛔ ADX too high (40.58) - Market trending (TRENDING); Max ADX for entry: 6
2026-08-10T17:39:51.651Z,63944.57,25.24,EXTREME_OVERSOLD,FLAT,YES,YES,1m,1.00,0.00,0.50,NEUTRAL,1.00,NORMAL,43.07,TRENDING,NO,⛔ ADX too high (43.07) - Market trending (TRENDING); Max ADX for entry: 6
2026-08-10T17:40:01.670Z,63959.71,38.30,OVERSOLD,RISING,YES,YES,1m,1.00,0.00,0.50,NEUTRAL,1.00,NORMAL,96.83,EXTREME_TREND,NO,⛔ ADX too high (96.83) - Market trending (EXTREME_TREND); Max ADX for entry: 6
2026-08-10T17:40:11.656Z,63971.95,48.66,NEUTRAL,RISING,YES,YES,10s,1.00,0.00,0.50,NEUTRAL,1.00,NORMAL,99.91,EXTREME_TREND,NO,⛔ ADX too high (99.91) - Market trending (EXTREME_TREND); Max ADX for entry: 6
2026-08-10T17:40:21.672Z,63987.18,57.15,NEUTRAL,RISING,YES,YES,1h,1.00,0.00,0.50,NEUTRAL,1.00,NORMAL,99.72,EXTREME_TREND,NO,⛔ ADX too high (99.72) - Market trending (EXTREME_TREND); Max ADX for entry: 6
2026-08-10T17:40:31.659Z,63990.01,58.27,NEUTRAL,FLAT,YES,YES,10s,1.00,0.00,0.50,NEUTRAL,1.00,NORMAL,98.84,EXTREME_TREND,NO,⛔ ADX too high (98.84) - Market trending (EXTREME_TREND); Max ADX for entry: 6
2026-08-10T17:40:41.675Z,64000.00,61.77,OVERBOUGHT,FLAT,YES,YES,10s,1.00,0.00,0.50,NEUTRAL,1.00,NORMAL,99.09,EXTREME_TREND,NO,⛔ ADX too high (99.09) - Market trending (EXTREME_TREND); Max ADX for entry: 6
2026-08-10T17:40:51.658Z,64000.00,61.77,OVERBOUGHT,FLAT,YES,YES,30s,1.00,0.00,0.50,NEUTRAL,1.00,NORMAL,99.89,EXTREME_TREND,NO,⛔ ADX too high (99.89) - Market trending (EXTREME_TREND); Max ADX for entry: 6
2026-08-10T17:41:01.672Z,64000.00,61.77,OVERBOUGHT,FLAT,YES,YES,30s,1.00,0.00,0.50,NEUTRAL,1.00,NORMAL,65.83,STRONG_TREND,NO,⛔ ADX too high (65.83) - Market trending (STRONG_TREND); Max ADX for entry: 6
2026-08-10T17:46:01.692Z,63898.34,24.89,EXTREME_OVERSOLD,FLAT,YES,YES,10s,1.00,0.00,0.50,NEUTRAL,1.00,NORMAL,20.37,TRANSITION,NO,⛔ ADX too high (20.37) - Market trending (TRANSITION); Max ADX for entry: 6
2026-08-10T17:46:12.125Z,63903.64,26.23,EXTREME_OVERSOLD,FLAT,YES,YES,10s,1.00,0.00,0.50,NEUTRAL,1.00,NORMAL,10.94,RANGING,NO,⛔ ADX too high (10.94) - Market trending (RANGING); Max ADX for entry: 6
2026-08-10T17:46:21.695Z,63904.00,26.36,EXTREME_OVERSOLD,FLAT,YES,YES,10s,1.00,0.00,0.50,NEUTRAL,1.00,NORMAL,99.90,EXTREME_TREND,NO,⛔ ADX too high (99.90) - Market trending (EXTREME_TREND); Max ADX for entry: 6
2026-08-10T17:46:31.691Z,63892.74,20.89,EXTREME_OVERSOLD,FALLING,NO,NO,none,0.00,0.00,0.50,NEUTRAL,1.00,NORMAL,48.73,TRENDING,NO,⛔ ADX too high (48.73) - Market trending (TRENDING); Max ADX for entry: 6
2026-08-10T17:46:41.678Z,63904.00,25.34,EXTREME_OVERSOLD,FLAT,YES,YES,10s,1.00,0.00,0.50,NEUTRAL,1.00,NORMAL,10.98,RANGING,NO,⛔ ADX too high (10.98) - Market trending (RANGING); Max ADX for entry: 6
2026-08-10T17:46:51.677Z,63904.00,25.69,EXTREME_OVERSOLD,FLAT,YES,YES,1m,1.00,0.00,0.50,NEUTRAL,1.00,NORMAL,41.56,TRENDING,NO,⛔ ADX too high (41.56) - Market trending (TRENDING); Max ADX for entry: 6
2026-08-10T18:23:11.781Z,63957.35,60.34,OVERBOUGHT,FLAT,YES,YES,10s,1.00,0.00,0.50,NEUTRAL,1.00,NORMAL,99.80,EXTREME_TREND,NO,⛔ ADX too high (99.80) - Market trending (EXTREME_TREND); Max ADX for entry: 6
2026-08-10T18:23:21.780Z,63967.79,62.82,OVERBOUGHT,RISING,NO,NO,none,0.00,0.00,0.50,NEUTRAL,1.00,NORMAL,98.75,EXTREME_TREND,NO,⛔ ADX too high (98.75) - Market trending (EXTREME_TREND); Max ADX for entry: 6
2026-08-10T18:23:31.780Z,63970.29,62.71,OVERBOUGHT,FLAT,YES,YES,10s,1.00,0.00,0.50,NEUTRAL,1.00,NORMAL,99.89,EXTREME_TREND,NO,⛔ ADX too high (99.89) - Market trending (EXTREME_TREND); Max ADX for entry: 6
2026-08-10T18:23:41.798Z,63970.29,61.42,OVERBOUGHT,FALLING,YES,YES,10s,1.00,0.00,0.50,NEUTRAL,1.00,NORMAL,97.26,EXTREME_TREND,NO,⛔ ADX too high (97.26) - Market trending (EXTREME_TREND); Max ADX for entry: 6
2026-08-10T18:23:51.783Z,63983.65,64.90,OVERBOUGHT,RISING,NO,NO,none,0.00,0.35,0.50,NEUTRAL,1.00,NORMAL,4.54,RANGING,NO,No slowdown detected - waiting for momentum to fade; Confidence too low (35% < 50%)
2026-08-10T18:24:01.786Z,63983.65,65.36,OVERBOUGHT,FLAT,YES,YES,30s,1.00,0.00,0.50,NEUTRAL,1.00,NORMAL,99.45,EXTREME_TREND,NO,⛔ ADX too high (99.45) - Market trending (EXTREME_TREND); Max ADX for entry: 6
2026-08-10T18:24:11.782Z,63988.00,66.52,OVERBOUGHT,FLAT,YES,YES,10s,1.00,0.00,0.50,NEUTRAL,1.00,NORMAL,98.70,EXTREME_TREND,NO,⛔ ADX too high (98.70) - Market trending (EXTREME_TREND); Max ADX for entry: 6
2026-08-10T18:24:21.801Z,63987.99,73.78,EXTREME_OVERBOUGHT,RISING,YES,YES,30s,1.00,0.00,0.50,NEUTRAL,1.00,NORMAL,18.87,RANGING,NO,⛔ ADX too high (18.87) - Market trending (RANGING); Max ADX for entry: 6
2026-08-10T18:24:31.785Z,63988.00,72.52,EXTREME_OVERBOUGHT,FLAT,YES,YES,30s,1.00,0.00,0.50,NEUTRAL,1.00,NORMAL,14.09,RANGING,NO,⛔ ADX too high (14.09) - Market trending (RANGING); Max ADX for entry: 6
2026-08-10T18:24:41.787Z,63990.00,76.62,EXTREME_OVERBOUGHT,FLAT,NO,NO,none,0.00,0.00,0.50,NEUTRAL,1.00,NORMAL,74.46,STRONG_TREND,NO,⛔ ADX too high (74.46) - Market trending (STRONG_TREND); Max ADX for entry: 6
2026-08-10T18:24:51.783Z,63990.00,76.61,EXTREME_OVERBOUGHT,FLAT,YES,YES,30s,1.00,0.00,0.50,NEUTRAL,1.00,NORMAL,93.78,EXTREME_TREND,NO,⛔ ADX too high (93.78) - Market trending (EXTREME_TREND); Max ADX for entry: 6
2026-08-10T18:25:01.801Z,63990.00,76.60,EXTREME_OVERBOUGHT,FLAT,YES,YES,10s,1.00,0.00,0.50,NEUTRAL,1.00,NORMAL,48.42,TRENDING,NO,⛔ ADX too high (48.42) - Market trending (TRENDING); Max ADX for entry: 6
2026-08-10T18:25:11.784Z,63990.00,76.61,EXTREME_OVERBOUGHT,FLAT,YES,YES,30s,1.00,0.00,0.50,NEUTRAL,1.00,NORMAL,38.64,TRENDING,NO,⛔ ADX too high (38.64) - Market trending (TRENDING); Max ADX for entry: 6
2026-08-10T18:25:21.785Z,63989.99,76.62,EXTREME_OVERBOUGHT,FLAT,YES,YES,1m,1.00,0.00,0.50,NEUTRAL,1.00,NORMAL,6.86,RANGING,NO,⛔ ADX too high (6.86) - Market trending (RANGING); Max ADX for entry: 6
2026-08-10T18:25:31.782Z,63989.99,76.62,EXTREME_OVERBOUGHT,FLAT,YES,YES,1m,1.00,0.00,0.50,NEUTRAL,1.00,NORMAL,7.40,RANGING,NO,⛔ ADX too high (7.40) - Market trending (RANGING); Max ADX for entry: 6
2026-08-10T18:25:41.803Z,63990.00,76.62,EXTREME_OVERBOUGHT,FLAT,YES,YES,30s,1.00,0.00,0.50,NEUTRAL,1.00,NORMAL,9.00,RANGING,NO,⛔ ADX too high (9.00) - Market trending (RANGING); Max ADX for entry: 6
2026-08-10T18:25:51.799Z,63989.99,76.62,EXTREME_OVERBOUGHT,FLAT,YES,YES,10s,1.00,0.00,0.50,NEUTRAL,1.00,NORMAL,16.95,RANGING,NO,⛔ ADX too high (16.95) - Market trending (RANGING); Max ADX for entry: 6
2026-08-10T18:26:01.786Z,64003.80,77.46,EXTREME_OVERBOUGHT,FLAT,YES,YES,10s,0.95,0.00,0.50,NEUTRAL,1.00,NORMAL,99.75,EXTREME_TREND,NO,⛔ ADX too high (99.75) - Market trending (EXTREME_TREND); Max ADX for entry: 6
2026-08-10T18:26:11.788Z,64003.80,76.72,EXTREME_OVERBOUGHT,FLAT,YES,YES,30s,1.00,0.00,0.50,NEUTRAL,1.00,NORMAL,99.73,EXTREME_TREND,NO,⛔ ADX too high (99.73) - Market trending (EXTREME_TREND); Max ADX for entry: 6
2026-08-10T18:26:21.804Z,64003.79,75.79,EXTREME_OVERBOUGHT,FLAT,YES,YES,30s,1.00,0.00,0.50,NEUTRAL,1.00,NORMAL,7.69,RANGING,NO,⛔ ADX too high (7.69) - Market trending (RANGING); Max ADX for entry: 6
2026-08-10T18:26:31.789Z,64003.80,72.23,EXTREME_OVERBOUGHT,FLAT,YES,YES,1m,1.00,0.00,0.50,NEUTRAL,1.00,NORMAL,17.39,RANGING,NO,⛔ ADX too high (17.39) - Market trending (RANGING); Max ADX for entry: 6
2026-08-10T18:26:41.791Z,63973.89,51.70,NEUTRAL,FALLING,YES,YES,5m,1.00,0.00,0.50,NEUTRAL,1.00,NORMAL,15.21,RANGING,NO,⛔ ADX too high (15.21) - Market trending (RANGING); Max ADX for entry: 6
2026-08-10T18:26:51.802Z,63973.90,51.70,NEUTRAL,FLAT,YES,YES,30s,1.00,0.00,0.50,NEUTRAL,1.00,NORMAL,99.16,EXTREME_TREND,NO,⛔ ADX too high (99.16) - Market trending (EXTREME_TREND); Max ADX for entry: 6
2026-08-10T18:27:01.804Z,63973.34,52.63,NEUTRAL,FLAT,YES,YES,10s,1.00,0.00,0.50,NEUTRAL,1.00,NORMAL,76.89,EXTREME_TREND,NO,⛔ ADX too high (76.89) - Market trending (EXTREME_TREND); Max ADX for entry: 6
2026-08-10T18:27:11.788Z,63949.01,42.05,NEUTRAL,FALLING,YES,YES,10s,1.00,0.00,0.50,NEUTRAL,1.00,NORMAL,100.00,EXTREME_TREND,NO,⛔ ADX too high (100.00) - Market trending (EXTREME_TREND); Max ADX for entry: 6
2026-08-10T18:27:21.791Z,63949.02,43.93,NEUTRAL,RISING,YES,YES,30s,1.00,0.00,0.50,NEUTRAL,1.00,NORMAL,99.71,EXTREME_TREND,NO,⛔ ADX too high (99.71) - Market trending (EXTREME_TREND); Max ADX for entry: 6
2026-08-10T18:27:31.789Z,63924.48,39.05,OVERSOLD,FALLING,NO,NO,none,0.00,0.00,0.50,NEUTRAL,1.00,NORMAL,99.69,EXTREME_TREND,NO,⛔ ADX too high (99.69) - Market trending (EXTREME_TREND); Max ADX for entry: 6
2026-08-10T18:27:41.791Z,63921.97,40.60,NEUTRAL,FLAT,YES,YES,10s,1.00,0.00,0.50,NEUTRAL,1.00,NORMAL,100.00,EXTREME_TREND,NO,⛔ ADX too high (100.00) - Market trending (EXTREME_TREND); Max ADX for entry: 6
2026-08-10T18:27:51.792Z,63921.37,40.42,NEUTRAL,FLAT,YES,YES,30s,1.00,0.00,0.50,NEUTRAL,1.00,NORMAL,100.00,EXTREME_TREND,NO,⛔ ADX too high (100.00) - Market trending (EXTREME_TREND); Max ADX for entry: 6
2026-08-10T18:28:01.789Z,63918.63,39.64,OVERSOLD,FLAT,YES,YES,10s,1.00,0.00,0.50,NEUTRAL,1.00,NORMAL,99.42,EXTREME_TREND,NO,⛔ ADX too high (99.42) - Market trending (EXTREME_TREND); Max ADX for entry: 6
2026-08-10T18:28:11.805Z,63918.62,35.40,OVERSOLD,FLAT,YES,YES,30s,1.00,0.00,0.50,NEUTRAL,1.00,NORMAL,89.75,EXTREME_TREND,NO,⛔ ADX too high (89.75) - Market trending (EXTREME_TREND); Max ADX for entry: 6
2026-08-10T18:28:21.793Z,63918.39,29.81,EXTREME_OVERSOLD,FALLING,YES,YES,30s,1.00,0.00,0.50,NEUTRAL,1.00,NORMAL,36.83,TRENDING,NO,⛔ ADX too high (36.83) - Market trending (TRENDING); Max ADX for entry: 6
2026-08-10T18:28:31.789Z,63918.64,29.13,EXTREME_OVERSOLD,FLAT,YES,YES,1m,1.00,0.00,0.50,NEUTRAL,1.00,NORMAL,98.12,EXTREME_TREND,NO,⛔ ADX too high (98.12) - Market trending (EXTREME_TREND); Max ADX for entry: 6
2026-08-10T18:28:41.791Z,63918.64,29.13,EXTREME_OVERSOLD,FLAT,YES,YES,10s,1.00,0.00,0.50,NEUTRAL,1.00,NORMAL,30.83,TRENDING,NO,⛔ ADX too high (30.83) - Market trending (TRENDING); Max ADX for entry: 6
2026-08-10T18:28:51.793Z,63918.63,20.56,EXTREME_OVERSOLD,FALLING,YES,YES,10s,1.00,0.00,0.50,NEUTRAL,1.00,NORMAL,6.92,RANGING,NO,⛔ ADX too high (6.92) - Market trending (RANGING); Max ADX for entry: 6
2026-08-10T18:29:01.789Z,63918.64,20.56,EXTREME_OVERSOLD,FLAT,YES,YES,5m,1.00,0.00,0.50,NEUTRAL,1.00,NORMAL,61.36,STRONG_TREND,NO,⛔ ADX too high (61.36) - Market trending (STRONG_TREND); Max ADX for entry: 6
2026-08-10T18:29:11.790Z,63918.63,17.31,EXTREME_OVERSOLD,FLAT,YES,YES,1m,1.00,0.00,0.50,NEUTRAL,1.00,NORMAL,18.24,RANGING,NO,⛔ ADX too high (18.24) - Market trending (RANGING); Max ADX for entry: 6
2026-08-10T18:29:21.793Z,63917.65,17.14,EXTREME_OVERSOLD,FLAT,YES,YES,10s,1.00,0.00,0.50,NEUTRAL,1.00,NORMAL,88.62,EXTREME_TREND,NO,⛔ ADX too high (88.62) - Market trending (EXTREME_TREND); Max ADX for entry: 6
2026-08-10T18:29:31.791Z,63917.57,17.12,EXTREME_OVERSOLD,FLAT,YES,YES,30s,1.00,0.00,0.50,NEUTRAL,1.00,NORMAL,94.67,EXTREME_TREND,NO,⛔ ADX too high (94.67) - Market trending (EXTREME_TREND); Max ADX for entry: 6
2026-08-10T18:29:41.794Z,63915.56,15.25,EXTREME_OVERSOLD,FALLING,NO,NO,none,0.00,0.00,0.50,NEUTRAL,1.00,NORMAL,14.42,RANGING,NO,⛔ ADX too high (14.42) - Market trending (RANGING); Max ADX for entry: 6
2026-08-10T18:29:51.796Z,63900.13,13.31,EXTREME_OVERSOLD,FALLING,NO,NO,none,0.00,0.00,0.50,NEUTRAL,1.00,NORMAL,98.81,EXTREME_TREND,NO,⛔ ADX too high (98.81) - Market trending (EXTREME_TREND); Max ADX for entry: 6
2026-08-10T18:30:01.798Z,63900.13,13.32,EXTREME_OVERSOLD,FLAT,YES,YES,30s,1.00,0.00,0.50,NEUTRAL,1.00,NORMAL,99.70,EXTREME_TREND,NO,⛔ ADX too high (99.70) - Market trending (EXTREME_TREND); Max ADX for entry: 6
2026-08-10T18:30:11.797Z,63896.00,12.89,EXTREME_OVERSOLD,FLAT,YES,YES,10s,1.00,0.00,0.50,NEUTRAL,1.00,NORMAL,99.32,EXTREME_TREND,NO,⛔ ADX too high (99.32) - Market trending (EXTREME_TREND); Max ADX for entry: 6
2026-08-10T18:30:21.798Z,63896.01,12.89,EXTREME_OVERSOLD,FLAT,YES,YES,10s,1.00,0.00,0.50,NEUTRAL,1.00,NORMAL,97.42,EXTREME_TREND,NO,⛔ ADX too high (97.42) - Market trending (EXTREME_TREND); Max ADX for entry: 6
2026-08-10T18:30:31.808Z,63896.01,12.89,EXTREME_OVERSOLD,FLAT,YES,YES,10s,1.00,0.00,0.50,NEUTRAL,1.00,NORMAL,62.07,STRONG_TREND,NO,⛔ ADX too high (62.07) - Market trending (STRONG_TREND); Max ADX for entry: 6
2026-08-10T18:30:41.800Z,63892.81,12.58,EXTREME_OVERSOLD,FLAT,NO,NO,none,0.00,0.00,0.50,NEUTRAL,1.00,NORMAL,57.21,STRONG_TREND,NO,⛔ ADX too high (57.21) - Market trending (STRONG_TREND); Max ADX for entry: 6
2026-08-10T18:30:51.801Z,63888.90,12.21,EXTREME_OVERSOLD,FLAT,YES,YES,10s,1.00,0.00,0.50,NEUTRAL,1.00,NORMAL,97.85,EXTREME_TREND,NO,⛔ ADX too high (97.85) - Market trending (EXTREME_TREND); Max ADX for entry: 6
2026-08-10T18:31:01.802Z,63888.91,2.12,EXTREME_OVERSOLD,FALLING,YES,YES,30s,1.00,0.00,0.50,NEUTRAL,1.00,NORMAL,99.46,EXTREME_TREND,NO,⛔ ADX too high (99.46) - Market trending (EXTREME_TREND); Max ADX for entry: 6
2026-08-10T18:31:11.800Z,63905.78,14.19,EXTREME_OVERSOLD,FLAT,YES,YES,10s,1.00,0.00,0.50,NEUTRAL,1.00,NORMAL,99.70,EXTREME_TREND,NO,⛔ ADX too high (99.70) - Market trending (EXTREME_TREND); Max ADX for entry: 6
2026-08-10T18:31:21.815Z,63897.22,13.34,EXTREME_OVERSOLD,FLAT,YES,YES,30s,1.00,0.00,0.50,NEUTRAL,1.00,NORMAL,93.71,EXTREME_TREND,NO,⛔ ADX too high (93.71) - Market trending (EXTREME_TREND); Max ADX for entry: 6
2026-08-10T19:29:41.932Z,64019.45,72.11,EXTREME_OVERBOUGHT,FLAT,YES,YES,30s,1.00,0.00,0.50,NEUTRAL,1.00,NORMAL,98.57,EXTREME_TREND,NO,⛔ ADX too high (98.57) - Market trending (EXTREME_TREND); Max ADX for entry: 6
2026-08-10T19:29:51.935Z,64019.46,72.12,EXTREME_OVERBOUGHT,FLAT,YES,YES,30s,1.00,0.00,0.50,NEUTRAL,1.00,NORMAL,55.93,STRONG_TREND,NO,⛔ ADX too high (55.93) - Market trending (STRONG_TREND); Max ADX for entry: 6
2026-08-10T19:30:01.948Z,64025.87,73.26,EXTREME_OVERBOUGHT,FALLING,YES,YES,10s,1.00,0.00,0.50,NEUTRAL,1.00,NORMAL,99.40,EXTREME_TREND,NO,⛔ ADX too high (99.40) - Market trending (EXTREME_TREND); Max ADX for entry: 6
2026-08-10T19:30:11.935Z,64031.99,69.81,OVERBOUGHT,FALLING,YES,YES,10s,1.00,0.00,0.50,NEUTRAL,1.00,NORMAL,99.90,EXTREME_TREND,NO,⛔ ADX too high (99.90) - Market trending (EXTREME_TREND); Max ADX for entry: 6
2026-08-10T19:30:21.933Z,64056.28,87.40,EXTREME_OVERBOUGHT,RISING,NO,NO,none,0.00,0.00,0.50,NEUTRAL,1.00,NORMAL,98.56,EXTREME_TREND,NO,⛔ ADX too high (98.56) - Market trending (EXTREME_TREND); Max ADX for entry: 6
2026-08-10T19:30:31.937Z,64078.00,88.78,EXTREME_OVERBOUGHT,FALLING,YES,YES,10s,1.00,0.00,0.50,NEUTRAL,1.00,NORMAL,87.36,EXTREME_TREND,NO,⛔ ADX too high (87.36) - Market trending (EXTREME_TREND); Max ADX for entry: 6
2026-08-10T19:30:41.940Z,64062.32,73.39,EXTREME_OVERBOUGHT,RISING,YES,YES,10s,1.00,0.00,0.50,NEUTRAL,1.00,NORMAL,44.63,TRENDING,NO,⛔ ADX too high (44.63) - Market trending (TRENDING); Max ADX for entry: 6
2026-08-10T19:30:51.938Z,64079.95,76.80,EXTREME_OVERBOUGHT,RISING,NO,NO,none,0.00,0.00,0.50,NEUTRAL,1.00,NORMAL,79.42,EXTREME_TREND,NO,⛔ ADX too high (79.42) - Market trending (EXTREME_TREND); Max ADX for entry: 6
2026-08-10T19:31:01.937Z,64079.94,78.69,EXTREME_OVERBOUGHT,RISING,YES,YES,30s,1.00,0.00,0.50,NEUTRAL,1.00,NORMAL,99.96,EXTREME_TREND,NO,⛔ ADX too high (99.96) - Market trending (EXTREME_TREND); Max ADX for entry: 6
2026-08-10T19:31:11.940Z,64072.79,74.73,EXTREME_OVERBOUGHT,FLAT,YES,YES,10s,1.00,0.00,0.50,NEUTRAL,1.00,NORMAL,99.61,EXTREME_TREND,NO,⛔ ADX too high (99.61) - Market trending (EXTREME_TREND); Max ADX for entry: 6
2026-08-10T19:31:21.939Z,64094.58,74.90,EXTREME_OVERBOUGHT,FLAT,YES,YES,10s,1.00,0.00,0.50,NEUTRAL,1.00,NORMAL,36.49,TRENDING,NO,⛔ ADX too high (36.49) - Market trending (TRENDING); Max ADX for entry: 6
2026-08-10T19:31:31.937Z,64092.00,73.52,EXTREME_OVERBOUGHT,FALLING,YES,YES,30s,1.00,0.00,0.50,NEUTRAL,1.00,NORMAL,99.97,EXTREME_TREND,NO,⛔ ADX too high (99.97) - Market trending (EXTREME_TREND); Max ADX for entry: 6
2026-08-10T19:31:41.941Z,64090.72,73.03,EXTREME_OVERBOUGHT,FLAT,YES,YES,10s,1.00,0.00,0.50,NEUTRAL,1.00,NORMAL,71.76,STRONG_TREND,NO,⛔ ADX too high (71.76) - Market trending (STRONG_TREND); Max ADX for entry: 6
2026-08-10T19:31:51.940Z,64078.01,68.48,OVERBOUGHT,FALLING,YES,YES,5m,1.00,0.00,0.50,NEUTRAL,1.00,NORMAL,99.62,EXTREME_TREND,NO,⛔ ADX too high (99.62) - Market trending (EXTREME_TREND); Max ADX for entry: 6
2026-08-10T19:32:01.943Z,64073.08,66.86,OVERBOUGHT,FLAT,YES,YES,10s,1.00,0.00,0.50,NEUTRAL,1.00,NORMAL,99.68,EXTREME_TREND,NO,⛔ ADX too high (99.68) - Market trending (EXTREME_TREND); Max ADX for entry: 6
2026-08-10T19:32:11.941Z,64071.10,67.09,OVERBOUGHT,FLAT,YES,YES,1m,1.00,0.00,0.50,NEUTRAL,1.00,NORMAL,99.20,EXTREME_TREND,NO,⛔ ADX too high (99.20) - Market trending (EXTREME_TREND); Max ADX for entry: 6
2026-08-10T19:32:21.942Z,64077.59,68.20,OVERBOUGHT,FLAT,YES,YES,1m,1.00,0.00,0.50,NEUTRAL,1.00,NORMAL,41.61,TRENDING,NO,⛔ ADX too high (41.61) - Market trending (TRENDING); Max ADX for entry: 6
2026-08-10T19:32:31.946Z,64080.76,69.11,OVERBOUGHT,FLAT,YES,YES,10s,1.00,0.00,0.50,NEUTRAL,1.00,NORMAL,99.75,EXTREME_TREND,NO,⛔ ADX too high (99.75) - Market trending (EXTREME_TREND); Max ADX for entry: 6
2026-08-10T19:32:41.960Z,64085.58,69.79,OVERBOUGHT,FLAT,YES,YES,1m,1.00,0.00,0.50,NEUTRAL,1.00,NORMAL,99.55,EXTREME_TREND,NO,⛔ ADX too high (99.55) - Market trending (EXTREME_TREND); Max ADX for entry: 6
2026-08-10T19:32:51.944Z,64074.19,66.37,OVERBOUGHT,FALLING,YES,YES,10s,1.00,0.00,0.50,NEUTRAL,1.00,NORMAL,21.30,TRANSITION,NO,⛔ ADX too high (21.30) - Market trending (TRANSITION); Max ADX for entry: 6
2026-08-10T19:33:01.946Z,64074.19,66.37,OVERBOUGHT,FLAT,YES,YES,30s,1.00,0.00,0.50,NEUTRAL,1.00,NORMAL,99.36,EXTREME_TREND,NO,⛔ ADX too high (99.36) - Market trending (EXTREME_TREND); Max ADX for entry: 6
2026-08-10T21:05:32.182Z,64115.85,38.58,OVERSOLD,FLAT,YES,YES,30s,1.00,0.00,0.50,NEUTRAL,1.00,NORMAL,85.33,EXTREME_TREND,NO,⛔ ADX too high (85.33) - Market trending (EXTREME_TREND); Max ADX for entry: 6
2026-08-10T21:05:42.182Z,64119.56,41.88,NEUTRAL,RISING,YES,YES,5m,1.00,0.00,0.50,NEUTRAL,1.00,NORMAL,21.24,TRANSITION,NO,⛔ ADX too high (21.24) - Market trending (TRANSITION); Max ADX for entry: 6
2026-08-10T21:05:52.181Z,64119.55,41.87,NEUTRAL,FLAT,YES,YES,30s,1.00,0.00,0.50,NEUTRAL,1.00,NORMAL,95.30,EXTREME_TREND,NO,⛔ ADX too high (95.30) - Market trending (EXTREME_TREND); Max ADX for entry: 6
2026-08-10T21:06:02.183Z,64119.56,41.87,NEUTRAL,FLAT,YES,YES,30s,1.00,0.00,0.50,NEUTRAL,1.00,NORMAL,22.05,TRANSITION,NO,⛔ ADX too high (22.05) - Market trending (TRANSITION); Max ADX for entry: 6
2026-08-10T21:06:12.183Z,64119.56,42.65,NEUTRAL,FLAT,YES,YES,1m,1.00,0.00,0.50,NEUTRAL,1.00,NORMAL,8.53,RANGING,NO,⛔ ADX too high (8.53) - Market trending (RANGING); Max ADX for entry: 6
2026-08-10T21:06:22.182Z,64119.56,45.35,NEUTRAL,RISING,YES,YES,30s,1.00,0.00,0.50,NEUTRAL,1.00,NORMAL,54.91,STRONG_TREND,NO,⛔ ADX too high (54.91) - Market trending (STRONG_TREND); Max ADX for entry: 6
2026-08-10T21:06:32.180Z,64119.56,47.75,NEUTRAL,RISING,YES,YES,1m,1.00,0.75,0.50,NEUTRAL,1.00,NORMAL,3.70,RANGING,NO,RSI neutral (47.8)
2026-08-10T21:06:42.175Z,64119.56,71.90,EXTREME_OVERBOUGHT,RISING,YES,YES,10s,1.00,0.00,0.50,NEUTRAL,1.00,NORMAL,11.07,RANGING,NO,⛔ ADX too high (11.07) - Market trending (RANGING); Max ADX for entry: 6
2026-08-10T21:06:52.182Z,64119.56,71.89,EXTREME_OVERBOUGHT,FLAT,YES,YES,5m,1.00,0.00,0.50,NEUTRAL,1.00,NORMAL,19.88,RANGING,NO,⛔ ADX too high (19.88) - Market trending (RANGING); Max ADX for entry: 6
2026-08-10T21:07:02.189Z,64119.56,59.19,NEUTRAL,FALLING,YES,YES,30s,1.00,0.00,0.50,NEUTRAL,1.00,NORMAL,8.46,RANGING,NO,⛔ ADX too high (8.46) - Market trending (RANGING); Max ADX for entry: 6
2026-08-10T21:07:12.184Z,64119.56,56.70,NEUTRAL,FLAT,YES,YES,10s,1.00,0.00,0.50,NEUTRAL,1.00,NORMAL,54.50,STRONG_TREND,NO,⛔ ADX too high (54.50) - Market trending (STRONG_TREND); Max ADX for entry: 6
2026-08-10T21:07:22.188Z,64119.55,54.88,NEUTRAL,FLAT,YES,YES,5m,1.00,0.00,0.50,NEUTRAL,1.00,NORMAL,67.98,STRONG_TREND,NO,⛔ ADX too high (67.98) - Market trending (STRONG_TREND); Max ADX for entry: 6
2026-08-10T21:07:32.186Z,64119.56,54.91,NEUTRAL,FLAT,YES,YES,30s,1.00,0.00,0.50,NEUTRAL,1.00,NORMAL,35.24,TRENDING,NO,⛔ ADX too high (35.24) - Market trending (TRENDING); Max ADX for entry: 6
2026-08-10T21:07:42.164Z,64119.55,54.88,NEUTRAL,FLAT,YES,YES,5m,1.00,0.00,0.50,NEUTRAL,1.00,NORMAL,7.40,RANGING,NO,⛔ ADX too high (7.40) - Market trending (RANGING); Max ADX for entry: 6
2026-08-10T21:07:52.167Z,64119.55,82.23,EXTREME_OVERBOUGHT,RISING,YES,YES,10s,1.00,0.00,0.50,NEUTRAL,1.00,NORMAL,22.15,TRANSITION,NO,⛔ ADX too high (22.15) - Market trending (TRANSITION); Max ADX for entry: 6
2026-08-10T21:08:02.190Z,64135.67,94.67,EXTREME_OVERBOUGHT,RISING,YES,YES,15m,1.00,0.00,0.50,NEUTRAL,1.00,NORMAL,99.77,EXTREME_TREND,NO,⛔ ADX too high (99.77) - Market trending (EXTREME_TREND); Max ADX for entry: 6
2026-08-10T21:08:12.168Z,64135.99,94.57,EXTREME_OVERBOUGHT,FLAT,YES,YES,30s,1.00,0.00,0.50,NEUTRAL,1.00,NORMAL,99.76,EXTREME_TREND,NO,⛔ ADX too high (99.76) - Market trending (EXTREME_TREND); Max ADX for entry: 6
2026-08-10T21:08:22.165Z,64139.99,95.07,EXTREME_OVERBOUGHT,FLAT,YES,YES,15m,1.00,0.00,0.50,NEUTRAL,1.00,NORMAL,98.62,EXTREME_TREND,NO,⛔ ADX too high (98.62) - Market trending (EXTREME_TREND); Max ADX for entry: 6
2026-08-10T21:08:32.165Z,64140.66,95.15,EXTREME_OVERBOUGHT,FLAT,YES,YES,10s,1.00,0.00,0.50,NEUTRAL,1.00,NORMAL,99.24,EXTREME_TREND,NO,⛔ ADX too high (99.24) - Market trending (EXTREME_TREND); Max ADX for entry: 6
2026-08-10T21:08:42.168Z,64143.99,93.72,EXTREME_OVERBOUGHT,FALLING,YES,YES,15m,1.00,0.00,0.50,NEUTRAL,1.00,NORMAL,100.00,EXTREME_TREND,NO,⛔ ADX too high (100.00) - Market trending (EXTREME_TREND); Max ADX for entry: 6
2026-08-10T21:08:52.168Z,64143.99,98.59,EXTREME_OVERBOUGHT,RISING,YES,YES,30s,1.00,0.00,0.50,NEUTRAL,1.00,NORMAL,99.76,EXTREME_TREND,NO,⛔ ADX too high (99.76) - Market trending (EXTREME_TREND); Max ADX for entry: 6
2026-08-10T21:09:02.172Z,64147.82,98.77,EXTREME_OVERBOUGHT,FLAT,YES,YES,10s,1.00,0.00,0.50,NEUTRAL,1.00,NORMAL,98.52,EXTREME_TREND,NO,⛔ ADX too high (98.52) - Market trending (EXTREME_TREND); Max ADX for entry: 6
2026-08-10T21:09:12.173Z,64147.82,98.80,EXTREME_OVERBOUGHT,FLAT,YES,YES,30s,1.00,0.00,0.50,NEUTRAL,1.00,NORMAL,90.54,EXTREME_TREND,NO,⛔ ADX too high (90.54) - Market trending (EXTREME_TREND); Max ADX for entry: 6
2026-08-10T21:09:22.173Z,64147.83,98.83,EXTREME_OVERBOUGHT,FLAT,YES,YES,30s,1.00,0.00,0.50,NEUTRAL,1.00,NORMAL,100.00,EXTREME_TREND,NO,⛔ ADX too high (100.00) - Market trending (EXTREME_TREND); Max ADX for entry: 6
2026-08-10T21:09:32.171Z,64147.83,98.86,EXTREME_OVERBOUGHT,FLAT,YES,YES,1m,1.00,0.00,0.50,NEUTRAL,1.00,NORMAL,100.00,EXTREME_TREND,NO,⛔ ADX too high (100.00) - Market trending (EXTREME_TREND); Max ADX for entry: 6
2026-08-11T02:33:32.769Z,64052.10,22.51,EXTREME_OVERSOLD,FALLING,NO,NO,none,0.00,0.00,0.50,NEUTRAL,1.00,NORMAL,91.54,EXTREME_TREND,NO,⛔ ADX too high (91.54) - Market trending (EXTREME_TREND); Max ADX for entry: 6
2026-08-11T02:33:42.803Z,64052.09,22.51,EXTREME_OVERSOLD,FLAT,YES,YES,30s,1.00,0.00,0.50,NEUTRAL,1.00,NORMAL,97.43,EXTREME_TREND,NO,⛔ ADX too high (97.43) - Market trending (EXTREME_TREND); Max ADX for entry: 6
2026-08-11T02:33:52.776Z,64052.09,22.56,EXTREME_OVERSOLD,FLAT,YES,YES,30s,1.00,0.00,0.50,NEUTRAL,1.00,NORMAL,57.99,STRONG_TREND,NO,⛔ ADX too high (57.99) - Market trending (STRONG_TREND); Max ADX for entry: 6
2026-08-11T02:34:02.787Z,64045.41,12.33,EXTREME_OVERSOLD,FALLING,NO,NO,none,0.00,0.00,0.50,NEUTRAL,1.00,NORMAL,60.13,STRONG_TREND,NO,⛔ ADX too high (60.13) - Market trending (STRONG_TREND); Max ADX for entry: 6
2026-08-11T02:34:12.770Z,64042.38,10.72,EXTREME_OVERSOLD,FLAT,YES,YES,10s,1.00,0.00,0.50,NEUTRAL,1.00,NORMAL,99.57,EXTREME_TREND,NO,⛔ ADX too high (99.57) - Market trending (EXTREME_TREND); Max ADX for entry: 6
2026-08-11T02:34:22.781Z,64036.18,7.61,EXTREME_OVERSOLD,FALLING,NO,NO,none,0.00,0.00,0.50,NEUTRAL,1.00,NORMAL,95.72,EXTREME_TREND,NO,⛔ ADX too high (95.72) - Market trending (EXTREME_TREND); Max ADX for entry: 6
2026-08-11T02:34:32.801Z,64036.18,7.70,EXTREME_OVERSOLD,FLAT,YES,YES,30s,1.00,0.00,0.50,NEUTRAL,1.00,NORMAL,98.75,EXTREME_TREND,NO,⛔ ADX too high (98.75) - Market trending (EXTREME_TREND); Max ADX for entry: 6
2026-08-11T02:34:42.804Z,64036.19,7.78,EXTREME_OVERSOLD,FLAT,YES,YES,30s,1.00,0.00,0.50,NEUTRAL,1.00,NORMAL,48.90,TRENDING,NO,⛔ ADX too high (48.90) - Market trending (TRENDING); Max ADX for entry: 6
2026-08-11T03:19:52.857Z,64136.01,80.48,EXTREME_OVERBOUGHT,FLAT,YES,YES,10s,1.00,0.00,0.50,NEUTRAL,1.00,NORMAL,99.48,EXTREME_TREND,NO,⛔ ADX too high (99.48) - Market trending (EXTREME_TREND); Max ADX for entry: 6
2026-08-11T03:20:02.861Z,64136.01,80.48,EXTREME_OVERBOUGHT,FLAT,YES,YES,30s,1.00,0.00,0.50,NEUTRAL,1.00,NORMAL,67.59,STRONG_TREND,NO,⛔ ADX too high (67.59) - Market trending (STRONG_TREND); Max ADX for entry: 6
2026-08-11T04:32:13.034Z,64108.58,38.90,OVERSOLD,FLAT,YES,YES,10s,1.00,0.00,0.50,NEUTRAL,1.00,NORMAL,18.29,RANGING,NO,⛔ ADX too high (18.29) - Market trending (RANGING); Max ADX for entry: 6
2026-08-11T04:32:23.035Z,64108.58,39.02,OVERSOLD,FLAT,YES,YES,30s,1.00,0.00,0.50,NEUTRAL,1.00,NORMAL,82.97,EXTREME_TREND,NO,⛔ ADX too high (82.97) - Market trending (EXTREME_TREND); Max ADX for entry: 6
2026-08-11T04:32:33.037Z,64108.58,38.93,OVERSOLD,FLAT,YES,YES,5m,1.00,0.00,0.50,NEUTRAL,1.00,NORMAL,100.00,EXTREME_TREND,NO,⛔ ADX too high (100.00) - Market trending (EXTREME_TREND); Max ADX for entry: 6
2026-08-11T04:32:43.038Z,64108.57,38.75,OVERSOLD,FLAT,YES,YES,5m,1.00,0.00,0.50,NEUTRAL,1.00,NORMAL,11.07,RANGING,NO,⛔ ADX too high (11.07) - Market trending (RANGING); Max ADX for entry: 6
2026-08-11T04:32:53.020Z,64110.18,49.20,NEUTRAL,RISING,YES,YES,5m,1.00,0.00,0.50,NEUTRAL,1.00,NORMAL,18.32,RANGING,NO,⛔ ADX too high (18.32) - Market trending (RANGING); Max ADX for entry: 6
2026-08-11T04:33:03.038Z,64110.18,90.64,EXTREME_OVERBOUGHT,FLAT,YES,YES,10s,1.00,0.00,0.50,NEUTRAL,1.00,NORMAL,94.29,EXTREME_TREND,NO,⛔ ADX too high (94.29) - Market trending (EXTREME_TREND); Max ADX for entry: 6
2026-08-11T04:33:13.040Z,64110.19,90.66,EXTREME_OVERBOUGHT,FLAT,YES,YES,30s,1.00,0.00,0.50,NEUTRAL,1.00,NORMAL,74.21,STRONG_TREND,NO,⛔ ADX too high (74.21) - Market trending (STRONG_TREND); Max ADX for entry: 6
2026-08-11T04:33:23.040Z,64110.19,90.66,EXTREME_OVERBOUGHT,FLAT,YES,YES,1m,1.00,0.00,0.50,NEUTRAL,1.00,NORMAL,28.80,TRENDING,NO,⛔ ADX too high (28.80) - Market trending (TRENDING); Max ADX for entry: 6
2026-08-11T04:53:53.047Z,64044.07,14.25,EXTREME_OVERSOLD,FLAT,YES,YES,5m,1.00,0.00,0.50,NEUTRAL,1.00,NORMAL,18.51,RANGING,NO,⛔ ADX too high (18.51) - Market trending (RANGING); Max ADX for entry: 6
2026-08-11T04:54:03.053Z,64040.01,13.12,EXTREME_OVERSOLD,FALLING,NO,NO,none,0.00,0.00,0.50,NEUTRAL,1.00,NORMAL,22.26,TRANSITION,NO,⛔ ADX too high (22.26) - Market trending (TRANSITION); Max ADX for entry: 6
2026-08-11T04:54:13.028Z,64039.67,10.86,EXTREME_OVERSOLD,FALLING,YES,YES,30s,1.00,0.00,0.50,NEUTRAL,1.00,NORMAL,98.87,EXTREME_TREND,NO,⛔ ADX too high (98.87) - Market trending (EXTREME_TREND); Max ADX for entry: 6
2026-08-11T04:54:23.050Z,64033.09,9.64,EXTREME_OVERSOLD,FLAT,YES,YES,10s,1.00,0.00,0.50,NEUTRAL,1.00,NORMAL,99.52,EXTREME_TREND,NO,⛔ ADX too high (99.52) - Market trending (EXTREME_TREND); Max ADX for entry: 6
2026-08-11T04:54:33.031Z,64038.00,16.61,EXTREME_OVERSOLD,FLAT,YES,YES,10s,1.00,0.00,0.50,NEUTRAL,1.00,NORMAL,37.78,TRENDING,NO,⛔ ADX too high (37.78) - Market trending (TRENDING); Max ADX for entry: 6
2026-08-11T04:54:43.032Z,64038.00,16.61,EXTREME_OVERSOLD,FLAT,YES,YES,30s,1.00,0.00,0.50,NEUTRAL,1.00,NORMAL,99.06,EXTREME_TREND,NO,⛔ ADX too high (99.06) - Market trending (EXTREME_TREND); Max ADX for entry: 6
2026-08-11T04:54:53.049Z,64038.00,16.64,EXTREME_OVERSOLD,FLAT,YES,YES,30s,1.00,0.00,0.50,NEUTRAL,1.00,NORMAL,16.66,RANGING,NO,⛔ ADX too high (16.66) - Market trending (RANGING); Max ADX for entry: 6
2026-08-11T04:55:03.050Z,64038.00,16.63,EXTREME_OVERSOLD,FLAT,YES,YES,1m,1.00,0.00,0.50,NEUTRAL,1.00,NORMAL,43.84,TRENDING,NO,⛔ ADX too high (43.84) - Market trending (TRENDING); Max ADX for entry: 6
2026-08-11T04:55:13.052Z,64038.00,16.64,EXTREME_OVERSOLD,FLAT,YES,YES,1m,1.00,0.00,0.50,NEUTRAL,1.00,NORMAL,61.24,STRONG_TREND,NO,⛔ ADX too high (61.24) - Market trending (STRONG_TREND); Max ADX for entry: 6
2026-08-11T04:55:23.033Z,64038.00,16.63,EXTREME_OVERSOLD,FLAT,YES,YES,1m,1.00,0.00,0.50,NEUTRAL,1.00,NORMAL,14.01,RANGING,NO,⛔ ADX too high (14.01) - Market trending (RANGING); Max ADX for entry: 6
2026-08-11T04:55:33.054Z,64038.00,16.65,EXTREME_OVERSOLD,FLAT,YES,YES,10s,1.00,0.00,0.50,NEUTRAL,1.00,NORMAL,11.10,RANGING,NO,⛔ ADX too high (11.10) - Market trending (RANGING); Max ADX for entry: 6
2026-08-11T04:55:43.049Z,64038.00,23.99,EXTREME_OVERSOLD,RISING,YES,YES,1m,1.00,0.00,0.50,NEUTRAL,1.00,NORMAL,30.50,TRENDING,NO,⛔ ADX too high (30.50) - Market trending (TRENDING); Max ADX for entry: 6
2026-08-11T07:01:53.273Z,63992.00,82.88,EXTREME_OVERBOUGHT,FLAT,YES,YES,1h,1.00,0.00,0.50,NEUTRAL,1.00,NORMAL,98.73,EXTREME_TREND,NO,⛔ ADX too high (98.73) - Market trending (EXTREME_TREND); Max ADX for entry: 6
2026-08-11T07:02:03.275Z,63991.99,81.20,EXTREME_OVERBOUGHT,FLAT,YES,YES,30s,1.00,0.00,0.50,NEUTRAL,1.00,NORMAL,97.91,EXTREME_TREND,NO,⛔ ADX too high (97.91) - Market trending (EXTREME_TREND); Max ADX for entry: 6
2026-08-11T07:02:13.273Z,63992.00,91.06,EXTREME_OVERBOUGHT,RISING,YES,YES,10s,1.00,0.00,0.50,NEUTRAL,1.00,NORMAL,50.21,STRONG_TREND,NO,⛔ ADX too high (50.21) - Market trending (STRONG_TREND); Max ADX for entry: 6
2026-08-11T07:02:23.275Z,63991.99,95.88,EXTREME_OVERBOUGHT,RISING,YES,YES,1m,1.00,0.00,0.50,NEUTRAL,1.00,NORMAL,49.25,TRENDING,NO,⛔ ADX too high (49.25) - Market trending (TRENDING); Max ADX for entry: 6
2026-08-11T07:02:33.275Z,63992.00,95.88,EXTREME_OVERBOUGHT,FLAT,YES,YES,30s,1.00,0.00,0.50,NEUTRAL,1.00,NORMAL,61.30,STRONG_TREND,NO,⛔ ADX too high (61.30) - Market trending (STRONG_TREND); Max ADX for entry: 6
2026-08-11T07:02:43.282Z,63994.00,98.80,EXTREME_OVERBOUGHT,FLAT,NO,NO,none,0.00,0.00,0.50,NEUTRAL,1.00,NORMAL,35.72,TRENDING,NO,⛔ ADX too high (35.72) - Market trending (TRENDING); Max ADX for entry: 6
2026-08-11T07:02:53.279Z,63994.00,98.82,EXTREME_OVERBOUGHT,FLAT,YES,YES,30s,1.00,0.00,0.50,NEUTRAL,1.00,NORMAL,89.32,EXTREME_TREND,NO,⛔ ADX too high (89.32) - Market trending (EXTREME_TREND); Max ADX for entry: 6
2026-08-11T07:03:03.279Z,63994.00,98.78,EXTREME_OVERBOUGHT,FLAT,YES,YES,30s,1.00,0.00,0.50,NEUTRAL,1.00,NORMAL,13.79,RANGING,NO,⛔ ADX too high (13.79) - Market trending (RANGING); Max ADX for entry: 6
2026-08-11T07:03:13.275Z,63994.00,98.76,EXTREME_OVERBOUGHT,FLAT,YES,YES,1m,1.00,0.00,0.50,NEUTRAL,1.00,NORMAL,61.86,STRONG_TREND,NO,⛔ ADX too high (61.86) - Market trending (STRONG_TREND); Max ADX for entry: 6
2026-08-11T07:03:23.277Z,63991.09,92.77,EXTREME_OVERBOUGHT,FALLING,YES,YES,5m,1.00,0.00,0.50,NEUTRAL,1.00,NORMAL,70.54,STRONG_TREND,NO,⛔ ADX too high (70.54) - Market trending (STRONG_TREND); Max ADX for entry: 6
2026-08-11T07:03:33.274Z,63984.01,80.14,EXTREME_OVERBOUGHT,FLAT,YES,YES,10s,1.00,0.00,0.50,NEUTRAL,1.00,NORMAL,99.81,EXTREME_TREND,NO,⛔ ADX too high (99.81) - Market trending (EXTREME_TREND); Max ADX for entry: 6
2026-08-11T07:03:43.278Z,63983.98,79.07,EXTREME_OVERBOUGHT,FLAT,YES,YES,30s,1.00,0.00,0.50,NEUTRAL,1.00,NORMAL,96.19,EXTREME_TREND,NO,⛔ ADX too high (96.19) - Market trending (EXTREME_TREND); Max ADX for entry: 6
2026-08-11T07:03:53.276Z,63983.98,77.93,EXTREME_OVERBOUGHT,FLAT,YES,YES,30s,1.00,0.00,0.50,NEUTRAL,1.00,NORMAL,53.69,STRONG_TREND,NO,⛔ ADX too high (53.69) - Market trending (STRONG_TREND); Max ADX for entry: 6
2026-08-11T07:04:03.277Z,63981.85,69.25,OVERBOUGHT,FLAT,YES,YES,30s,1.00,0.00,0.50,NEUTRAL,1.00,NORMAL,91.27,EXTREME_TREND,NO,⛔ ADX too high (91.27) - Market trending (EXTREME_TREND); Max ADX for entry: 6
2026-08-11T08:15:03.385Z,64049.00,22.58,EXTREME_OVERSOLD,FLAT,YES,YES,10s,1.00,0.00,0.50,NEUTRAL,1.00,NORMAL,63.35,STRONG_TREND,NO,⛔ ADX too high (63.35) - Market trending (STRONG_TREND); Max ADX for entry: 6
2026-08-11T08:15:13.385Z,64044.72,20.27,EXTREME_OVERSOLD,FALLING,YES,YES,1h,1.00,0.00,0.50,NEUTRAL,1.00,NORMAL,58.98,STRONG_TREND,NO,⛔ ADX too high (58.98) - Market trending (STRONG_TREND); Max ADX for entry: 6
2026-08-11T08:15:23.383Z,64044.72,20.28,EXTREME_OVERSOLD,FLAT,YES,YES,30s,1.00,0.00,0.50,NEUTRAL,1.00,NORMAL,98.75,EXTREME_TREND,NO,⛔ ADX too high (98.75) - Market trending (EXTREME_TREND); Max ADX for entry: 6
2026-08-11T08:15:33.384Z,64051.36,31.08,OVERSOLD,RISING,YES,YES,5m,1.00,0.00,0.50,NEUTRAL,1.00,NORMAL,46.88,TRENDING,NO,⛔ ADX too high (46.88) - Market trending (TRENDING); Max ADX for entry: 6
2026-08-11T08:15:43.383Z,64058.00,39.30,OVERSOLD,FLAT,YES,YES,10s,1.00,0.00,0.50,NEUTRAL,1.00,NORMAL,99.75,EXTREME_TREND,NO,⛔ ADX too high (99.75) - Market trending (EXTREME_TREND); Max ADX for entry: 6
2026-08-11T08:15:53.386Z,64057.99,39.29,OVERSOLD,FLAT,YES,YES,30s,1.00,0.00,0.50,NEUTRAL,1.00,NORMAL,99.47,EXTREME_TREND,NO,⛔ ADX too high (99.47) - Market trending (EXTREME_TREND); Max ADX for entry: 6
2026-08-11T08:16:03.384Z,64058.00,39.30,OVERSOLD,FLAT,YES,YES,30s,1.00,0.00,0.50,NEUTRAL,1.00,NORMAL,66.51,STRONG_TREND,NO,⛔ ADX too high (66.51) - Market trending (STRONG_TREND); Max ADX for entry: 6
2026-08-11T08:16:13.385Z,64057.99,31.86,OVERSOLD,FLAT,YES,YES,10s,1.00,0.00,0.50,NEUTRAL,1.00,NORMAL,14.72,RANGING,NO,⛔ ADX too high (14.72) - Market trending (RANGING); Max ADX for entry: 6
2026-08-11T08:16:23.384Z,64058.00,31.85,OVERSOLD,FLAT,YES,YES,1m,1.00,0.00,0.50,NEUTRAL,1.00,NORMAL,31.95,TRENDING,NO,⛔ ADX too high (31.95) - Market trending (TRENDING); Max ADX for entry: 6
2026-08-11T08:16:33.387Z,64057.99,28.98,EXTREME_OVERSOLD,FLAT,YES,YES,30s,1.00,0.00,0.50,NEUTRAL,1.00,NORMAL,10.53,RANGING,NO,⛔ ADX too high (10.53) - Market trending (RANGING); Max ADX for entry: 6
2026-08-11T08:16:43.386Z,64058.00,28.98,EXTREME_OVERSOLD,FLAT,YES,YES,5m,1.00,0.00,0.50,NEUTRAL,1.00,NORMAL,64.96,STRONG_TREND,NO,⛔ ADX too high (64.96) - Market trending (STRONG_TREND); Max ADX for entry: 6
2026-08-11T08:16:53.386Z,64065.99,39.20,OVERSOLD,FLAT,YES,YES,10s,1.00,0.00,0.50,NEUTRAL,1.00,NORMAL,99.65,EXTREME_TREND,NO,⛔ ADX too high (99.65) - Market trending (EXTREME_TREND); Max ADX for entry: 6
2026-08-11T08:17:03.386Z,64066.00,39.19,OVERSOLD,FLAT,YES,YES,30s,1.00,0.00,0.50,NEUTRAL,1.00,NORMAL,96.43,EXTREME_TREND,NO,⛔ ADX too high (96.43) - Market trending (EXTREME_TREND); Max ADX for entry: 6
2026-08-11T08:17:13.389Z,64065.99,49.23,NEUTRAL,RISING,YES,YES,30s,1.00,0.00,0.50,NEUTRAL,1.00,NORMAL,32.44,TRENDING,NO,⛔ ADX too high (32.44) - Market trending (TRENDING); Max ADX for entry: 6
2026-08-11T08:17:23.388Z,64066.00,49.24,NEUTRAL,FLAT,YES,YES,1m,1.00,0.00,0.50,NEUTRAL,1.00,NORMAL,37.64,TRENDING,NO,⛔ ADX too high (37.64) - Market trending (TRENDING); Max ADX for entry: 6
2026-08-11T08:17:33.388Z,64058.01,44.60,NEUTRAL,FLAT,YES,YES,10s,1.00,0.00,0.50,NEUTRAL,1.00,NORMAL,99.80,EXTREME_TREND,NO,⛔ ADX too high (99.80) - Market trending (EXTREME_TREND); Max ADX for entry: 6
2026-08-11T08:17:43.392Z,64054.87,41.91,NEUTRAL,FALLING,YES,YES,1h,1.00,0.00,0.50,NEUTRAL,1.00,NORMAL,100.00,EXTREME_TREND,NO,⛔ ADX too high (100.00) - Market trending (EXTREME_TREND); Max ADX for entry: 6
2026-08-11T08:17:53.392Z,64054.10,52.54,NEUTRAL,RISING,YES,YES,10s,1.00,0.00,0.50,NEUTRAL,1.00,NORMAL,99.16,EXTREME_TREND,NO,⛔ ADX too high (99.16) - Market trending (EXTREME_TREND); Max ADX for entry: 6
2026-08-11T08:18:03.392Z,64054.10,56.66,NEUTRAL,FLAT,YES,YES,30s,1.00,0.00,0.50,NEUTRAL,1.00,NORMAL,99.10,EXTREME_TREND,NO,⛔ ADX too high (99.10) - Market trending (EXTREME_TREND); Max ADX for entry: 6
2026-08-11T08:18:13.393Z,64054.10,56.66,NEUTRAL,FLAT,YES,YES,30s,1.00,0.00,0.50,NEUTRAL,1.00,NORMAL,42.54,TRENDING,NO,⛔ ADX too high (42.54) - Market trending (TRENDING); Max ADX for entry: 6
2026-08-11T08:18:23.392Z,64052.01,53.74,NEUTRAL,FALLING,YES,YES,5m,1.00,0.00,0.50,NEUTRAL,1.00,NORMAL,77.88,EXTREME_TREND,NO,⛔ ADX too high (77.88) - Market trending (EXTREME_TREND); Max ADX for entry: 6
2026-08-11T08:18:33.392Z,64050.00,51.18,NEUTRAL,FLAT,YES,YES,5m,1.00,0.00,0.50,NEUTRAL,1.00,NORMAL,100.00,EXTREME_TREND,NO,⛔ ADX too high (100.00) - Market trending (EXTREME_TREND); Max ADX for entry: 6
2026-08-11T08:18:43.394Z,64050.00,51.19,NEUTRAL,FLAT,YES,YES,30s,1.00,0.00,0.50,NEUTRAL,1.00,NORMAL,98.25,EXTREME_TREND,NO,⛔ ADX too high (98.25) - Market trending (EXTREME_TREND); Max ADX for entry: 6
2026-08-11T08:18:53.395Z,64050.00,51.18,NEUTRAL,FLAT,YES,YES,30s,1.00,0.75,0.50,NEUTRAL,1.00,NORMAL,3.70,RANGING,NO,RSI neutral (51.2)
2026-08-11T08:19:03.393Z,64050.00,51.18,NEUTRAL,FLAT,YES,YES,1m,1.00,0.00,0.50,NEUTRAL,1.00,NORMAL,62.64,STRONG_TREND,NO,⛔ ADX too high (62.64) - Market trending (STRONG_TREND); Max ADX for entry: 6
2026-08-11T08:19:13.394Z,64050.00,51.18,NEUTRAL,FLAT,YES,YES,1m,1.00,0.00,0.50,NEUTRAL,1.00,NORMAL,67.36,STRONG_TREND,NO,⛔ ADX too high (67.36) - Market trending (STRONG_TREND); Max ADX for entry: 6
2026-08-11T08:19:23.395Z,64050.00,51.18,NEUTRAL,FLAT,YES,YES,1m,1.00,0.00,0.50,NEUTRAL,1.00,NORMAL,18.80,RANGING,NO,⛔ ADX too high (18.80) - Market trending (RANGING); Max ADX for entry: 6
2026-08-11T08:19:33.394Z,64050.00,51.19,NEUTRAL,FLAT,YES,YES,10s,1.00,0.00,0.50,NEUTRAL,1.00,NORMAL,13.82,RANGING,NO,⛔ ADX too high (13.82) - Market trending (RANGING); Max ADX for entry: 6
2026-08-11T08:19:43.397Z,64049.69,50.81,NEUTRAL,FLAT,YES,YES,10s,1.00,0.00,0.50,NEUTRAL,1.00,NORMAL,100.00,EXTREME_TREND,NO,⛔ ADX too high (100.00) - Market trending (EXTREME_TREND); Max ADX for entry: 6
2026-08-11T08:19:53.396Z,64049.70,50.83,NEUTRAL,FLAT,YES,YES,10s,1.00,0.00,0.50,NEUTRAL,1.00,NORMAL,91.04,EXTREME_TREND,NO,⛔ ADX too high (91.04) - Market trending (EXTREME_TREND); Max ADX for entry: 6
2026-08-11T08:20:03.397Z,64049.70,50.82,NEUTRAL,FLAT,YES,YES,30s,1.00,0.00,0.50,NEUTRAL,1.00,NORMAL,19.34,RANGING,NO,⛔ ADX too high (19.34) - Market trending (RANGING); Max ADX for entry: 6
2026-08-11T08:20:13.396Z,64052.00,58.96,NEUTRAL,RISING,YES,YES,15m,1.00,0.00,0.50,NEUTRAL,1.00,NORMAL,53.13,STRONG_TREND,NO,⛔ ADX too high (53.13) - Market trending (STRONG_TREND); Max ADX for entry: 6
2026-08-11T08:20:23.397Z,64052.79,59.76,NEUTRAL,FLAT,YES,YES,30s,1.00,0.00,0.50,NEUTRAL,1.00,NORMAL,99.54,EXTREME_TREND,NO,⛔ ADX too high (99.54) - Market trending (EXTREME_TREND); Max ADX for entry: 6
2026-08-11T08:20:33.397Z,64053.58,53.13,NEUTRAL,FALLING,YES,YES,15m,1.00,0.00,0.50,NEUTRAL,1.00,NORMAL,29.09,TRENDING,NO,⛔ ADX too high (29.09) - Market trending (TRENDING); Max ADX for entry: 6
2026-08-11T08:20:43.399Z,64053.57,42.35,NEUTRAL,FLAT,YES,YES,30s,1.00,0.00,0.50,NEUTRAL,1.00,NORMAL,92.82,EXTREME_TREND,NO,⛔ ADX too high (92.82) - Market trending (EXTREME_TREND); Max ADX for entry: 6
2026-08-11T08:20:53.404Z,64053.58,42.36,NEUTRAL,FLAT,YES,YES,30s,1.00,0.00,0.50,NEUTRAL,1.00,NORMAL,6.59,RANGING,NO,⛔ ADX too high (6.59) - Market trending (RANGING); Max ADX for entry: 6
2026-08-11T08:21:03.401Z,64053.58,42.36,NEUTRAL,FLAT,YES,YES,10s,1.00,0.00,0.50,NEUTRAL,1.00,NORMAL,47.99,TRENDING,NO,⛔ ADX too high (47.99) - Market trending (TRENDING); Max ADX for entry: 6
2026-08-11T08:21:13.422Z,64054.00,43.20,NEUTRAL,FLAT,YES,YES,5m,1.00,0.00,0.50,NEUTRAL,1.00,NORMAL,55.09,STRONG_TREND,NO,⛔ ADX too high (55.09) - Market trending (STRONG_TREND); Max ADX for entry: 6
2026-08-11T08:21:23.401Z,64056.75,48.07,NEUTRAL,RISING,YES,YES,5m,1.00,0.00,0.50,NEUTRAL,1.00,NORMAL,82.92,EXTREME_TREND,NO,⛔ ADX too high (82.92) - Market trending (EXTREME_TREND); Max ADX for entry: 6
2026-08-11T08:21:33.402Z,64060.60,53.63,NEUTRAL,RISING,YES,YES,10s,1.00,0.00,0.50,NEUTRAL,1.00,NORMAL,99.50,EXTREME_TREND,NO,⛔ ADX too high (99.50) - Market trending (EXTREME_TREND); Max ADX for entry: 6
2026-08-11T08:21:43.401Z,64060.60,53.62,NEUTRAL,FLAT,YES,YES,30s,1.00,0.00,0.50,NEUTRAL,1.00,NORMAL,99.07,EXTREME_TREND,NO,⛔ ADX too high (99.07) - Market trending (EXTREME_TREND); Max ADX for entry: 6
2026-08-11T08:21:53.422Z,64060.60,40.34,NEUTRAL,FLAT,YES,YES,30s,1.00,0.00,0.50,NEUTRAL,1.00,NORMAL,12.62,RANGING,NO,⛔ ADX too high (12.62) - Market trending (RANGING); Max ADX for entry: 6
2026-08-11T08:22:03.400Z,64060.59,40.32,NEUTRAL,FLAT,YES,YES,1m,1.00,0.00,0.50,NEUTRAL,1.00,NORMAL,7.40,RANGING,NO,⛔ ADX too high (7.40) - Market trending (RANGING); Max ADX for entry: 6
2026-08-11T09:22:43.519Z,64165.70,61.39,OVERBOUGHT,FLAT,YES,YES,1m,1.00,0.00,0.50,NEUTRAL,1.00,NORMAL,57.54,STRONG_TREND,NO,⛔ ADX too high (57.54) - Market trending (STRONG_TREND); Max ADX for entry: 6
2026-08-11T09:22:53.532Z,64184.94,66.29,OVERBOUGHT,RISING,YES,YES,1m,1.00,0.00,0.50,NEUTRAL,1.00,NORMAL,14.72,RANGING,NO,⛔ ADX too high (14.72) - Market trending (RANGING); Max ADX for entry: 6
2026-08-11T09:23:03.516Z,64184.95,65.42,OVERBOUGHT,FLAT,YES,YES,10s,1.00,0.00,0.50,NEUTRAL,1.00,NORMAL,99.00,EXTREME_TREND,NO,⛔ ADX too high (99.00) - Market trending (EXTREME_TREND); Max ADX for entry: 6
2026-08-11T09:23:13.532Z,64190.87,66.75,OVERBOUGHT,RISING,NO,NO,none,0.00,0.00,0.50,NEUTRAL,1.00,NORMAL,50.17,STRONG_TREND,NO,⛔ ADX too high (50.17) - Market trending (STRONG_TREND); Max ADX for entry: 6
2026-08-11T09:23:23.517Z,64190.88,65.65,OVERBOUGHT,FLAT,YES,YES,30s,1.00,0.00,0.50,NEUTRAL,1.00,NORMAL,95.68,EXTREME_TREND,NO,⛔ ADX too high (95.68) - Market trending (EXTREME_TREND); Max ADX for entry: 6
2026-08-11T09:23:33.533Z,64190.87,61.60,OVERBOUGHT,FALLING,YES,YES,30s,1.00,0.00,0.50,NEUTRAL,1.00,NORMAL,53.42,STRONG_TREND,NO,⛔ ADX too high (53.42) - Market trending (STRONG_TREND); Max ADX for entry: 6
2026-08-11T09:23:43.524Z,64190.87,61.60,OVERBOUGHT,FLAT,YES,YES,10s,1.00,0.00,0.50,NEUTRAL,1.00,NORMAL,6.23,RANGING,NO,⛔ ADX too high (6.23) - Market trending (RANGING); Max ADX for entry: 6
2026-08-11T09:23:53.537Z,64192.00,61.93,OVERBOUGHT,FLAT,NO,NO,none,0.00,0.00,0.50,NEUTRAL,1.00,NORMAL,16.90,RANGING,NO,⛔ ADX too high (16.90) - Market trending (RANGING); Max ADX for entry: 6
2026-08-11T09:24:03.520Z,64193.31,60.68,OVERBOUGHT,FALLING,NO,NO,none,0.00,0.00,0.50,NEUTRAL,1.00,NORMAL,95.15,EXTREME_TREND,NO,⛔ ADX too high (95.15) - Market trending (EXTREME_TREND); Max ADX for entry: 6
2026-08-11T09:24:13.538Z,64193.31,60.14,OVERBOUGHT,FLAT,YES,YES,30s,1.00,0.00,0.50,NEUTRAL,1.00,NORMAL,100.00,EXTREME_TREND,NO,⛔ ADX too high (100.00) - Market trending (EXTREME_TREND); Max ADX for entry: 6
2026-08-11T09:36:53.571Z,64185.57,12.79,EXTREME_OVERSOLD,FLAT,YES,YES,1m,1.00,0.00,0.50,NEUTRAL,1.00,NORMAL,53.73,STRONG_TREND,NO,⛔ ADX too high (53.73) - Market trending (STRONG_TREND); Max ADX for entry: 6
2026-08-11T09:37:03.567Z,64185.57,12.85,EXTREME_OVERSOLD,FLAT,YES,YES,5m,1.00,0.00,0.50,NEUTRAL,1.00,NORMAL,60.56,STRONG_TREND,NO,⛔ ADX too high (60.56) - Market trending (STRONG_TREND); Max ADX for entry: 6
2026-08-11T09:37:13.566Z,64185.56,12.87,EXTREME_OVERSOLD,FLAT,YES,YES,5m,1.00,0.00,0.50,NEUTRAL,1.00,NORMAL,69.69,STRONG_TREND,NO,⛔ ADX too high (69.69) - Market trending (STRONG_TREND); Max ADX for entry: 6
2026-08-11T09:37:23.570Z,64185.56,12.89,EXTREME_OVERSOLD,FLAT,YES,YES,1m,1.00,0.00,0.50,NEUTRAL,1.00,NORMAL,59.04,STRONG_TREND,NO,⛔ ADX too high (59.04) - Market trending (STRONG_TREND); Max ADX for entry: 6
2026-08-11T09:37:33.567Z,64185.57,12.90,EXTREME_OVERSOLD,FLAT,YES,YES,10s,1.00,0.00,0.50,NEUTRAL,1.00,NORMAL,30.85,TRENDING,NO,⛔ ADX too high (30.85) - Market trending (TRENDING); Max ADX for entry: 6
2026-08-11T09:37:43.573Z,64185.56,12.90,EXTREME_OVERSOLD,FLAT,YES,YES,1m,1.00,0.00,0.50,NEUTRAL,1.00,NORMAL,7.70,RANGING,NO,⛔ ADX too high (7.70) - Market trending (RANGING); Max ADX for entry: 6
2026-08-11T09:46:43.562Z,64258.61,77.25,EXTREME_OVERBOUGHT,FLAT,YES,YES,1m,1.00,0.00,0.50,NEUTRAL,1.00,NORMAL,26.14,TRENDING,NO,⛔ ADX too high (26.14) - Market trending (TRENDING); Max ADX for entry: 6
2026-08-11T09:46:53.569Z,64258.61,84.25,EXTREME_OVERBOUGHT,FLAT,YES,YES,30s,1.00,0.00,0.50,NEUTRAL,1.00,NORMAL,12.96,RANGING,NO,⛔ ADX too high (12.96) - Market trending (RANGING); Max ADX for entry: 6
2026-08-11T09:47:03.564Z,64258.61,86.30,EXTREME_OVERBOUGHT,RISING,YES,YES,1m,1.00,0.00,0.50,NEUTRAL,1.00,NORMAL,56.11,STRONG_TREND,NO,⛔ ADX too high (56.11) - Market trending (STRONG_TREND); Max ADX for entry: 6
2026-08-11T09:47:13.583Z,64258.61,86.34,EXTREME_OVERBOUGHT,FLAT,YES,YES,5m,1.00,0.00,0.50,NEUTRAL,1.00,NORMAL,65.23,STRONG_TREND,NO,⛔ ADX too high (65.23) - Market trending (STRONG_TREND); Max ADX for entry: 6
2026-08-11T09:47:23.565Z,64258.61,86.36,EXTREME_OVERBOUGHT,FLAT,YES,YES,1m,1.00,0.00,0.50,NEUTRAL,1.00,NORMAL,56.76,STRONG_TREND,NO,⛔ ADX too high (56.76) - Market trending (STRONG_TREND); Max ADX for entry: 6
2026-08-11T09:47:33.586Z,64258.62,86.37,EXTREME_OVERBOUGHT,FLAT,YES,YES,5m,1.00,0.00,0.50,NEUTRAL,1.00,NORMAL,54.89,STRONG_TREND,NO,⛔ ADX too high (54.89) - Market trending (STRONG_TREND); Max ADX for entry: 6
2026-08-11T09:47:43.566Z,64258.62,86.61,EXTREME_OVERBOUGHT,FLAT,YES,YES,5m,1.00,0.00,0.50,NEUTRAL,1.00,NORMAL,13.86,RANGING,NO,⛔ ADX too high (13.86) - Market trending (RANGING); Max ADX for entry: 6
2026-08-11T09:47:53.583Z,64258.62,86.61,EXTREME_OVERBOUGHT,FLAT,YES,YES,10s,1.00,0.00,0.50,NEUTRAL,1.00,NORMAL,63.29,STRONG_TREND,NO,⛔ ADX too high (63.29) - Market trending (STRONG_TREND); Max ADX for entry: 6
2026-08-11T09:48:03.584Z,64268.00,89.60,EXTREME_OVERBOUGHT,FLAT,YES,YES,10s,1.00,0.00,0.50,NEUTRAL,1.00,NORMAL,99.67,EXTREME_TREND,NO,⛔ ADX too high (99.67) - Market trending (EXTREME_TREND); Max ADX for entry: 6
2026-08-11T09:48:13.570Z,64269.99,90.06,EXTREME_OVERBOUGHT,FLAT,YES,YES,10s,1.00,0.00,0.50,NEUTRAL,1.00,NORMAL,99.97,EXTREME_TREND,NO,⛔ ADX too high (99.97) - Market trending (EXTREME_TREND); Max ADX for entry: 6
2026-08-11T09:48:23.569Z,64269.40,85.28,EXTREME_OVERBOUGHT,FALLING,YES,YES,30s,1.00,0.00,0.50,NEUTRAL,1.00,NORMAL,98.01,EXTREME_TREND,NO,⛔ ADX too high (98.01) - Market trending (EXTREME_TREND); Max ADX for entry: 6
2026-08-11T09:48:33.590Z,64269.40,84.65,EXTREME_OVERBOUGHT,FLAT,YES,YES,30s,1.00,0.00,0.50,NEUTRAL,1.00,NORMAL,9.80,RANGING,NO,⛔ ADX too high (9.80) - Market trending (RANGING); Max ADX for entry: 6
2026-08-11T09:48:43.587Z,64269.40,84.69,EXTREME_OVERBOUGHT,FLAT,YES,YES,1m,1.00,0.00,0.50,NEUTRAL,1.00,NORMAL,69.23,STRONG_TREND,NO,⛔ ADX too high (69.23) - Market trending (STRONG_TREND); Max ADX for entry: 6
2026-08-11T09:48:53.568Z,64269.40,84.67,EXTREME_OVERBOUGHT,FLAT,YES,YES,1m,1.00,0.00,0.50,NEUTRAL,1.00,NORMAL,31.95,TRENDING,NO,⛔ ADX too high (31.95) - Market trending (TRENDING); Max ADX for entry: 6
2026-08-11T09:49:03.570Z,64269.39,84.66,EXTREME_OVERBOUGHT,FLAT,YES,YES,1m,1.00,0.00,0.50,NEUTRAL,1.00,NORMAL,14.39,RANGING,NO,⛔ ADX too high (14.39) - Market trending (RANGING); Max ADX for entry: 6
2026-08-11T09:49:13.589Z,64269.40,84.72,EXTREME_OVERBOUGHT,FLAT,YES,YES,5m,1.00,0.00,0.50,NEUTRAL,1.00,NORMAL,19.60,RANGING,NO,⛔ ADX too high (19.60) - Market trending (RANGING); Max ADX for entry: 6
2026-08-11T09:49:23.588Z,64269.39,96.10,EXTREME_OVERBOUGHT,RISING,YES,YES,30s,1.00,0.00,0.50,NEUTRAL,1.00,NORMAL,10.15,RANGING,NO,⛔ ADX too high (10.15) - Market trending (RANGING); Max ADX for entry: 6
2026-08-11T10:13:13.600Z,64248.30,20.33,EXTREME_OVERSOLD,FLAT,YES,YES,10s,1.00,0.00,0.50,NEUTRAL,1.00,NORMAL,95.92,EXTREME_TREND,NO,⛔ ADX too high (95.92) - Market trending (EXTREME_TREND); Max ADX for entry: 6
2026-08-11T10:13:23.637Z,64248.30,11.99,EXTREME_OVERSOLD,FALLING,YES,YES,30s,1.00,0.00,0.50,NEUTRAL,1.00,NORMAL,99.93,EXTREME_TREND,NO,⛔ ADX too high (99.93) - Market trending (EXTREME_TREND); Max ADX for entry: 6
2026-08-11T10:13:33.600Z,64244.00,10.93,EXTREME_OVERSOLD,FLAT,YES,YES,10s,1.00,0.00,0.50,NEUTRAL,1.00,NORMAL,99.70,EXTREME_TREND,NO,⛔ ADX too high (99.70) - Market trending (EXTREME_TREND); Max ADX for entry: 6
2026-08-11T10:13:43.617Z,64244.00,10.95,EXTREME_OVERSOLD,FLAT,YES,YES,30s,1.00,0.00,0.50,NEUTRAL,1.00,NORMAL,99.91,EXTREME_TREND,NO,⛔ ADX too high (99.91) - Market trending (EXTREME_TREND); Max ADX for entry: 6
2026-08-11T10:13:53.640Z,64244.01,11.23,EXTREME_OVERSOLD,FLAT,YES,YES,30s,1.00,0.00,0.50,NEUTRAL,1.00,NORMAL,16.83,RANGING,NO,⛔ ADX too high (16.83) - Market trending (RANGING); Max ADX for entry: 6
2026-08-11T10:14:03.638Z,64244.00,11.39,EXTREME_OVERSOLD,FLAT,YES,YES,10s,1.00,0.00,0.50,NEUTRAL,1.00,NORMAL,85.60,EXTREME_TREND,NO,⛔ ADX too high (85.60) - Market trending (EXTREME_TREND); Max ADX for entry: 6
2026-08-11T10:14:13.638Z,64244.01,11.41,EXTREME_OVERSOLD,FLAT,YES,YES,1m,1.00,0.00,0.50,NEUTRAL,1.00,NORMAL,67.24,STRONG_TREND,NO,⛔ ADX too high (67.24) - Market trending (STRONG_TREND); Max ADX for entry: 6
2026-08-11T10:14:23.649Z,64244.01,11.42,EXTREME_OVERSOLD,FLAT,YES,YES,10s,1.00,0.00,0.50,NEUTRAL,1.00,NORMAL,54.09,STRONG_TREND,NO,⛔ ADX too high (54.09) - Market trending (STRONG_TREND); Max ADX for entry: 6
2026-08-11T10:14:33.641Z,64244.01,11.44,EXTREME_OVERSOLD,FLAT,YES,YES,1m,1.00,0.00,0.50,NEUTRAL,1.00,NORMAL,67.44,STRONG_TREND,NO,⛔ ADX too high (67.44) - Market trending (STRONG_TREND); Max ADX for entry: 6
2026-08-11T10:14:43.640Z,64244.01,11.43,EXTREME_OVERSOLD,FLAT,YES,YES,5m,1.00,0.00,0.50,NEUTRAL,1.00,NORMAL,52.52,STRONG_TREND,NO,⛔ ADX too high (52.52) - Market trending (STRONG_TREND); Max ADX for entry: 6
2026-08-11T10:14:53.658Z,64244.00,11.42,EXTREME_OVERSOLD,FLAT,YES,YES,30s,1.00,0.00,0.50,NEUTRAL,1.00,NORMAL,52.56,STRONG_TREND,NO,⛔ ADX too high (52.56) - Market trending (STRONG_TREND); Max ADX for entry: 6
2026-08-11T10:15:03.641Z,64244.01,11.40,EXTREME_OVERSOLD,FLAT,YES,YES,5m,1.00,0.00,0.50,NEUTRAL,1.00,NORMAL,84.70,EXTREME_TREND,NO,⛔ ADX too high (84.70) - Market trending (EXTREME_TREND); Max ADX for entry: 6
2026-08-11T10:15:13.658Z,64244.00,11.40,EXTREME_OVERSOLD,FLAT,YES,YES,5m,1.00,0.00,0.50,NEUTRAL,1.00,NORMAL,100.00,EXTREME_TREND,NO,⛔ ADX too high (100.00) - Market trending (EXTREME_TREND); Max ADX for entry: 6
2026-08-11T10:15:23.641Z,64244.01,11.39,EXTREME_OVERSOLD,FLAT,YES,YES,10s,1.00,0.00,0.50,NEUTRAL,1.00,NORMAL,9.95,RANGING,NO,⛔ ADX too high (9.95) - Market trending (RANGING); Max ADX for entry: 6
2026-08-11T10:15:33.639Z,64244.01,11.42,EXTREME_OVERSOLD,FLAT,YES,YES,5m,1.00,0.00,0.50,NEUTRAL,1.00,NORMAL,20.62,TRANSITION,NO,⛔ ADX too high (20.62) - Market trending (TRANSITION); Max ADX for entry: 6
2026-08-11T10:15:43.647Z,64244.00,11.42,EXTREME_OVERSOLD,FLAT,YES,YES,5m,1.00,0.00,0.50,NEUTRAL,1.00,NORMAL,15.29,RANGING,NO,⛔ ADX too high (15.29) - Market trending (RANGING); Max ADX for entry: 6
2026-08-11T16:51:24.360Z,63539.21,71.09,EXTREME_OVERBOUGHT,FLAT,YES,YES,10s,1.00,0.00,0.50,NEUTRAL,1.00,NORMAL,99.54,EXTREME_TREND,NO,⛔ ADX too high (99.54) - Market trending (EXTREME_TREND); Max ADX for entry: 6
2026-08-11T16:51:34.365Z,63539.20,71.09,EXTREME_OVERBOUGHT,FLAT,YES,YES,30s,1.00,0.00,0.50,NEUTRAL,1.00,NORMAL,99.54,EXTREME_TREND,NO,⛔ ADX too high (99.54) - Market trending (EXTREME_TREND); Max ADX for entry: 6
2026-08-11T17:56:14.479Z,63619.43,84.60,EXTREME_OVERBOUGHT,FALLING,YES,YES,10s,1.00,0.00,0.50,NEUTRAL,1.00,NORMAL,99.57,EXTREME_TREND,NO,⛔ ADX too high (99.57) - Market trending (EXTREME_TREND); Max ADX for entry: 6
2026-08-11T17:56:24.483Z,63618.16,83.41,EXTREME_OVERBOUGHT,FLAT,YES,YES,30s,1.00,0.00,0.50,NEUTRAL,1.00,NORMAL,99.77,EXTREME_TREND,NO,⛔ ADX too high (99.77) - Market trending (EXTREME_TREND); Max ADX for entry: 6
2026-08-11T18:08:24.502Z,63560.02,19.08,EXTREME_OVERSOLD,FLAT,YES,YES,10s,1.00,0.00,0.50,NEUTRAL,1.00,NORMAL,21.87,TRANSITION,NO,⛔ ADX too high (21.87) - Market trending (TRANSITION); Max ADX for entry: 6
2026-08-11T18:08:34.498Z,63550.00,16.97,EXTREME_OVERSOLD,FALLING,YES,YES,1h,1.00,0.00,0.50,NEUTRAL,1.00,NORMAL,50.00,TRENDING,NO,⛔ ADX too high (50.00) - Market trending (TRENDING); Max ADX for entry: 6
2026-08-11T18:08:44.502Z,63550.01,16.97,EXTREME_OVERSOLD,FLAT,YES,YES,30s,1.00,0.00,0.50,NEUTRAL,1.00,NORMAL,99.57,EXTREME_TREND,NO,⛔ ADX too high (99.57) - Market trending (EXTREME_TREND); Max ADX for entry: 6
2026-08-11T18:08:54.516Z,63550.00,16.97,EXTREME_OVERSOLD,FLAT,YES,YES,30s,1.00,0.00,0.50,NEUTRAL,1.00,NORMAL,66.67,STRONG_TREND,NO,⛔ ADX too high (66.67) - Market trending (STRONG_TREND); Max ADX for entry: 6
2026-08-11T19:01:14.618Z,63365.10,67.41,OVERBOUGHT,FLAT,YES,YES,1m,1.00,0.00,0.50,NEUTRAL,1.00,NORMAL,60.81,STRONG_TREND,NO,⛔ ADX too high (60.81) - Market trending (STRONG_TREND); Max ADX for entry: 6
2026-08-11T19:01:24.631Z,63372.64,70.94,EXTREME_OVERBOUGHT,FLAT,YES,YES,10s,1.00,0.00,0.50,NEUTRAL,1.00,NORMAL,99.44,EXTREME_TREND,NO,⛔ ADX too high (99.44) - Market trending (EXTREME_TREND); Max ADX for entry: 6
2026-08-11T19:01:34.602Z,63380.00,73.00,EXTREME_OVERBOUGHT,FLAT,YES,YES,10s,1.00,0.00,0.50,NEUTRAL,1.00,NORMAL,99.92,EXTREME_TREND,NO,⛔ ADX too high (99.92) - Market trending (EXTREME_TREND); Max ADX for entry: 6
2026-08-11T19:01:44.621Z,63380.00,73.00,EXTREME_OVERBOUGHT,FLAT,YES,YES,10s,1.00,0.00,0.50,NEUTRAL,1.00,NORMAL,99.94,EXTREME_TREND,NO,⛔ ADX too high (99.94) - Market trending (EXTREME_TREND); Max ADX for entry: 6
2026-08-11T19:01:54.622Z,63359.61,56.79,NEUTRAL,FLAT,YES,YES,30s,1.00,0.00,0.50,NEUTRAL,1.00,NORMAL,99.91,EXTREME_TREND,NO,⛔ ADX too high (99.91) - Market trending (EXTREME_TREND); Max ADX for entry: 6
2026-08-11T19:02:04.631Z,63356.01,52.08,NEUTRAL,FALLING,YES,YES,5m,1.00,0.75,0.50,NEUTRAL,1.00,NORMAL,3.70,RANGING,NO,RSI neutral (52.1)
2026-08-11T19:02:14.616Z,63354.53,51.25,NEUTRAL,FLAT,YES,YES,30s,1.00,0.00,0.50,NEUTRAL,1.00,NORMAL,99.56,EXTREME_TREND,NO,⛔ ADX too high (99.56) - Market trending (EXTREME_TREND); Max ADX for entry: 6
2026-08-11T19:02:24.617Z,63354.53,49.19,NEUTRAL,FALLING,YES,YES,30s,1.00,0.00,0.50,NEUTRAL,1.00,NORMAL,9.48,RANGING,NO,⛔ ADX too high (9.48) - Market trending (RANGING); Max ADX for entry: 6
2026-08-11T19:02:34.623Z,63354.01,47.33,NEUTRAL,FALLING,YES,YES,10s,1.00,0.00,0.50,NEUTRAL,1.00,NORMAL,91.79,EXTREME_TREND,NO,⛔ ADX too high (91.79) - Market trending (EXTREME_TREND); Max ADX for entry: 6
2026-08-11T19:02:44.597Z,63359.91,48.32,NEUTRAL,RISING,YES,YES,5m,1.00,0.00,0.50,NEUTRAL,1.00,NORMAL,99.09,EXTREME_TREND,NO,⛔ ADX too high (99.09) - Market trending (EXTREME_TREND); Max ADX for entry: 6
2026-08-11T19:02:54.601Z,63359.90,48.31,NEUTRAL,FLAT,YES,YES,30s,1.00,0.00,0.50,NEUTRAL,1.00,NORMAL,99.22,EXTREME_TREND,NO,⛔ ADX too high (99.22) - Market trending (EXTREME_TREND); Max ADX for entry: 6
2026-08-11T19:03:04.624Z,63359.90,49.34,NEUTRAL,RISING,YES,YES,30s,1.00,0.00,0.50,NEUTRAL,1.00,NORMAL,15.08,RANGING,NO,⛔ ADX too high (15.08) - Market trending (RANGING); Max ADX for entry: 6
2026-08-11T19:03:14.623Z,63359.91,35.38,OVERSOLD,FALLING,YES,YES,1m,1.00,0.00,0.50,NEUTRAL,1.00,NORMAL,7.49,RANGING,NO,⛔ ADX too high (7.49) - Market trending (RANGING); Max ADX for entry: 6
2026-08-11T19:03:24.636Z,63363.58,36.94,OVERSOLD,RISING,YES,YES,5m,1.00,0.00,0.50,NEUTRAL,1.00,NORMAL,51.78,STRONG_TREND,NO,⛔ ADX too high (51.78) - Market trending (STRONG_TREND); Max ADX for entry: 6
2026-08-11T19:03:34.604Z,63369.99,42.19,NEUTRAL,RISING,YES,YES,5m,1.00,0.00,0.50,NEUTRAL,1.00,NORMAL,99.71,EXTREME_TREND,NO,⛔ ADX too high (99.71) - Market trending (EXTREME_TREND); Max ADX for entry: 6
2026-08-11T19:03:44.606Z,63370.00,47.75,NEUTRAL,RISING,YES,YES,30s,1.00,0.00,0.50,NEUTRAL,1.00,NORMAL,98.90,EXTREME_TREND,NO,⛔ ADX too high (98.90) - Market trending (EXTREME_TREND); Max ADX for entry: 6
2026-08-11T19:03:54.627Z,63370.00,47.74,NEUTRAL,FLAT,YES,YES,30s,1.00,0.00,0.50,NEUTRAL,1.00,NORMAL,7.40,RANGING,NO,⛔ ADX too high (7.40) - Market trending (RANGING); Max ADX for entry: 6
2026-08-11T19:04:04.641Z,63350.01,36.89,OVERSOLD,FALLING,NO,NO,none,0.00,0.00,0.50,NEUTRAL,1.00,NORMAL,99.65,EXTREME_TREND,NO,⛔ ADX too high (99.65) - Market trending (EXTREME_TREND); Max ADX for entry: 6
2026-08-11T19:04:14.602Z,63348.03,36.08,OVERSOLD,FLAT,YES,YES,30s,1.00,0.00,0.50,NEUTRAL,1.00,NORMAL,99.06,EXTREME_TREND,NO,⛔ ADX too high (99.06) - Market trending (EXTREME_TREND); Max ADX for entry: 6
2026-08-11T19:04:24.621Z,63348.03,36.08,OVERSOLD,FLAT,YES,YES,30s,1.00,0.00,0.50,NEUTRAL,1.00,NORMAL,97.15,EXTREME_TREND,NO,⛔ ADX too high (97.15) - Market trending (EXTREME_TREND); Max ADX for entry: 6
2026-08-11T19:04:34.625Z,63348.03,36.08,OVERSOLD,FLAT,YES,YES,30s,1.00,0.00,0.50,NEUTRAL,1.00,NORMAL,6.59,RANGING,NO,⛔ ADX too high (6.59) - Market trending (RANGING); Max ADX for entry: 6
2026-08-11T19:04:44.640Z,63348.03,36.08,OVERSOLD,FLAT,YES,YES,1m,1.00,0.00,0.50,NEUTRAL,1.00,NORMAL,6.67,RANGING,NO,⛔ ADX too high (6.67) - Market trending (RANGING); Max ADX for entry: 6
2026-08-11T19:04:54.608Z,63348.02,36.07,OVERSOLD,FLAT,YES,YES,1m,1.00,0.00,0.50,NEUTRAL,1.00,NORMAL,8.33,RANGING,NO,⛔ ADX too high (8.33) - Market trending (RANGING); Max ADX for entry: 6
2026-08-11T19:05:04.627Z,63348.03,38.23,OVERSOLD,RISING,YES,YES,10s,1.00,0.00,0.50,NEUTRAL,1.00,NORMAL,39.46,TRENDING,NO,⛔ ADX too high (39.46) - Market trending (TRENDING); Max ADX for entry: 6
2026-08-11T19:05:14.629Z,63348.03,37.43,OVERSOLD,FLAT,YES,YES,30s,1.00,0.00,0.50,NEUTRAL,1.00,NORMAL,29.09,TRENDING,NO,⛔ ADX too high (29.09) - Market trending (TRENDING); Max ADX for entry: 6
2026-08-11T19:46:34.707Z,63469.19,70.73,EXTREME_OVERBOUGHT,FLAT,YES,YES,10s,1.00,0.00,0.50,NEUTRAL,1.00,NORMAL,11.51,RANGING,NO,⛔ ADX too high (11.51) - Market trending (RANGING); Max ADX for entry: 6
2026-08-11T19:46:44.713Z,63469.19,74.13,EXTREME_OVERBOUGHT,RISING,YES,YES,1m,1.00,0.00,0.50,NEUTRAL,1.00,NORMAL,60.13,STRONG_TREND,NO,⛔ ADX too high (60.13) - Market trending (STRONG_TREND); Max ADX for entry: 6
2026-08-11T19:46:54.732Z,63456.64,68.40,OVERBOUGHT,FALLING,YES,YES,10s,1.00,0.00,0.50,NEUTRAL,1.00,NORMAL,99.76,EXTREME_TREND,NO,⛔ ADX too high (99.76) - Market trending (EXTREME_TREND); Max ADX for entry: 6
2026-08-11T19:47:04.702Z,63456.63,67.36,OVERBOUGHT,FLAT,YES,YES,30s,1.00,0.00,0.50,NEUTRAL,1.00,NORMAL,99.62,EXTREME_TREND,NO,⛔ ADX too high (99.62) - Market trending (EXTREME_TREND); Max ADX for entry: 6
2026-08-11T19:47:14.683Z,63456.33,64.03,OVERBOUGHT,FALLING,YES,YES,10s,1.00,0.00,0.50,NEUTRAL,1.00,NORMAL,85.72,EXTREME_TREND,NO,⛔ ADX too high (85.72) - Market trending (EXTREME_TREND); Max ADX for entry: 6
2026-08-11T19:47:24.705Z,63456.61,63.62,OVERBOUGHT,FLAT,YES,YES,10s,1.00,0.00,0.50,NEUTRAL,1.00,NORMAL,30.61,TRENDING,NO,⛔ ADX too high (30.61) - Market trending (TRENDING); Max ADX for entry: 6
2026-08-11T19:47:34.682Z,63448.01,52.61,NEUTRAL,FLAT,YES,YES,10s,1.00,0.00,0.50,NEUTRAL,1.00,NORMAL,96.41,EXTREME_TREND,NO,⛔ ADX too high (96.41) - Market trending (EXTREME_TREND); Max ADX for entry: 6
2026-08-11T19:47:44.686Z,63451.89,47.21,NEUTRAL,FALLING,YES,YES,10s,1.00,0.00,0.50,NEUTRAL,1.00,NORMAL,59.73,STRONG_TREND,NO,⛔ ADX too high (59.73) - Market trending (STRONG_TREND); Max ADX for entry: 6
2026-08-11T19:47:54.685Z,63451.90,47.77,NEUTRAL,FLAT,YES,YES,30s,1.00,0.00,0.50,NEUTRAL,1.00,NORMAL,75.35,EXTREME_TREND,NO,⛔ ADX too high (75.35) - Market trending (EXTREME_TREND); Max ADX for entry: 6
2026-08-11T19:48:04.689Z,63446.97,45.69,NEUTRAL,FALLING,YES,YES,15m,1.00,0.00,0.50,NEUTRAL,1.00,NORMAL,35.45,TRENDING,NO,⛔ ADX too high (35.45) - Market trending (TRENDING); Max ADX for entry: 6
2026-08-11T19:48:14.681Z,63430.00,39.96,OVERSOLD,FALLING,YES,YES,15m,1.00,0.00,0.50,NEUTRAL,1.00,NORMAL,99.91,EXTREME_TREND,NO,⛔ ADX too high (99.91) - Market trending (EXTREME_TREND); Max ADX for entry: 6
2026-08-11T19:48:24.683Z,63431.99,42.35,NEUTRAL,RISING,YES,YES,30s,1.00,0.00,0.50,NEUTRAL,1.00,NORMAL,99.66,EXTREME_TREND,NO,⛔ ADX too high (99.66) - Market trending (EXTREME_TREND); Max ADX for entry: 6
2026-08-11T19:48:34.686Z,63432.00,42.35,NEUTRAL,FLAT,YES,YES,30s,1.00,0.00,0.50,NEUTRAL,1.00,NORMAL,99.15,EXTREME_TREND,NO,⛔ ADX too high (99.15) - Market trending (EXTREME_TREND); Max ADX for entry: 6
2026-08-11T19:48:44.681Z,63434.54,43.49,NEUTRAL,FLAT,YES,YES,1m,1.00,0.00,0.50,NEUTRAL,1.00,NORMAL,8.66,RANGING,NO,⛔ ADX too high (8.66) - Market trending (RANGING); Max ADX for entry: 6
2026-08-11T19:48:54.682Z,63432.00,44.57,NEUTRAL,FLAT,YES,YES,30s,1.00,0.00,0.50,NEUTRAL,1.00,NORMAL,97.51,EXTREME_TREND,NO,⛔ ADX too high (97.51) - Market trending (EXTREME_TREND); Max ADX for entry: 6
2026-08-11T19:49:04.703Z,63435.39,46.63,NEUTRAL,RISING,YES,YES,10s,1.00,0.00,0.50,NEUTRAL,1.00,NORMAL,40.01,TRENDING,NO,⛔ ADX too high (40.01) - Market trending (TRENDING); Max ADX for entry: 6
2026-08-11T19:49:14.689Z,63436.22,46.98,NEUTRAL,FLAT,YES,YES,10s,1.00,0.00,0.50,NEUTRAL,1.00,NORMAL,94.62,EXTREME_TREND,NO,⛔ ADX too high (94.62) - Market trending (EXTREME_TREND); Max ADX for entry: 6
2026-08-11T19:49:24.688Z,63430.01,44.82,NEUTRAL,FALLING,YES,YES,15m,1.00,0.00,0.50,NEUTRAL,1.00,NORMAL,100.00,EXTREME_TREND,NO,⛔ ADX too high (100.00) - Market trending (EXTREME_TREND); Max ADX for entry: 6
2026-08-11T19:49:34.690Z,63429.02,44.54,NEUTRAL,FLAT,YES,YES,15m,1.00,0.00,0.50,NEUTRAL,1.00,NORMAL,99.89,EXTREME_TREND,NO,⛔ ADX too high (99.89) - Market trending (EXTREME_TREND); Max ADX for entry: 6
2026-08-11T19:49:44.688Z,63422.01,42.35,NEUTRAL,FLAT,YES,YES,30s,1.00,0.00,0.50,NEUTRAL,1.00,NORMAL,99.76,EXTREME_TREND,NO,⛔ ADX too high (99.76) - Market trending (EXTREME_TREND); Max ADX for entry: 6
2026-08-11T19:49:54.688Z,63420.74,41.78,NEUTRAL,FLAT,YES,YES,15m,1.00,0.00,0.50,NEUTRAL,1.00,NORMAL,92.80,EXTREME_TREND,NO,⛔ ADX too high (92.80) - Market trending (EXTREME_TREND); Max ADX for entry: 6
2026-08-11T19:50:04.688Z,63393.32,29.65,EXTREME_OVERSOLD,FALLING,YES,YES,15m,1.00,0.00,0.50,NEUTRAL,1.00,NORMAL,84.05,EXTREME_TREND,NO,⛔ ADX too high (84.05) - Market trending (EXTREME_TREND); Max ADX for entry: 6
2026-08-11T19:50:14.686Z,63400.22,33.42,OVERSOLD,FLAT,YES,YES,30s,1.00,0.00,0.50,NEUTRAL,1.00,NORMAL,55.68,STRONG_TREND,NO,⛔ ADX too high (55.68) - Market trending (STRONG_TREND); Max ADX for entry: 6
2026-08-11T19:50:24.691Z,63400.22,35.92,OVERSOLD,RISING,YES,YES,30s,1.00,0.00,0.50,NEUTRAL,1.00,NORMAL,6.52,RANGING,NO,⛔ ADX too high (6.52) - Market trending (RANGING); Max ADX for entry: 6
2026-08-11T19:50:34.690Z,63391.76,34.00,OVERSOLD,FALLING,YES,YES,15m,1.00,0.00,0.50,NEUTRAL,1.00,NORMAL,98.74,EXTREME_TREND,NO,⛔ ADX too high (98.74) - Market trending (EXTREME_TREND); Max ADX for entry: 6
2026-08-11T19:50:44.689Z,63399.99,37.75,OVERSOLD,RISING,YES,YES,30s,1.00,0.00,0.50,NEUTRAL,1.00,NORMAL,99.65,EXTREME_TREND,NO,⛔ ADX too high (99.65) - Market trending (EXTREME_TREND); Max ADX for entry: 6
2026-08-11T19:50:54.687Z,63400.00,32.94,OVERSOLD,FLAT,YES,YES,10s,1.00,0.00,0.50,NEUTRAL,1.00,NORMAL,99.44,EXTREME_TREND,NO,⛔ ADX too high (99.44) - Market trending (EXTREME_TREND); Max ADX for entry: 6
2026-08-11T19:51:04.688Z,63400.22,27.08,EXTREME_OVERSOLD,FALLING,YES,YES,30s,1.00,0.00,0.50,NEUTRAL,1.00,NORMAL,70.17,STRONG_TREND,NO,⛔ ADX too high (70.17) - Market trending (STRONG_TREND); Max ADX for entry: 6
2026-08-11T19:51:14.693Z,63412.85,30.66,OVERSOLD,RISING,YES,YES,10s,1.00,0.00,0.50,NEUTRAL,1.00,NORMAL,99.86,EXTREME_TREND,NO,⛔ ADX too high (99.86) - Market trending (EXTREME_TREND); Max ADX for entry: 6
2026-08-11T22:53:55.029Z,63660.58,75.54,EXTREME_OVERBOUGHT,FLAT,YES,YES,30s,1.00,0.00,0.50,NEUTRAL,1.00,NORMAL,97.90,EXTREME_TREND,NO,⛔ ADX too high (97.90) - Market trending (EXTREME_TREND); Max ADX for entry: 6
2026-08-11T22:54:05.027Z,63660.58,75.56,EXTREME_OVERBOUGHT,FLAT,YES,YES,30s,1.00,0.00,0.50,NEUTRAL,1.00,NORMAL,41.56,TRENDING,NO,⛔ ADX too high (41.56) - Market trending (TRENDING); Max ADX for entry: 6
2026-08-11T22:54:15.027Z,63660.58,75.58,EXTREME_OVERBOUGHT,FLAT,YES,YES,1m,1.00,0.00,0.50,NEUTRAL,1.00,NORMAL,44.58,TRENDING,NO,⛔ ADX too high (44.58) - Market trending (TRENDING); Max ADX for entry: 6
2026-08-11T22:54:25.030Z,63660.58,75.57,EXTREME_OVERBOUGHT,FLAT,YES,YES,1m,1.00,0.00,0.50,NEUTRAL,1.00,NORMAL,7.74,RANGING,NO,⛔ ADX too high (7.74) - Market trending (RANGING); Max ADX for entry: 6
2026-08-11T22:54:35.031Z,63660.58,75.59,EXTREME_OVERBOUGHT,FLAT,YES,YES,1m,1.00,0.00,0.50,NEUTRAL,1.00,NORMAL,75.35,EXTREME_TREND,NO,⛔ ADX too high (75.35) - Market trending (EXTREME_TREND); Max ADX for entry: 6
2026-08-11T22:54:45.028Z,63660.57,75.60,EXTREME_OVERBOUGHT,FLAT,YES,YES,5m,1.00,0.00,0.50,NEUTRAL,1.00,NORMAL,42.54,TRENDING,NO,⛔ ADX too high (42.54) - Market trending (TRENDING); Max ADX for entry: 6
2026-08-11T22:54:55.036Z,63660.58,75.60,EXTREME_OVERBOUGHT,FLAT,YES,YES,5m,1.00,0.00,0.50,NEUTRAL,1.00,NORMAL,35.45,TRENDING,NO,⛔ ADX too high (35.45) - Market trending (TRENDING); Max ADX for entry: 6
2026-08-11T22:55:05.031Z,63660.56,75.57,EXTREME_OVERBOUGHT,FLAT,YES,YES,10s,1.00,0.00,0.50,NEUTRAL,1.00,NORMAL,36.99,TRENDING,NO,⛔ ADX too high (36.99) - Market trending (TRENDING); Max ADX for entry: 6
2026-08-11T22:55:15.034Z,63660.56,75.59,EXTREME_OVERBOUGHT,FLAT,YES,YES,30s,1.00,0.00,0.50,NEUTRAL,1.00,NORMAL,100.00,EXTREME_TREND,NO,⛔ ADX too high (100.00) - Market trending (EXTREME_TREND); Max ADX for entry: 6
2026-08-11T22:55:25.033Z,63660.56,75.59,EXTREME_OVERBOUGHT,FLAT,YES,YES,30s,1.00,0.00,0.50,NEUTRAL,1.00,NORMAL,12.47,RANGING,NO,⛔ ADX too high (12.47) - Market trending (RANGING); Max ADX for entry: 6
2026-08-11T22:55:35.035Z,63660.55,75.58,EXTREME_OVERBOUGHT,FLAT,YES,YES,5m,1.00,0.00,0.50,NEUTRAL,1.00,NORMAL,70.10,STRONG_TREND,NO,⛔ ADX too high (70.10) - Market trending (STRONG_TREND); Max ADX for entry: 6
2026-08-11T22:55:45.036Z,63660.55,75.56,EXTREME_OVERBOUGHT,FLAT,YES,YES,5m,1.00,0.00,0.50,NEUTRAL,1.00,NORMAL,35.24,TRENDING,NO,⛔ ADX too high (35.24) - Market trending (TRENDING); Max ADX for entry: 6
2026-08-11T23:08:45.105Z,63568.09,22.81,EXTREME_OVERSOLD,FLAT,YES,YES,10s,1.00,0.00,0.50,NEUTRAL,1.00,NORMAL,97.72,EXTREME_TREND,NO,⛔ ADX too high (97.72) - Market trending (EXTREME_TREND); Max ADX for entry: 6
2026-08-11T23:08:55.105Z,63565.22,21.41,EXTREME_OVERSOLD,FLAT,YES,YES,10s,1.00,0.00,0.50,NEUTRAL,1.00,NORMAL,100.00,EXTREME_TREND,NO,⛔ ADX too high (100.00) - Market trending (EXTREME_TREND); Max ADX for entry: 6
2026-08-11T23:09:05.102Z,63565.22,21.40,EXTREME_OVERSOLD,FLAT,YES,YES,30s,1.00,0.00,0.50,NEUTRAL,1.00,NORMAL,98.92,EXTREME_TREND,NO,⛔ ADX too high (98.92) - Market trending (EXTREME_TREND); Max ADX for entry: 6
2026-08-11T23:09:15.106Z,63573.18,32.73,OVERSOLD,FLAT,YES,YES,10s,1.00,0.00,0.50,NEUTRAL,1.00,NORMAL,99.79,EXTREME_TREND,NO,⛔ ADX too high (99.79) - Market trending (EXTREME_TREND); Max ADX for entry: 6
2026-08-11T23:09:25.104Z,63573.18,32.72,OVERSOLD,FLAT,YES,YES,30s,1.00,0.00,0.50,NEUTRAL,1.00,NORMAL,99.67,EXTREME_TREND,NO,⛔ ADX too high (99.67) - Market trending (EXTREME_TREND); Max ADX for entry: 6
2026-08-11T23:09:35.104Z,63573.18,32.72,OVERSOLD,FLAT,YES,YES,30s,1.00,0.00,0.50,NEUTRAL,1.00,NORMAL,99.67,EXTREME_TREND,NO,⛔ ADX too high (99.67) - Market trending (EXTREME_TREND); Max ADX for entry: 6
2026-08-11T23:14:15.092Z,63580.01,60.37,OVERBOUGHT,FLAT,YES,YES,30s,1.00,0.00,0.50,NEUTRAL,1.00,NORMAL,99.54,EXTREME_TREND,NO,⛔ ADX too high (99.54) - Market trending (EXTREME_TREND); Max ADX for entry: 6
2026-08-11T23:14:25.078Z,63580.00,60.35,OVERBOUGHT,FLAT,YES,YES,30s,1.00,0.00,0.50,NEUTRAL,1.00,NORMAL,7.40,RANGING,NO,⛔ ADX too high (7.40) - Market trending (RANGING); Max ADX for entry: 6
2026-08-11T23:14:35.093Z,63580.01,60.38,OVERBOUGHT,FLAT,YES,YES,1m,1.00,0.00,0.50,NEUTRAL,1.00,NORMAL,100.00,EXTREME_TREND,NO,⛔ ADX too high (100.00) - Market trending (EXTREME_TREND); Max ADX for entry: 6
2026-08-11T23:14:45.073Z,63580.01,60.40,OVERBOUGHT,FLAT,YES,YES,1m,1.00,0.00,0.50,NEUTRAL,1.00,NORMAL,100.00,EXTREME_TREND,NO,⛔ ADX too high (100.00) - Market trending (EXTREME_TREND); Max ADX for entry: 6
2026-08-12T00:00:55.175Z,63576.57,25.14,EXTREME_OVERSOLD,FLAT,YES,YES,30s,1.00,0.00,0.50,NEUTRAL,1.00,NORMAL,99.69,EXTREME_TREND,NO,⛔ ADX too high (99.69) - Market trending (EXTREME_TREND); Max ADX for entry: 6
2026-08-12T00:01:05.176Z,63576.58,26.19,EXTREME_OVERSOLD,FLAT,YES,YES,30s,1.00,0.00,0.50,NEUTRAL,1.00,NORMAL,53.93,STRONG_TREND,NO,⛔ ADX too high (53.93) - Market trending (STRONG_TREND); Max ADX for entry: 6
2026-08-12T00:01:15.177Z,63576.58,26.19,EXTREME_OVERSOLD,FLAT,YES,YES,1m,1.00,0.00,0.50,NEUTRAL,1.00,NORMAL,75.35,EXTREME_TREND,NO,⛔ ADX too high (75.35) - Market trending (EXTREME_TREND); Max ADX for entry: 6
2026-08-12T00:01:25.199Z,63546.01,18.57,EXTREME_OVERSOLD,FALLING,NO,NO,none,0.00,0.00,0.50,NEUTRAL,1.00,NORMAL,99.81,EXTREME_TREND,NO,⛔ ADX too high (99.81) - Market trending (EXTREME_TREND); Max ADX for entry: 6
2026-08-12T00:01:35.197Z,63546.00,18.57,EXTREME_OVERSOLD,FLAT,YES,YES,30s,1.00,0.00,0.50,NEUTRAL,1.00,NORMAL,99.90,EXTREME_TREND,NO,⛔ ADX too high (99.90) - Market trending (EXTREME_TREND); Max ADX for entry: 6
2026-08-12T00:01:45.177Z,63556.42,25.91,EXTREME_OVERSOLD,RISING,YES,YES,30s,1.00,0.00,0.50,NEUTRAL,1.00,NORMAL,67.88,STRONG_TREND,NO,⛔ ADX too high (67.88) - Market trending (STRONG_TREND); Max ADX for entry: 6
2026-08-12T00:01:55.178Z,63564.14,30.54,OVERSOLD,FLAT,YES,YES,10s,1.00,0.00,0.50,NEUTRAL,1.00,NORMAL,99.76,EXTREME_TREND,NO,⛔ ADX too high (99.76) - Market trending (EXTREME_TREND); Max ADX for entry: 6
2026-08-12T00:02:05.198Z,63572.00,34.70,OVERSOLD,RISING,YES,YES,10s,1.00,0.00,0.50,NEUTRAL,1.00,NORMAL,99.62,EXTREME_TREND,NO,⛔ ADX too high (99.62) - Market trending (EXTREME_TREND); Max ADX for entry: 6
2026-08-12T00:02:15.201Z,63587.80,41.72,NEUTRAL,RISING,YES,YES,5m,1.00,0.00,0.50,NEUTRAL,1.00,NORMAL,98.20,EXTREME_TREND,NO,⛔ ADX too high (98.20) - Market trending (EXTREME_TREND); Max ADX for entry: 6
2026-08-12T00:02:25.200Z,63588.61,42.04,NEUTRAL,FLAT,YES,YES,30s,1.00,0.00,0.50,NEUTRAL,1.00,NORMAL,100.00,EXTREME_TREND,NO,⛔ ADX too high (100.00) - Market trending (EXTREME_TREND); Max ADX for entry: 6
2026-08-12T00:02:35.196Z,63586.00,41.51,NEUTRAL,FLAT,YES,YES,10s,1.00,0.00,0.50,NEUTRAL,1.00,NORMAL,66.87,STRONG_TREND,NO,⛔ ADX too high (66.87) - Market trending (STRONG_TREND); Max ADX for entry: 6
2026-08-12T00:02:45.200Z,63582.72,40.99,NEUTRAL,FLAT,YES,YES,1m,1.00,0.00,0.50,NEUTRAL,1.00,NORMAL,97.39,EXTREME_TREND,NO,⛔ ADX too high (97.39) - Market trending (EXTREME_TREND); Max ADX for entry: 6
2026-08-12T00:02:55.197Z,63582.72,40.99,NEUTRAL,FLAT,YES,YES,30s,1.00,0.00,0.50,NEUTRAL,1.00,NORMAL,99.59,EXTREME_TREND,NO,⛔ ADX too high (99.59) - Market trending (EXTREME_TREND); Max ADX for entry: 6
2026-08-12T00:19:15.251Z,63615.94,62.07,OVERBOUGHT,FLAT,YES,YES,10s,1.00,0.00,0.50,NEUTRAL,1.00,NORMAL,51.16,STRONG_TREND,NO,⛔ ADX too high (51.16) - Market trending (STRONG_TREND); Max ADX for entry: 6
2026-08-12T00:19:25.252Z,63615.00,58.69,NEUTRAL,FLAT,YES,YES,10s,1.00,0.00,0.50,NEUTRAL,1.00,NORMAL,86.65,EXTREME_TREND,NO,⛔ ADX too high (86.65) - Market trending (EXTREME_TREND); Max ADX for entry: 6
2026-08-12T00:19:35.252Z,63615.00,58.68,NEUTRAL,FLAT,YES,YES,30s,1.00,0.00,0.50,NEUTRAL,1.00,NORMAL,89.54,EXTREME_TREND,NO,⛔ ADX too high (89.54) - Market trending (EXTREME_TREND); Max ADX for entry: 6
2026-08-12T00:19:45.254Z,63615.00,58.68,NEUTRAL,FLAT,YES,YES,30s,1.00,0.00,0.50,NEUTRAL,1.00,NORMAL,52.00,STRONG_TREND,NO,⛔ ADX too high (52.00) - Market trending (STRONG_TREND); Max ADX for entry: 6
2026-08-12T00:19:55.255Z,63618.36,57.43,NEUTRAL,RISING,YES,YES,10s,1.00,0.00,0.50,NEUTRAL,1.00,NORMAL,96.06,EXTREME_TREND,NO,⛔ ADX too high (96.06) - Market trending (EXTREME_TREND); Max ADX for entry: 6
2026-08-12T00:20:05.255Z,63618.37,61.75,OVERBOUGHT,RISING,YES,YES,30s,1.00,0.00,0.50,NEUTRAL,1.00,NORMAL,97.80,EXTREME_TREND,NO,⛔ ADX too high (97.80) - Market trending (EXTREME_TREND); Max ADX for entry: 6
2026-08-12T00:20:15.255Z,63623.99,64.68,OVERBOUGHT,RISING,NO,NO,none,0.00,0.00,0.50,NEUTRAL,1.00,NORMAL,61.53,STRONG_TREND,NO,⛔ ADX too high (61.53) - Market trending (STRONG_TREND); Max ADX for entry: 6
2026-08-12T00:20:25.255Z,63624.00,64.69,OVERBOUGHT,FLAT,YES,YES,10s,1.00,0.00,0.50,NEUTRAL,1.00,NORMAL,97.06,EXTREME_TREND,NO,⛔ ADX too high (97.06) - Market trending (EXTREME_TREND); Max ADX for entry: 6
2026-08-12T00:20:35.258Z,63628.52,79.77,EXTREME_OVERBOUGHT,RISING,NO,NO,none,0.00,0.00,0.50,NEUTRAL,1.00,NORMAL,77.58,EXTREME_TREND,NO,⛔ ADX too high (77.58) - Market trending (EXTREME_TREND); Max ADX for entry: 6
2026-08-12T00:20:45.257Z,63631.07,80.56,EXTREME_OVERBOUGHT,FLAT,YES,YES,10s,1.00,0.00,0.50,NEUTRAL,1.00,NORMAL,97.30,EXTREME_TREND,NO,⛔ ADX too high (97.30) - Market trending (EXTREME_TREND); Max ADX for entry: 6
2026-08-12T00:20:55.256Z,63643.43,82.52,EXTREME_OVERBOUGHT,FLAT,NO,NO,none,0.00,0.00,0.50,NEUTRAL,1.00,NORMAL,99.75,EXTREME_TREND,NO,⛔ ADX too high (99.75) - Market trending (EXTREME_TREND); Max ADX for entry: 6
2026-08-12T00:21:05.255Z,63643.43,82.51,EXTREME_OVERBOUGHT,FLAT,YES,YES,10s,1.00,0.00,0.50,NEUTRAL,1.00,NORMAL,88.37,EXTREME_TREND,NO,⛔ ADX too high (88.37) - Market trending (EXTREME_TREND); Max ADX for entry: 6
2026-08-12T00:21:15.254Z,63643.43,82.51,EXTREME_OVERBOUGHT,FLAT,YES,YES,10s,1.00,0.00,0.50,NEUTRAL,1.00,NORMAL,14.26,RANGING,NO,⛔ ADX too high (14.26) - Market trending (RANGING); Max ADX for entry: 6
2026-08-12T00:21:25.256Z,63649.99,83.81,EXTREME_OVERBOUGHT,FLAT,NO,NO,none,0.00,0.40,0.50,NEUTRAL,1.00,NORMAL,3.70,RANGING,NO,No slowdown detected - waiting for momentum to fade; Confidence too low (40% < 50%)
2026-08-12T00:21:35.261Z,63649.99,83.81,EXTREME_OVERBOUGHT,FLAT,YES,YES,30s,1.00,0.00,0.50,NEUTRAL,1.00,NORMAL,99.39,EXTREME_TREND,NO,⛔ ADX too high (99.39) - Market trending (EXTREME_TREND); Max ADX for entry: 6
2026-08-12T00:21:45.263Z,63649.99,83.81,EXTREME_OVERBOUGHT,FLAT,YES,YES,30s,1.00,0.00,0.50,NEUTRAL,1.00,NORMAL,52.65,STRONG_TREND,NO,⛔ ADX too high (52.65) - Market trending (STRONG_TREND); Max ADX for entry: 6
2026-08-12T00:21:55.261Z,63649.99,83.80,EXTREME_OVERBOUGHT,FLAT,YES,YES,10s,1.00,0.00,0.50,NEUTRAL,1.00,NORMAL,55.15,STRONG_TREND,NO,⛔ ADX too high (55.15) - Market trending (STRONG_TREND); Max ADX for entry: 6
2026-08-12T00:22:05.261Z,63650.61,80.26,EXTREME_OVERBOUGHT,FALLING,YES,YES,10s,1.00,0.00,0.50,NEUTRAL,1.00,NORMAL,97.48,EXTREME_TREND,NO,⛔ ADX too high (97.48) - Market trending (EXTREME_TREND); Max ADX for entry: 6
2026-08-12T00:22:15.258Z,63640.02,72.61,EXTREME_OVERBOUGHT,FALLING,YES,YES,5m,1.00,0.00,0.50,NEUTRAL,1.00,NORMAL,49.34,TRENDING,NO,⛔ ADX too high (49.34) - Market trending (TRENDING); Max ADX for entry: 6
2026-08-12T00:22:25.259Z,63631.07,67.19,OVERBOUGHT,FLAT,YES,YES,10s,1.00,0.00,0.50,NEUTRAL,1.00,NORMAL,99.83,EXTREME_TREND,NO,⛔ ADX too high (99.83) - Market trending (EXTREME_TREND); Max ADX for entry: 6
2026-08-12T00:22:35.260Z,63631.06,74.51,EXTREME_OVERBOUGHT,FLAT,YES,YES,10s,1.00,0.00,0.50,NEUTRAL,1.00,NORMAL,96.94,EXTREME_TREND,NO,⛔ ADX too high (96.94) - Market trending (EXTREME_TREND); Max ADX for entry: 6
2026-08-12T00:22:45.256Z,63631.06,74.51,EXTREME_OVERBOUGHT,FLAT,YES,YES,30s,1.00,0.00,0.50,NEUTRAL,1.00,NORMAL,24.14,TRANSITION,NO,⛔ ADX too high (24.14) - Market trending (TRANSITION); Max ADX for entry: 6
2026-08-12T00:22:55.707Z,63631.06,74.50,EXTREME_OVERBOUGHT,FLAT,YES,YES,30s,1.00,0.00,0.50,NEUTRAL,1.00,NORMAL,23.35,TRANSITION,NO,⛔ ADX too high (23.35) - Market trending (TRANSITION); Max ADX for entry: 6
2026-08-12T00:23:05.258Z,63631.07,74.50,EXTREME_OVERBOUGHT,FLAT,YES,YES,1m,1.00,0.00,0.50,NEUTRAL,1.00,NORMAL,15.75,RANGING,NO,⛔ ADX too high (15.75) - Market trending (RANGING); Max ADX for entry: 6
2026-08-12T00:23:15.262Z,63636.48,75.71,EXTREME_OVERBOUGHT,FLAT,YES,YES,10s,1.00,0.00,0.50,NEUTRAL,1.00,NORMAL,99.47,EXTREME_TREND,NO,⛔ ADX too high (99.47) - Market trending (EXTREME_TREND); Max ADX for entry: 6
2026-08-12T00:23:25.263Z,63644.00,72.98,EXTREME_OVERBOUGHT,FALLING,YES,YES,10s,1.00,0.00,0.50,NEUTRAL,1.00,NORMAL,99.86,EXTREME_TREND,NO,⛔ ADX too high (99.86) - Market trending (EXTREME_TREND); Max ADX for entry: 6
2026-08-12T00:23:35.261Z,63649.87,74.04,EXTREME_OVERBOUGHT,FLAT,YES,YES,10s,1.00,0.00,0.50,NEUTRAL,1.00,NORMAL,99.91,EXTREME_TREND,NO,⛔ ADX too high (99.91) - Market trending (EXTREME_TREND); Max ADX for entry: 6
2026-08-12T00:23:45.700Z,63649.86,69.03,OVERBOUGHT,FALLING,YES,YES,10s,1.00,0.00,0.50,NEUTRAL,1.00,NORMAL,66.32,STRONG_TREND,NO,⛔ ADX too high (66.32) - Market trending (STRONG_TREND); Max ADX for entry: 6
2026-08-12T00:23:55.262Z,63649.86,69.03,OVERBOUGHT,FLAT,YES,YES,30s,1.00,0.00,0.50,NEUTRAL,1.00,NORMAL,72.21,STRONG_TREND,NO,⛔ ADX too high (72.21) - Market trending (STRONG_TREND); Max ADX for entry: 6
2026-08-12T00:24:05.260Z,63649.86,69.04,OVERBOUGHT,FLAT,YES,YES,30s,1.00,0.00,0.50,NEUTRAL,1.00,NORMAL,6.45,RANGING,NO,⛔ ADX too high (6.45) - Market trending (RANGING); Max ADX for entry: 6
2026-08-12T00:24:15.258Z,63653.59,70.28,EXTREME_OVERBOUGHT,FLAT,NO,NO,none,0.00,0.00,0.50,NEUTRAL,1.00,NORMAL,98.94,EXTREME_TREND,NO,⛔ ADX too high (98.94) - Market trending (EXTREME_TREND); Max ADX for entry: 6
2026-08-12T00:24:25.261Z,63668.39,75.02,EXTREME_OVERBOUGHT,RISING,NO,NO,none,0.00,0.00,0.50,NEUTRAL,1.00,NORMAL,92.93,EXTREME_TREND,NO,⛔ ADX too high (92.93) - Market trending (EXTREME_TREND); Max ADX for entry: 6
2026-08-12T00:24:35.260Z,63672.57,75.96,EXTREME_OVERBOUGHT,FLAT,YES,YES,10s,1.00,0.00,0.50,NEUTRAL,1.00,NORMAL,99.68,EXTREME_TREND,NO,⛔ ADX too high (99.68) - Market trending (EXTREME_TREND); Max ADX for entry: 6
2026-08-12T00:24:45.264Z,63671.86,73.23,EXTREME_OVERBOUGHT,FLAT,YES,YES,10s,1.00,0.00,0.50,NEUTRAL,1.00,NORMAL,99.19,EXTREME_TREND,NO,⛔ ADX too high (99.19) - Market trending (EXTREME_TREND); Max ADX for entry: 6
2026-08-12T00:24:55.258Z,63680.20,74.28,EXTREME_OVERBOUGHT,FLAT,NO,NO,none,0.00,0.00,0.50,NEUTRAL,1.00,NORMAL,58.90,STRONG_TREND,NO,⛔ ADX too high (58.90) - Market trending (STRONG_TREND); Max ADX for entry: 6
2026-08-12T00:25:05.259Z,63681.99,74.64,EXTREME_OVERBOUGHT,FLAT,YES,YES,1m,0.69,0.00,0.50,NEUTRAL,1.00,NORMAL,98.91,EXTREME_TREND,NO,⛔ ADX too high (98.91) - Market trending (EXTREME_TREND); Max ADX for entry: 6
2026-08-12T00:25:15.262Z,63681.99,73.49,EXTREME_OVERBOUGHT,FALLING,YES,YES,30s,1.00,0.00,0.50,NEUTRAL,1.00,NORMAL,99.03,EXTREME_TREND,NO,⛔ ADX too high (99.03) - Market trending (EXTREME_TREND); Max ADX for entry: 6
2026-08-12T00:25:25.262Z,63668.25,66.12,OVERBOUGHT,FLAT,YES,YES,10s,1.00,0.00,0.50,NEUTRAL,1.00,NORMAL,99.78,EXTREME_TREND,NO,⛔ ADX too high (99.78) - Market trending (EXTREME_TREND); Max ADX for entry: 6
2026-08-12T00:25:35.260Z,63663.29,61.92,OVERBOUGHT,FALLING,YES,YES,10s,1.00,0.00,0.50,NEUTRAL,1.00,NORMAL,99.74,EXTREME_TREND,NO,⛔ ADX too high (99.74) - Market trending (EXTREME_TREND); Max ADX for entry: 6
2026-08-12T00:25:45.261Z,63668.57,63.36,OVERBOUGHT,RISING,YES,YES,30s,1.00,0.00,0.50,NEUTRAL,1.00,NORMAL,35.24,TRENDING,NO,⛔ ADX too high (35.24) - Market trending (TRENDING); Max ADX for entry: 6
2026-08-12T00:25:55.261Z,63669.57,60.33,OVERBOUGHT,FLAT,YES,YES,1m,1.00,0.00,0.50,NEUTRAL,1.00,NORMAL,99.17,EXTREME_TREND,NO,⛔ ADX too high (99.17) - Market trending (EXTREME_TREND); Max ADX for entry: 6
2026-08-12T00:26:05.260Z,63685.40,64.75,OVERBOUGHT,RISING,NO,NO,none,0.00,0.00,0.50,NEUTRAL,1.00,NORMAL,98.34,EXTREME_TREND,NO,⛔ ADX too high (98.34) - Market trending (EXTREME_TREND); Max ADX for entry: 6
2026-08-12T00:26:15.261Z,63685.40,64.74,OVERBOUGHT,FLAT,YES,YES,30s,1.00,0.00,0.50,NEUTRAL,1.00,NORMAL,99.08,EXTREME_TREND,NO,⛔ ADX too high (99.08) - Market trending (EXTREME_TREND); Max ADX for entry: 6
2026-08-12T00:26:25.260Z,63685.40,63.03,OVERBOUGHT,FALLING,YES,YES,30s,1.00,0.00,0.50,NEUTRAL,1.00,NORMAL,6.19,RANGING,NO,⛔ ADX too high (6.19) - Market trending (RANGING); Max ADX for entry: 6
2026-08-12T00:26:35.265Z,63685.39,63.03,OVERBOUGHT,FLAT,YES,YES,1m,1.00,0.00,0.50,NEUTRAL,1.00,NORMAL,22.19,TRANSITION,NO,⛔ ADX too high (22.19) - Market trending (TRANSITION); Max ADX for entry: 6
2026-08-12T00:26:45.267Z,63685.40,63.03,OVERBOUGHT,FLAT,YES,YES,1m,1.00,0.00,0.50,NEUTRAL,1.00,NORMAL,7.45,RANGING,NO,⛔ ADX too high (7.45) - Market trending (RANGING); Max ADX for entry: 6
2026-08-12T00:26:55.265Z,63683.10,61.99,OVERBOUGHT,FLAT,YES,YES,10s,1.00,0.00,0.50,NEUTRAL,1.00,NORMAL,98.41,EXTREME_TREND,NO,⛔ ADX too high (98.41) - Market trending (EXTREME_TREND); Max ADX for entry: 6
2026-08-12T00:27:05.262Z,63683.11,62.83,OVERBOUGHT,RISING,YES,YES,30s,1.00,0.00,0.50,NEUTRAL,1.00,NORMAL,99.79,EXTREME_TREND,NO,⛔ ADX too high (99.79) - Market trending (EXTREME_TREND); Max ADX for entry: 6
2026-08-12T00:27:15.263Z,63683.11,68.57,OVERBOUGHT,RISING,YES,YES,30s,1.00,0.00,0.50,NEUTRAL,1.00,NORMAL,14.71,RANGING,NO,⛔ ADX too high (14.71) - Market trending (RANGING); Max ADX for entry: 6
2026-08-12T00:27:25.265Z,63684.88,74.70,EXTREME_OVERBOUGHT,FLAT,YES,YES,1m,1.00,0.00,0.50,NEUTRAL,1.00,NORMAL,98.50,EXTREME_TREND,NO,⛔ ADX too high (98.50) - Market trending (EXTREME_TREND); Max ADX for entry: 6
2026-08-12T00:27:35.265Z,63687.45,75.29,EXTREME_OVERBOUGHT,FLAT,YES,YES,10s,0.64,0.00,0.50,NEUTRAL,1.00,NORMAL,93.97,EXTREME_TREND,NO,⛔ ADX too high (93.97) - Market trending (EXTREME_TREND); Max ADX for entry: 6
2026-08-12T00:27:45.266Z,63693.99,76.66,EXTREME_OVERBOUGHT,FLAT,NO,NO,none,0.00,0.00,0.50,NEUTRAL,1.00,NORMAL,99.83,EXTREME_TREND,NO,⛔ ADX too high (99.83) - Market trending (EXTREME_TREND); Max ADX for entry: 6
2026-08-12T00:27:55.269Z,63694.51,76.77,EXTREME_OVERBOUGHT,FLAT,YES,YES,10s,1.00,0.00,0.50,NEUTRAL,1.00,NORMAL,99.10,EXTREME_TREND,NO,⛔ ADX too high (99.10) - Market trending (EXTREME_TREND); Max ADX for entry: 6
2026-08-12T00:28:05.270Z,63698.00,76.96,EXTREME_OVERBOUGHT,FLAT,YES,YES,10s,1.00,0.00,0.50,NEUTRAL,1.00,NORMAL,98.72,EXTREME_TREND,NO,⛔ ADX too high (98.72) - Market trending (EXTREME_TREND); Max ADX for entry: 6
2026-08-12T00:28:15.278Z,63698.00,75.72,EXTREME_OVERBOUGHT,FLAT,YES,YES,30s,1.00,0.00,0.50,NEUTRAL,1.00,NORMAL,97.03,EXTREME_TREND,NO,⛔ ADX too high (97.03) - Market trending (EXTREME_TREND); Max ADX for entry: 6
2026-08-12T00:28:25.282Z,63697.99,74.75,EXTREME_OVERBOUGHT,FLAT,YES,YES,30s,1.00,0.00,0.50,NEUTRAL,1.00,NORMAL,67.04,STRONG_TREND,NO,⛔ ADX too high (67.04) - Market trending (STRONG_TREND); Max ADX for entry: 6
2026-08-12T00:28:35.284Z,63697.99,73.30,EXTREME_OVERBOUGHT,FLAT,YES,YES,1m,1.00,0.00,0.50,NEUTRAL,1.00,NORMAL,6.90,RANGING,NO,⛔ ADX too high (6.90) - Market trending (RANGING); Max ADX for entry: 6
2026-08-12T00:28:45.287Z,63697.99,73.31,EXTREME_OVERBOUGHT,FLAT,YES,YES,30s,1.00,0.00,0.50,NEUTRAL,1.00,NORMAL,18.32,RANGING,NO,⛔ ADX too high (18.32) - Market trending (RANGING); Max ADX for entry: 6
2026-08-12T00:28:55.282Z,63698.00,73.31,EXTREME_OVERBOUGHT,FLAT,YES,YES,10s,1.00,0.00,0.50,NEUTRAL,1.00,NORMAL,37.06,TRENDING,NO,⛔ ADX too high (37.06) - Market trending (TRENDING); Max ADX for entry: 6
2026-08-12T00:29:05.287Z,63680.79,62.84,OVERBOUGHT,FALLING,YES,YES,5m,1.00,0.00,0.50,NEUTRAL,1.00,NORMAL,50.29,STRONG_TREND,NO,⛔ ADX too high (50.29) - Market trending (STRONG_TREND); Max ADX for entry: 6
2026-08-12T00:29:15.263Z,63680.01,61.25,OVERBOUGHT,FLAT,YES,YES,10s,1.00,0.00,0.50,NEUTRAL,1.00,NORMAL,99.58,EXTREME_TREND,NO,⛔ ADX too high (99.58) - Market trending (EXTREME_TREND); Max ADX for entry: 6
2026-08-12T00:29:25.263Z,63680.01,55.66,NEUTRAL,FALLING,YES,YES,30s,1.00,0.00,0.50,NEUTRAL,1.00,NORMAL,99.11,EXTREME_TREND,NO,⛔ ADX too high (99.11) - Market trending (EXTREME_TREND); Max ADX for entry: 6
2026-08-12T00:29:35.263Z,63670.00,48.81,NEUTRAL,FLAT,YES,YES,30s,1.00,0.00,0.50,NEUTRAL,1.00,NORMAL,99.71,EXTREME_TREND,NO,⛔ ADX too high (99.71) - Market trending (EXTREME_TREND); Max ADX for entry: 6
2026-08-12T00:29:45.265Z,63666.90,47.52,NEUTRAL,FALLING,YES,YES,10s,1.00,0.00,0.50,NEUTRAL,1.00,NORMAL,99.48,EXTREME_TREND,NO,⛔ ADX too high (99.48) - Market trending (EXTREME_TREND); Max ADX for entry: 6
2026-08-12T00:29:55.264Z,63666.90,42.76,NEUTRAL,FLAT,YES,YES,30s,1.00,0.00,0.50,NEUTRAL,1.00,NORMAL,99.73,EXTREME_TREND,NO,⛔ ADX too high (99.73) - Market trending (EXTREME_TREND); Max ADX for entry: 6
2026-08-12T00:30:05.266Z,63675.82,46.88,NEUTRAL,RISING,YES,YES,1m,1.00,0.00,0.50,NEUTRAL,1.00,NORMAL,7.55,RANGING,NO,⛔ ADX too high (7.55) - Market trending (RANGING); Max ADX for entry: 6
2026-08-12T00:30:15.263Z,63676.00,50.00,NEUTRAL,RISING,YES,YES,10s,1.00,0.00,0.50,NEUTRAL,1.00,NORMAL,99.50,EXTREME_TREND,NO,⛔ ADX too high (99.50) - Market trending (EXTREME_TREND); Max ADX for entry: 6
2026-08-12T00:30:25.268Z,63678.00,55.58,NEUTRAL,FLAT,NO,NO,none,0.00,0.00,0.50,NEUTRAL,1.00,NORMAL,45.00,TRENDING,NO,⛔ ADX too high (45.00) - Market trending (TRENDING); Max ADX for entry: 6
2026-08-12T00:30:35.263Z,63694.37,65.73,OVERBOUGHT,RISING,NO,NO,none,0.00,0.00,0.50,NEUTRAL,1.00,NORMAL,98.22,EXTREME_TREND,NO,⛔ ADX too high (98.22) - Market trending (EXTREME_TREND); Max ADX for entry: 6
2026-08-12T00:30:45.267Z,63692.01,61.87,OVERBOUGHT,FALLING,YES,YES,30s,1.00,0.00,0.50,NEUTRAL,1.00,NORMAL,98.77,EXTREME_TREND,NO,⛔ ADX too high (98.77) - Market trending (EXTREME_TREND); Max ADX for entry: 6
2026-08-12T00:30:55.265Z,63692.01,59.65,NEUTRAL,FALLING,YES,YES,30s,1.00,0.00,0.50,NEUTRAL,1.00,NORMAL,99.16,EXTREME_TREND,NO,⛔ ADX too high (99.16) - Market trending (EXTREME_TREND); Max ADX for entry: 6
2026-08-12T00:31:05.269Z,63686.51,50.55,NEUTRAL,FALLING,YES,YES,1m,1.00,0.00,0.50,NEUTRAL,1.00,NORMAL,15.33,RANGING,NO,⛔ ADX too high (15.33) - Market trending (RANGING); Max ADX for entry: 6
2026-08-12T00:31:15.269Z,63686.51,50.55,NEUTRAL,FLAT,YES,YES,30s,1.00,0.00,0.50,NEUTRAL,1.00,NORMAL,99.72,EXTREME_TREND,NO,⛔ ADX too high (99.72) - Market trending (EXTREME_TREND); Max ADX for entry: 6
2026-08-12T00:31:25.270Z,63686.51,50.55,NEUTRAL,FLAT,YES,YES,30s,1.00,0.00,0.50,NEUTRAL,1.00,NORMAL,57.21,STRONG_TREND,NO,⛔ ADX too high (57.21) - Market trending (STRONG_TREND); Max ADX for entry: 6
2026-08-12T00:31:35.267Z,63693.33,53.71,NEUTRAL,RISING,YES,YES,1m,1.00,0.00,0.50,NEUTRAL,1.00,NORMAL,71.44,STRONG_TREND,NO,⛔ ADX too high (71.44) - Market trending (STRONG_TREND); Max ADX for entry: 6
2026-08-12T00:31:45.268Z,63693.33,53.71,NEUTRAL,FLAT,YES,YES,30s,1.00,0.00,0.50,NEUTRAL,1.00,NORMAL,99.61,EXTREME_TREND,NO,⛔ ADX too high (99.61) - Market trending (EXTREME_TREND); Max ADX for entry: 6
2026-08-12T00:31:55.714Z,63693.33,54.89,NEUTRAL,FLAT,YES,YES,30s,1.00,0.00,0.50,NEUTRAL,1.00,NORMAL,12.61,RANGING,NO,⛔ ADX too high (12.61) - Market trending (RANGING); Max ADX for entry: 6
2026-08-12T00:32:05.270Z,63693.32,54.88,NEUTRAL,FLAT,YES,YES,30s,1.00,0.00,0.50,NEUTRAL,1.00,NORMAL,52.70,STRONG_TREND,NO,⛔ ADX too high (52.70) - Market trending (STRONG_TREND); Max ADX for entry: 6
2026-08-12T00:32:15.266Z,63698.35,56.95,NEUTRAL,RISING,NO,NO,none,0.00,0.35,0.50,NEUTRAL,1.00,NORMAL,5.31,RANGING,NO,RSI overbought (57.0); No slowdown detected - waiting for momentum to fade; Confidence too low (35% < 50%)
2026-08-12T00:32:25.271Z,63699.99,56.89,NEUTRAL,FLAT,NO,NO,none,0.00,0.00,0.50,NEUTRAL,1.00,NORMAL,98.60,EXTREME_TREND,NO,⛔ ADX too high (98.60) - Market trending (EXTREME_TREND); Max ADX for entry: 6
2026-08-12T00:32:35.266Z,63699.99,54.63,NEUTRAL,FALLING,YES,YES,30s,1.00,0.00,0.50,NEUTRAL,1.00,NORMAL,99.09,EXTREME_TREND,NO,⛔ ADX too high (99.09) - Market trending (EXTREME_TREND); Max ADX for entry: 6
2026-08-12T00:32:45.269Z,63699.99,52.98,NEUTRAL,FLAT,YES,YES,30s,1.00,0.00,0.50,NEUTRAL,1.00,NORMAL,99.09,EXTREME_TREND,NO,⛔ ADX too high (99.09) - Market trending (EXTREME_TREND); Max ADX for entry: 6
2026-08-12T00:32:55.267Z,63699.99,52.75,NEUTRAL,FLAT,YES,YES,1m,1.00,0.75,0.50,NEUTRAL,1.00,NORMAL,3.70,RANGING,NO,RSI neutral (52.8)
2026-08-12T00:33:05.270Z,63703.84,52.91,NEUTRAL,FLAT,YES,YES,10s,1.00,0.00,0.50,NEUTRAL,1.00,NORMAL,99.66,EXTREME_TREND,NO,⛔ ADX too high (99.66) - Market trending (EXTREME_TREND); Max ADX for entry: 6
2026-08-12T00:33:15.268Z,63700.51,51.15,NEUTRAL,FALLING,YES,YES,30s,1.00,0.00,0.50,NEUTRAL,1.00,NORMAL,100.00,EXTREME_TREND,NO,⛔ ADX too high (100.00) - Market trending (EXTREME_TREND); Max ADX for entry: 6
2026-08-12T00:33:25.271Z,63700.51,51.15,NEUTRAL,FLAT,YES,YES,30s,1.00,0.00,0.50,NEUTRAL,1.00,NORMAL,61.23,STRONG_TREND,NO,⛔ ADX too high (61.23) - Market trending (STRONG_TREND); Max ADX for entry: 6
2026-08-12T00:33:35.271Z,63691.86,47.40,NEUTRAL,FALLING,YES,YES,15m,1.00,0.00,0.50,NEUTRAL,1.00,NORMAL,97.35,EXTREME_TREND,NO,⛔ ADX too high (97.35) - Market trending (EXTREME_TREND); Max ADX for entry: 6
2026-08-12T00:33:45.268Z,63693.13,47.96,NEUTRAL,FLAT,YES,YES,30s,1.00,0.00,0.50,NEUTRAL,1.00,NORMAL,99.39,EXTREME_TREND,NO,⛔ ADX too high (99.39) - Market trending (EXTREME_TREND); Max ADX for entry: 6
2026-08-12T00:33:55.269Z,63695.99,49.18,NEUTRAL,FLAT,YES,YES,10s,1.00,0.00,0.50,NEUTRAL,1.00,NORMAL,99.04,EXTREME_TREND,NO,⛔ ADX too high (99.04) - Market trending (EXTREME_TREND); Max ADX for entry: 6
2026-08-12T00:34:05.719Z,63703.15,59.96,NEUTRAL,RISING,YES,YES,1m,1.00,0.00,0.50,NEUTRAL,1.00,NORMAL,95.41,EXTREME_TREND,NO,⛔ ADX too high (95.41) - Market trending (EXTREME_TREND); Max ADX for entry: 6
2026-08-12T00:34:15.272Z,63707.27,60.52,OVERBOUGHT,FLAT,YES,YES,10s,1.00,0.00,0.50,NEUTRAL,1.00,NORMAL,27.24,TRENDING,NO,⛔ ADX too high (27.24) - Market trending (TRENDING); Max ADX for entry: 6
2026-08-12T00:34:25.270Z,63707.26,65.59,OVERBOUGHT,RISING,YES,YES,30s,1.00,0.00,0.50,NEUTRAL,1.00,NORMAL,90.74,EXTREME_TREND,NO,⛔ ADX too high (90.74) - Market trending (EXTREME_TREND); Max ADX for entry: 6
2026-08-12T00:34:35.275Z,63707.27,65.59,OVERBOUGHT,FLAT,YES,YES,10s,1.00,0.00,0.50,NEUTRAL,1.00,NORMAL,31.11,TRENDING,NO,⛔ ADX too high (31.11) - Market trending (TRENDING); Max ADX for entry: 6
2026-08-12T00:34:45.273Z,63712.81,68.82,OVERBOUGHT,FLAT,NO,NO,none,0.00,0.00,0.50,NEUTRAL,1.00,NORMAL,99.40,EXTREME_TREND,NO,⛔ ADX too high (99.40) - Market trending (EXTREME_TREND); Max ADX for entry: 6
2026-08-12T00:34:55.274Z,63712.80,68.83,OVERBOUGHT,FLAT,YES,YES,30s,1.00,0.00,0.50,NEUTRAL,1.00,NORMAL,99.69,EXTREME_TREND,NO,⛔ ADX too high (99.69) - Market trending (EXTREME_TREND); Max ADX for entry: 6
2026-08-12T00:35:05.278Z,63714.59,66.89,OVERBOUGHT,FALLING,YES,YES,10s,1.00,0.00,0.50,NEUTRAL,1.00,NORMAL,98.05,EXTREME_TREND,NO,⛔ ADX too high (98.05) - Market trending (EXTREME_TREND); Max ADX for entry: 6
2026-08-12T00:35:15.275Z,63714.59,66.83,OVERBOUGHT,FLAT,YES,YES,10s,1.00,0.00,0.50,NEUTRAL,1.00,NORMAL,99.63,EXTREME_TREND,NO,⛔ ADX too high (99.63) - Market trending (EXTREME_TREND); Max ADX for entry: 6
2026-08-12T00:35:25.274Z,63714.60,66.26,OVERBOUGHT,FLAT,YES,YES,10s,1.00,0.00,0.50,NEUTRAL,1.00,NORMAL,27.70,TRENDING,NO,⛔ ADX too high (27.70) - Market trending (TRENDING); Max ADX for entry: 6
2026-08-12T00:35:35.277Z,63717.99,61.30,OVERBOUGHT,FALLING,YES,YES,10s,1.00,0.00,0.50,NEUTRAL,1.00,NORMAL,99.56,EXTREME_TREND,NO,⛔ ADX too high (99.56) - Market trending (EXTREME_TREND); Max ADX for entry: 6
2026-08-12T00:35:45.275Z,63718.00,63.77,OVERBOUGHT,RISING,YES,YES,10s,1.00,0.00,0.50,NEUTRAL,1.00,NORMAL,99.03,EXTREME_TREND,NO,⛔ ADX too high (99.03) - Market trending (EXTREME_TREND); Max ADX for entry: 6
2026-08-12T00:35:55.277Z,63719.66,61.88,OVERBOUGHT,FALLING,NO,NO,none,0.00,0.00,0.50,NEUTRAL,1.00,NORMAL,100.00,EXTREME_TREND,NO,⛔ ADX too high (100.00) - Market trending (EXTREME_TREND); Max ADX for entry: 6
2026-08-12T00:36:05.277Z,63717.97,69.78,OVERBOUGHT,FALLING,YES,YES,1m,1.00,0.00,0.50,NEUTRAL,1.00,NORMAL,98.91,EXTREME_TREND,NO,⛔ ADX too high (98.91) - Market trending (EXTREME_TREND); Max ADX for entry: 6
2026-08-12T00:36:15.276Z,63717.97,69.77,OVERBOUGHT,FLAT,YES,YES,10s,1.00,0.00,0.50,NEUTRAL,1.00,NORMAL,95.53,EXTREME_TREND,NO,⛔ ADX too high (95.53) - Market trending (EXTREME_TREND); Max ADX for entry: 6
2026-08-12T00:36:25.278Z,63717.98,69.79,OVERBOUGHT,FLAT,YES,YES,30s,1.00,0.00,0.50,NEUTRAL,1.00,NORMAL,53.27,STRONG_TREND,NO,⛔ ADX too high (53.27) - Market trending (STRONG_TREND); Max ADX for entry: 6
2026-08-12T00:36:35.291Z,63717.98,66.95,OVERBOUGHT,FLAT,YES,YES,1m,1.00,0.00,0.50,NEUTRAL,1.00,NORMAL,87.83,EXTREME_TREND,NO,⛔ ADX too high (87.83) - Market trending (EXTREME_TREND); Max ADX for entry: 6
2026-08-12T00:36:45.277Z,63720.00,67.84,OVERBOUGHT,FLAT,YES,YES,10s,1.00,0.00,0.50,NEUTRAL,1.00,NORMAL,98.71,EXTREME_TREND,NO,⛔ ADX too high (98.71) - Market trending (EXTREME_TREND); Max ADX for entry: 6
2026-08-12T00:36:55.275Z,63717.51,65.68,OVERBOUGHT,FALLING,YES,YES,5m,1.00,0.00,0.50,NEUTRAL,1.00,NORMAL,100.00,EXTREME_TREND,NO,⛔ ADX too high (100.00) - Market trending (EXTREME_TREND); Max ADX for entry: 6
2026-08-12T00:37:05.276Z,63716.64,64.95,OVERBOUGHT,FLAT,YES,YES,10s,1.00,0.00,0.50,NEUTRAL,1.00,NORMAL,100.00,EXTREME_TREND,NO,⛔ ADX too high (100.00) - Market trending (EXTREME_TREND); Max ADX for entry: 6
2026-08-12T00:37:15.277Z,63716.63,62.53,OVERBOUGHT,FLAT,YES,YES,30s,1.00,0.00,0.50,NEUTRAL,1.00,NORMAL,92.41,EXTREME_TREND,NO,⛔ ADX too high (92.41) - Market trending (EXTREME_TREND); Max ADX for entry: 6
2026-08-12T00:37:25.287Z,63719.99,63.39,OVERBOUGHT,FLAT,NO,NO,none,0.00,0.00,0.50,NEUTRAL,1.00,NORMAL,98.83,EXTREME_TREND,NO,⛔ ADX too high (98.83) - Market trending (EXTREME_TREND); Max ADX for entry: 6
2026-08-12T00:37:35.277Z,63720.00,63.39,OVERBOUGHT,FLAT,YES,YES,10s,1.00,0.00,0.50,NEUTRAL,1.00,NORMAL,92.85,EXTREME_TREND,NO,⛔ ADX too high (92.85) - Market trending (EXTREME_TREND); Max ADX for entry: 6
2026-08-12T00:37:45.279Z,63719.99,63.38,OVERBOUGHT,FLAT,YES,YES,30s,1.00,0.00,0.50,NEUTRAL,1.00,NORMAL,21.68,TRANSITION,NO,⛔ ADX too high (21.68) - Market trending (TRANSITION); Max ADX for entry: 6
2026-08-12T00:37:55.732Z,63720.00,63.38,OVERBOUGHT,FLAT,YES,YES,10s,1.00,0.00,0.50,NEUTRAL,1.00,NORMAL,9.03,RANGING,NO,⛔ ADX too high (9.03) - Market trending (RANGING); Max ADX for entry: 6
2026-08-12T00:38:05.282Z,63716.01,58.12,NEUTRAL,FALLING,YES,YES,5m,1.00,0.00,0.50,NEUTRAL,1.00,NORMAL,46.35,TRENDING,NO,⛔ ADX too high (46.35) - Market trending (TRENDING); Max ADX for entry: 6
2026-08-12T00:38:15.280Z,63716.00,61.79,OVERBOUGHT,RISING,YES,YES,30s,1.00,0.00,0.50,NEUTRAL,1.00,NORMAL,100.00,EXTREME_TREND,NO,⛔ ADX too high (100.00) - Market trending (EXTREME_TREND); Max ADX for entry: 6
2026-08-12T00:38:25.276Z,63720.00,63.99,OVERBOUGHT,FLAT,YES,YES,10s,1.00,0.00,0.50,NEUTRAL,1.00,NORMAL,99.08,EXTREME_TREND,NO,⛔ ADX too high (99.08) - Market trending (EXTREME_TREND); Max ADX for entry: 6
2026-08-12T00:38:35.281Z,63720.00,73.06,EXTREME_OVERBOUGHT,RISING,YES,YES,30s,1.00,0.00,0.50,NEUTRAL,1.00,NORMAL,99.42,EXTREME_TREND,NO,⛔ ADX too high (99.42) - Market trending (EXTREME_TREND); Max ADX for entry: 6
2026-08-12T00:38:45.296Z,63720.00,71.10,EXTREME_OVERBOUGHT,FALLING,YES,YES,30s,1.00,0.00,0.50,NEUTRAL,1.00,NORMAL,33.46,TRENDING,NO,⛔ ADX too high (33.46) - Market trending (TRENDING); Max ADX for entry: 6
2026-08-12T00:38:55.280Z,63718.71,67.29,OVERBOUGHT,FALLING,YES,YES,10s,1.00,0.00,0.50,NEUTRAL,1.00,NORMAL,89.57,EXTREME_TREND,NO,⛔ ADX too high (89.57) - Market trending (EXTREME_TREND); Max ADX for entry: 6
2026-08-12T00:39:05.287Z,63718.72,65.27,OVERBOUGHT,FALLING,YES,YES,10s,1.00,0.00,0.50,NEUTRAL,1.00,NORMAL,81.51,EXTREME_TREND,NO,⛔ ADX too high (81.51) - Market trending (EXTREME_TREND); Max ADX for entry: 6
2026-08-12T00:39:15.281Z,63718.72,67.44,OVERBOUGHT,FLAT,YES,YES,30s,1.00,0.00,0.50,NEUTRAL,1.00,NORMAL,13.99,RANGING,NO,⛔ ADX too high (13.99) - Market trending (RANGING); Max ADX for entry: 6
2026-08-12T00:39:25.282Z,63704.01,46.58,NEUTRAL,FALLING,YES,YES,15m,1.00,0.00,0.50,NEUTRAL,1.00,NORMAL,52.12,STRONG_TREND,NO,⛔ ADX too high (52.12) - Market trending (STRONG_TREND); Max ADX for entry: 6
2026-08-12T00:39:35.282Z,63702.01,44.69,NEUTRAL,FLAT,YES,YES,30s,1.00,0.00,0.50,NEUTRAL,1.00,NORMAL,99.74,EXTREME_TREND,NO,⛔ ADX too high (99.74) - Market trending (EXTREME_TREND); Max ADX for entry: 6
2026-08-12T00:39:45.284Z,63698.84,35.20,OVERSOLD,FLAT,YES,YES,30s,1.00,0.00,0.50,NEUTRAL,1.00,NORMAL,98.67,EXTREME_TREND,NO,⛔ ADX too high (98.67) - Market trending (EXTREME_TREND); Max ADX for entry: 6
2026-08-12T00:39:55.283Z,63698.84,35.20,OVERSOLD,FLAT,YES,YES,30s,1.00,0.00,0.50,NEUTRAL,1.00,NORMAL,83.07,EXTREME_TREND,NO,⛔ ADX too high (83.07) - Market trending (EXTREME_TREND); Max ADX for entry: 6
2026-08-12T00:40:05.286Z,63712.86,48.54,NEUTRAL,RISING,YES,YES,10s,1.00,0.00,0.50,NEUTRAL,1.00,NORMAL,99.70,EXTREME_TREND,NO,⛔ ADX too high (99.70) - Market trending (EXTREME_TREND); Max ADX for entry: 6
2026-08-12T00:40:15.287Z,63714.57,49.98,NEUTRAL,FLAT,YES,YES,30s,1.00,0.00,0.50,NEUTRAL,1.00,NORMAL,99.53,EXTREME_TREND,NO,⛔ ADX too high (99.53) - Market trending (EXTREME_TREND); Max ADX for entry: 6
2026-08-12T00:40:25.299Z,63718.84,53.25,NEUTRAL,RISING,NO,NO,none,0.00,0.00,0.50,NEUTRAL,1.00,NORMAL,92.47,EXTREME_TREND,NO,⛔ ADX too high (92.47) - Market trending (EXTREME_TREND); Max ADX for entry: 6
2026-08-12T00:40:35.288Z,63720.64,52.08,NEUTRAL,FLAT,YES,YES,30s,1.00,0.00,0.50,NEUTRAL,1.00,NORMAL,99.29,EXTREME_TREND,NO,⛔ ADX too high (99.29) - Market trending (EXTREME_TREND); Max ADX for entry: 6
2026-08-12T00:40:45.304Z,63721.06,52.38,NEUTRAL,FLAT,YES,YES,30s,1.00,0.00,0.50,NEUTRAL,1.00,NORMAL,95.31,EXTREME_TREND,NO,⛔ ADX too high (95.31) - Market trending (EXTREME_TREND); Max ADX for entry: 6
2026-08-12T00:40:55.288Z,63717.71,48.52,NEUTRAL,FALLING,YES,YES,1m,1.00,0.00,0.50,NEUTRAL,1.00,NORMAL,55.04,STRONG_TREND,NO,⛔ ADX too high (55.04) - Market trending (STRONG_TREND); Max ADX for entry: 6
2026-08-12T00:41:05.288Z,63717.71,49.79,NEUTRAL,FLAT,YES,YES,30s,1.00,0.00,0.50,NEUTRAL,1.00,NORMAL,92.31,EXTREME_TREND,NO,⛔ ADX too high (92.31) - Market trending (EXTREME_TREND); Max ADX for entry: 6
2026-08-12T00:41:15.289Z,63717.71,49.79,NEUTRAL,FLAT,YES,YES,10s,1.00,0.00,0.50,NEUTRAL,1.00,NORMAL,44.97,TRENDING,NO,⛔ ADX too high (44.97) - Market trending (TRENDING); Max ADX for entry: 6
2026-08-12T00:41:25.301Z,63717.71,49.79,NEUTRAL,FLAT,YES,YES,1m,1.00,0.75,0.50,NEUTRAL,1.00,NORMAL,5.28,RANGING,NO,RSI neutral (49.8)
2026-08-12T00:41:35.290Z,63717.71,49.79,NEUTRAL,FLAT,YES,YES,30s,1.00,0.00,0.50,NEUTRAL,1.00,NORMAL,68.55,STRONG_TREND,NO,⛔ ADX too high (68.55) - Market trending (STRONG_TREND); Max ADX for entry: 6
2026-08-12T00:41:45.288Z,63714.12,45.54,NEUTRAL,FLAT,YES,YES,10s,1.00,0.00,0.50,NEUTRAL,1.00,NORMAL,99.36,EXTREME_TREND,NO,⛔ ADX too high (99.36) - Market trending (EXTREME_TREND); Max ADX for entry: 6
2026-08-12T00:41:55.304Z,63714.12,47.33,NEUTRAL,RISING,YES,YES,30s,1.00,0.00,0.50,NEUTRAL,1.00,NORMAL,98.70,EXTREME_TREND,NO,⛔ ADX too high (98.70) - Market trending (EXTREME_TREND); Max ADX for entry: 6
2026-08-12T00:42:05.305Z,63714.12,47.99,NEUTRAL,FLAT,YES,YES,30s,1.00,0.00,0.50,NEUTRAL,1.00,NORMAL,29.83,TRENDING,NO,⛔ ADX too high (29.83) - Market trending (TRENDING); Max ADX for entry: 6
2026-08-12T00:42:15.292Z,63714.12,48.00,NEUTRAL,FLAT,YES,YES,1m,1.00,0.00,0.50,NEUTRAL,1.00,NORMAL,70.38,STRONG_TREND,NO,⛔ ADX too high (70.38) - Market trending (STRONG_TREND); Max ADX for entry: 6
2026-08-12T00:42:25.292Z,63714.13,45.06,NEUTRAL,FLAT,YES,YES,30s,1.00,0.00,0.50,NEUTRAL,1.00,NORMAL,12.16,RANGING,NO,⛔ ADX too high (12.16) - Market trending (RANGING); Max ADX for entry: 6
2026-08-12T00:42:35.291Z,63716.46,47.13,NEUTRAL,RISING,YES,YES,1m,1.00,0.75,0.50,NEUTRAL,1.00,NORMAL,3.70,RANGING,NO,RSI neutral (47.1)
2026-08-12T00:42:45.304Z,63717.99,48.42,NEUTRAL,FLAT,YES,YES,10s,1.00,0.00,0.50,NEUTRAL,1.00,NORMAL,99.45,EXTREME_TREND,NO,⛔ ADX too high (99.45) - Market trending (EXTREME_TREND); Max ADX for entry: 6
2026-08-12T00:42:55.295Z,63718.00,48.42,NEUTRAL,FLAT,YES,YES,30s,1.00,0.00,0.50,NEUTRAL,1.00,NORMAL,70.73,STRONG_TREND,NO,⛔ ADX too high (70.73) - Market trending (STRONG_TREND); Max ADX for entry: 6
2026-08-12T00:43:05.296Z,63717.99,51.67,NEUTRAL,RISING,YES,YES,30s,1.00,0.00,0.50,NEUTRAL,1.00,NORMAL,6.13,RANGING,NO,⛔ ADX too high (6.13) - Market trending (RANGING); Max ADX for entry: 6
2026-08-12T00:43:15.295Z,63718.00,51.68,NEUTRAL,FLAT,YES,YES,1m,1.00,0.00,0.50,NEUTRAL,1.00,NORMAL,72.45,STRONG_TREND,NO,⛔ ADX too high (72.45) - Market trending (STRONG_TREND); Max ADX for entry: 6
2026-08-12T00:43:25.295Z,63718.00,48.19,NEUTRAL,FLAT,YES,YES,1m,1.00,0.00,0.50,NEUTRAL,1.00,NORMAL,11.07,RANGING,NO,⛔ ADX too high (11.07) - Market trending (RANGING); Max ADX for entry: 6
2026-08-12T00:43:35.303Z,63717.99,48.18,NEUTRAL,FLAT,YES,YES,10s,1.00,0.00,0.50,NEUTRAL,1.00,NORMAL,14.71,RANGING,NO,⛔ ADX too high (14.71) - Market trending (RANGING); Max ADX for entry: 6
2026-08-12T00:43:45.295Z,63718.00,48.20,NEUTRAL,FLAT,YES,YES,10s,1.00,0.00,0.50,NEUTRAL,1.00,NORMAL,63.76,STRONG_TREND,NO,⛔ ADX too high (63.76) - Market trending (STRONG_TREND); Max ADX for entry: 6
2026-08-12T00:43:55.296Z,63718.00,49.34,NEUTRAL,FLAT,YES,YES,1m,1.00,0.00,0.50,NEUTRAL,1.00,NORMAL,67.72,STRONG_TREND,NO,⛔ ADX too high (67.72) - Market trending (STRONG_TREND); Max ADX for entry: 6
2026-08-12T00:44:05.744Z,63718.00,49.33,NEUTRAL,FLAT,YES,YES,5m,1.00,0.00,0.50,NEUTRAL,1.00,NORMAL,72.85,STRONG_TREND,NO,⛔ ADX too high (72.85) - Market trending (STRONG_TREND); Max ADX for entry: 6
2026-08-12T00:44:15.296Z,63717.99,49.32,NEUTRAL,FLAT,YES,YES,15m,1.00,0.75,0.50,NEUTRAL,1.00,NORMAL,4.99,RANGING,NO,RSI neutral (49.3)
2026-08-12T02:35:45.495Z,63825.60,16.01,EXTREME_OVERSOLD,FLAT,YES,YES,1h,1.00,0.00,0.50,NEUTRAL,1.00,NORMAL,33.13,TRENDING,NO,⛔ ADX too high (33.13) - Market trending (TRENDING); Max ADX for entry: 6
2026-08-12T02:35:55.492Z,63825.04,17.52,EXTREME_OVERSOLD,RISING,YES,YES,10s,1.00,0.00,0.50,NEUTRAL,1.00,NORMAL,99.63,EXTREME_TREND,NO,⛔ ADX too high (99.63) - Market trending (EXTREME_TREND); Max ADX for entry: 6
2026-08-12T02:36:05.493Z,63822.01,19.59,EXTREME_OVERSOLD,FLAT,YES,YES,1h,1.00,0.00,0.50,NEUTRAL,1.00,NORMAL,99.83,EXTREME_TREND,NO,⛔ ADX too high (99.83) - Market trending (EXTREME_TREND); Max ADX for entry: 6
2026-08-12T02:36:15.495Z,63815.94,19.36,EXTREME_OVERSOLD,FLAT,YES,YES,1h,1.00,0.00,0.50,NEUTRAL,1.00,NORMAL,99.28,EXTREME_TREND,NO,⛔ ADX too high (99.28) - Market trending (EXTREME_TREND); Max ADX for entry: 6
2026-08-12T02:36:25.493Z,63814.59,20.91,EXTREME_OVERSOLD,RISING,YES,YES,30s,1.00,0.00,0.50,NEUTRAL,1.00,NORMAL,99.94,EXTREME_TREND,NO,⛔ ADX too high (99.94) - Market trending (EXTREME_TREND); Max ADX for entry: 6
2026-08-12T02:36:35.496Z,63814.60,20.92,EXTREME_OVERSOLD,FLAT,YES,YES,10s,1.00,0.00,0.50,NEUTRAL,1.00,NORMAL,98.15,EXTREME_TREND,NO,⛔ ADX too high (98.15) - Market trending (EXTREME_TREND); Max ADX for entry: 6
2026-08-12T02:36:45.497Z,63814.60,22.42,EXTREME_OVERSOLD,RISING,YES,YES,30s,1.00,0.00,0.50,NEUTRAL,1.00,NORMAL,67.57,STRONG_TREND,NO,⛔ ADX too high (67.57) - Market trending (STRONG_TREND); Max ADX for entry: 6
2026-08-12T02:36:55.496Z,63814.59,22.41,EXTREME_OVERSOLD,FLAT,YES,YES,1m,1.00,0.00,0.50,NEUTRAL,1.00,NORMAL,14.86,RANGING,NO,⛔ ADX too high (14.86) - Market trending (RANGING); Max ADX for entry: 6
2026-08-12T02:37:05.495Z,63805.00,19.98,EXTREME_OVERSOLD,FLAT,YES,YES,10s,1.00,0.00,0.50,NEUTRAL,1.00,NORMAL,99.87,EXTREME_TREND,NO,⛔ ADX too high (99.87) - Market trending (EXTREME_TREND); Max ADX for entry: 6
2026-08-12T02:37:15.495Z,63800.00,18.88,EXTREME_OVERSOLD,FLAT,YES,YES,1h,1.00,0.00,0.50,NEUTRAL,1.00,NORMAL,99.92,EXTREME_TREND,NO,⛔ ADX too high (99.92) - Market trending (EXTREME_TREND); Max ADX for entry: 6
2026-08-12T02:37:25.498Z,63785.61,8.20,EXTREME_OVERSOLD,FALLING,YES,YES,10s,1.00,0.00,0.50,NEUTRAL,1.00,NORMAL,99.87,EXTREME_TREND,NO,⛔ ADX too high (99.87) - Market trending (EXTREME_TREND); Max ADX for entry: 6
2026-08-12T02:37:35.498Z,63785.62,9.21,EXTREME_OVERSOLD,FLAT,YES,YES,10s,1.00,0.00,0.50,NEUTRAL,1.00,NORMAL,19.32,RANGING,NO,⛔ ADX too high (19.32) - Market trending (RANGING); Max ADX for entry: 6
2026-08-12T02:37:45.497Z,63788.00,11.66,EXTREME_OVERSOLD,FLAT,YES,YES,10s,1.00,0.00,0.50,NEUTRAL,1.00,NORMAL,98.93,EXTREME_TREND,NO,⛔ ADX too high (98.93) - Market trending (EXTREME_TREND); Max ADX for entry: 6
2026-08-12T02:37:55.498Z,63789.09,12.73,EXTREME_OVERSOLD,RISING,YES,YES,1m,1.00,0.00,0.50,NEUTRAL,1.00,NORMAL,98.61,EXTREME_TREND,NO,⛔ ADX too high (98.61) - Market trending (EXTREME_TREND); Max ADX for entry: 6
2026-08-12T02:38:05.500Z,63791.59,16.02,EXTREME_OVERSOLD,FLAT,YES,YES,10s,1.00,0.00,0.50,NEUTRAL,1.00,NORMAL,100.00,EXTREME_TREND,NO,⛔ ADX too high (100.00) - Market trending (EXTREME_TREND); Max ADX for entry: 6
2026-08-12T02:38:15.500Z,63792.88,17.57,EXTREME_OVERSOLD,FLAT,YES,YES,10s,1.00,0.00,0.50,NEUTRAL,1.00,NORMAL,99.84,EXTREME_TREND,NO,⛔ ADX too high (99.84) - Market trending (EXTREME_TREND); Max ADX for entry: 6
2026-08-12T02:38:25.496Z,63792.88,17.55,EXTREME_OVERSOLD,FLAT,YES,YES,30s,1.00,0.00,0.50,NEUTRAL,1.00,NORMAL,30.50,TRENDING,NO,⛔ ADX too high (30.50) - Market trending (TRENDING); Max ADX for entry: 6
2026-08-12T02:38:35.499Z,63795.76,20.22,EXTREME_OVERSOLD,RISING,YES,YES,5m,1.00,0.00,0.50,NEUTRAL,1.00,NORMAL,98.57,EXTREME_TREND,NO,⛔ ADX too high (98.57) - Market trending (EXTREME_TREND); Max ADX for entry: 6
2026-08-12T02:38:45.497Z,63795.77,20.23,EXTREME_OVERSOLD,FLAT,YES,YES,10s,1.00,0.00,0.50,NEUTRAL,1.00,NORMAL,99.02,EXTREME_TREND,NO,⛔ ADX too high (99.02) - Market trending (EXTREME_TREND); Max ADX for entry: 6
2026-08-12T02:38:55.497Z,63797.49,21.72,EXTREME_OVERSOLD,FLAT,YES,YES,5m,1.00,0.00,0.50,NEUTRAL,1.00,NORMAL,95.91,EXTREME_TREND,NO,⛔ ADX too high (95.91) - Market trending (EXTREME_TREND); Max ADX for entry: 6
2026-08-12T02:39:05.499Z,63797.96,22.12,EXTREME_OVERSOLD,FLAT,YES,YES,5m,1.00,0.00,0.50,NEUTRAL,1.00,NORMAL,99.34,EXTREME_TREND,NO,⛔ ADX too high (99.34) - Market trending (EXTREME_TREND); Max ADX for entry: 6
2026-08-12T02:39:15.498Z,63797.96,22.12,EXTREME_OVERSOLD,FLAT,YES,YES,30s,1.00,0.00,0.50,NEUTRAL,1.00,NORMAL,100.00,EXTREME_TREND,NO,⛔ ADX too high (100.00) - Market trending (EXTREME_TREND); Max ADX for entry: 6
2026-08-12T02:39:25.502Z,63797.97,26.14,EXTREME_OVERSOLD,FLAT,YES,YES,10s,1.00,0.00,0.50,NEUTRAL,1.00,NORMAL,9.95,RANGING,NO,⛔ ADX too high (9.95) - Market trending (RANGING); Max ADX for entry: 6
2026-08-12T02:39:35.503Z,63789.79,23.65,EXTREME_OVERSOLD,FLAT,YES,YES,15m,1.00,0.00,0.50,NEUTRAL,1.00,NORMAL,99.74,EXTREME_TREND,NO,⛔ ADX too high (99.74) - Market trending (EXTREME_TREND); Max ADX for entry: 6
2026-08-12T02:39:45.505Z,63787.19,23.99,EXTREME_OVERSOLD,FLAT,YES,YES,10s,1.00,0.00,0.50,NEUTRAL,1.00,NORMAL,99.57,EXTREME_TREND,NO,⛔ ADX too high (99.57) - Market trending (EXTREME_TREND); Max ADX for entry: 6
2026-08-12T02:39:55.613Z,63782.42,23.71,EXTREME_OVERSOLD,FLAT,YES,YES,10s,1.00,0.00,0.50,NEUTRAL,1.00,NORMAL,92.58,EXTREME_TREND,NO,⛔ ADX too high (92.58) - Market trending (EXTREME_TREND); Max ADX for entry: 6
2026-08-12T02:40:05.506Z,63782.41,24.03,EXTREME_OVERSOLD,FLAT,YES,YES,30s,1.00,0.00,0.50,NEUTRAL,1.00,NORMAL,98.73,EXTREME_TREND,NO,⛔ ADX too high (98.73) - Market trending (EXTREME_TREND); Max ADX for entry: 6
2026-08-12T02:40:15.502Z,63782.42,24.04,EXTREME_OVERSOLD,FLAT,YES,YES,10s,1.00,0.00,0.50,NEUTRAL,1.00,NORMAL,74.46,STRONG_TREND,NO,⛔ ADX too high (74.46) - Market trending (STRONG_TREND); Max ADX for entry: 6
2026-08-12T02:40:25.505Z,63782.41,24.03,EXTREME_OVERSOLD,FLAT,YES,YES,1m,1.00,0.00,0.50,NEUTRAL,1.00,NORMAL,19.09,RANGING,NO,⛔ ADX too high (19.09) - Market trending (RANGING); Max ADX for entry: 6
2026-08-12T02:40:35.506Z,63782.42,19.62,EXTREME_OVERSOLD,FALLING,YES,YES,10s,1.00,0.00,0.50,NEUTRAL,1.00,NORMAL,81.10,EXTREME_TREND,NO,⛔ ADX too high (81.10) - Market trending (EXTREME_TREND); Max ADX for entry: 6
2026-08-12T02:40:45.505Z,63782.42,21.92,EXTREME_OVERSOLD,FLAT,YES,YES,1m,1.00,0.00,0.50,NEUTRAL,1.00,NORMAL,80.37,EXTREME_TREND,NO,⛔ ADX too high (80.37) - Market trending (EXTREME_TREND); Max ADX for entry: 6
2026-08-12T02:40:55.507Z,63768.00,18.57,EXTREME_OVERSOLD,FALLING,NO,NO,none,0.00,0.00,0.50,NEUTRAL,1.00,NORMAL,99.57,EXTREME_TREND,NO,⛔ ADX too high (99.57) - Market trending (EXTREME_TREND); Max ADX for entry: 6
2026-08-12T02:41:05.501Z,63768.00,19.21,EXTREME_OVERSOLD,FLAT,YES,YES,30s,1.00,0.00,0.50,NEUTRAL,1.00,NORMAL,99.90,EXTREME_TREND,NO,⛔ ADX too high (99.90) - Market trending (EXTREME_TREND); Max ADX for entry: 6
2026-08-12T02:41:15.505Z,63764.30,20.69,EXTREME_OVERSOLD,FLAT,YES,YES,10s,1.00,0.00,0.50,NEUTRAL,1.00,NORMAL,99.21,EXTREME_TREND,NO,⛔ ADX too high (99.21) - Market trending (EXTREME_TREND); Max ADX for entry: 6
2026-08-12T02:41:25.501Z,63764.29,18.12,EXTREME_OVERSOLD,FALLING,YES,YES,30s,1.00,0.00,0.50,NEUTRAL,1.00,NORMAL,99.90,EXTREME_TREND,NO,⛔ ADX too high (99.90) - Market trending (EXTREME_TREND); Max ADX for entry: 6
2026-08-12T02:41:35.506Z,63764.30,18.12,EXTREME_OVERSOLD,FLAT,YES,YES,30s,1.00,0.00,0.50,NEUTRAL,1.00,NORMAL,49.99,TRENDING,NO,⛔ ADX too high (49.99) - Market trending (TRENDING); Max ADX for entry: 6
2026-08-12T02:41:45.503Z,63767.30,21.13,EXTREME_OVERSOLD,FLAT,YES,YES,1m,1.00,0.00,0.50,NEUTRAL,1.00,NORMAL,98.28,EXTREME_TREND,NO,⛔ ADX too high (98.28) - Market trending (EXTREME_TREND); Max ADX for entry: 6
2026-08-12T02:41:55.511Z,63767.30,21.13,EXTREME_OVERSOLD,FLAT,YES,YES,10s,1.00,0.00,0.50,NEUTRAL,1.00,NORMAL,97.10,EXTREME_TREND,NO,⛔ ADX too high (97.10) - Market trending (EXTREME_TREND); Max ADX for entry: 6
2026-08-12T02:42:05.507Z,63767.30,23.92,EXTREME_OVERSOLD,FLAT,YES,YES,30s,1.00,0.00,0.50,NEUTRAL,1.00,NORMAL,33.46,TRENDING,NO,⛔ ADX too high (33.46) - Market trending (TRENDING); Max ADX for entry: 6
2026-08-12T02:42:15.508Z,63767.30,25.71,EXTREME_OVERSOLD,RISING,YES,YES,30s,1.00,0.00,0.50,NEUTRAL,1.00,NORMAL,7.40,RANGING,NO,⛔ ADX too high (7.40) - Market trending (RANGING); Max ADX for entry: 6
2026-08-12T02:42:25.506Z,63768.91,34.68,OVERSOLD,FLAT,YES,YES,10s,1.00,0.00,0.50,NEUTRAL,1.00,NORMAL,93.16,EXTREME_TREND,NO,⛔ ADX too high (93.16) - Market trending (EXTREME_TREND); Max ADX for entry: 6
2026-08-12T02:42:35.505Z,63769.07,34.85,OVERSOLD,FLAT,YES,YES,1m,1.00,0.00,0.50,NEUTRAL,1.00,NORMAL,95.94,EXTREME_TREND,NO,⛔ ADX too high (95.94) - Market trending (EXTREME_TREND); Max ADX for entry: 6
2026-08-12T02:42:45.507Z,63766.80,30.75,OVERSOLD,FLAT,YES,YES,10s,1.00,0.00,0.50,NEUTRAL,1.00,NORMAL,69.08,STRONG_TREND,NO,⛔ ADX too high (69.08) - Market trending (STRONG_TREND); Max ADX for entry: 6
2026-08-12T02:42:55.513Z,63770.92,34.36,OVERSOLD,RISING,YES,YES,5m,1.00,0.00,0.50,NEUTRAL,1.00,NORMAL,98.63,EXTREME_TREND,NO,⛔ ADX too high (98.63) - Market trending (EXTREME_TREND); Max ADX for entry: 6
2026-08-12T02:43:05.511Z,63786.95,45.79,NEUTRAL,RISING,YES,YES,5m,1.00,0.00,0.50,NEUTRAL,1.00,NORMAL,99.75,EXTREME_TREND,NO,⛔ ADX too high (99.75) - Market trending (EXTREME_TREND); Max ADX for entry: 6
2026-08-12T02:43:15.510Z,63778.48,41.51,NEUTRAL,FALLING,YES,YES,30s,1.00,0.00,0.50,NEUTRAL,1.00,NORMAL,98.94,EXTREME_TREND,NO,⛔ ADX too high (98.94) - Market trending (EXTREME_TREND); Max ADX for entry: 6
2026-08-12T02:43:25.511Z,63778.47,41.52,NEUTRAL,FLAT,YES,YES,30s,1.00,0.00,0.50,NEUTRAL,1.00,NORMAL,65.92,STRONG_TREND,NO,⛔ ADX too high (65.92) - Market trending (STRONG_TREND); Max ADX for entry: 6
2026-08-12T05:34:55.841Z,63860.81,77.45,EXTREME_OVERBOUGHT,FLAT,YES,YES,10s,1.00,0.00,0.50,NEUTRAL,1.00,NORMAL,98.00,EXTREME_TREND,NO,⛔ ADX too high (98.00) - Market trending (EXTREME_TREND); Max ADX for entry: 6
2026-08-12T05:35:05.840Z,63859.53,75.10,EXTREME_OVERBOUGHT,FALLING,YES,YES,5m,1.00,0.00,0.50,NEUTRAL,1.00,NORMAL,29.93,TRENDING,NO,⛔ ADX too high (29.93) - Market trending (TRENDING); Max ADX for entry: 6
2026-08-12T05:35:15.841Z,63859.53,73.40,EXTREME_OVERBOUGHT,FLAT,YES,YES,30s,1.00,0.00,0.50,NEUTRAL,1.00,NORMAL,95.48,EXTREME_TREND,NO,⛔ ADX too high (95.48) - Market trending (EXTREME_TREND); Max ADX for entry: 6
2026-08-12T05:51:55.849Z,63839.07,39.13,OVERSOLD,FLAT,YES,YES,10s,1.00,0.00,0.50,NEUTRAL,1.00,NORMAL,99.83,EXTREME_TREND,NO,⛔ ADX too high (99.83) - Market trending (EXTREME_TREND); Max ADX for entry: 6
2026-08-12T05:52:05.847Z,63841.59,41.22,NEUTRAL,FLAT,YES,YES,10s,1.00,0.00,0.50,NEUTRAL,1.00,NORMAL,99.63,EXTREME_TREND,NO,⛔ ADX too high (99.63) - Market trending (EXTREME_TREND); Max ADX for entry: 6
2026-08-12T05:52:15.850Z,63841.59,41.22,NEUTRAL,FLAT,YES,YES,30s,1.00,0.00,0.50,NEUTRAL,1.00,NORMAL,98.79,EXTREME_TREND,NO,⛔ ADX too high (98.79) - Market trending (EXTREME_TREND); Max ADX for entry: 6
2026-08-12T05:52:25.850Z,63841.60,41.22,NEUTRAL,FLAT,YES,YES,10s,1.00,0.00,0.50,NEUTRAL,1.00,NORMAL,36.28,TRENDING,NO,⛔ ADX too high (36.28) - Market trending (TRENDING); Max ADX for entry: 6
2026-08-12T05:52:35.854Z,63843.81,42.95,NEUTRAL,RISING,YES,YES,5m,1.00,0.00,0.50,NEUTRAL,1.00,NORMAL,100.00,EXTREME_TREND,NO,⛔ ADX too high (100.00) - Market trending (EXTREME_TREND); Max ADX for entry: 6
2026-08-12T05:52:45.853Z,63843.81,42.95,NEUTRAL,FLAT,YES,YES,30s,1.00,0.00,0.50,NEUTRAL,1.00,NORMAL,100.00,EXTREME_TREND,NO,⛔ ADX too high (100.00) - Market trending (EXTREME_TREND); Max ADX for entry: 6
2026-08-12T06:46:25.956Z,63663.17,66.00,OVERBOUGHT,FLAT,YES,YES,30s,1.00,0.00,0.50,NEUTRAL,1.00,NORMAL,99.88,EXTREME_TREND,NO,⛔ ADX too high (99.88) - Market trending (EXTREME_TREND); Max ADX for entry: 6
2026-08-12T06:46:35.957Z,63667.11,67.93,OVERBOUGHT,RISING,YES,YES,30s,1.00,0.00,0.50,NEUTRAL,1.00,NORMAL,25.25,TRENDING,NO,⛔ ADX too high (25.25) - Market trending (TRENDING); Max ADX for entry: 6
2026-08-12T06:46:45.955Z,63675.05,71.23,EXTREME_OVERBOUGHT,FLAT,YES,YES,1h,1.00,0.00,0.50,NEUTRAL,1.00,NORMAL,99.73,EXTREME_TREND,NO,⛔ ADX too high (99.73) - Market trending (EXTREME_TREND); Max ADX for entry: 6
2026-08-12T06:46:55.955Z,63675.05,71.23,EXTREME_OVERBOUGHT,FLAT,YES,YES,30s,1.00,0.00,0.50,NEUTRAL,1.00,NORMAL,99.32,EXTREME_TREND,NO,⛔ ADX too high (99.32) - Market trending (EXTREME_TREND); Max ADX for entry: 6
2026-08-12T06:47:05.955Z,63675.05,71.37,EXTREME_OVERBOUGHT,FLAT,YES,YES,30s,1.00,0.00,0.50,NEUTRAL,1.00,NORMAL,85.71,EXTREME_TREND,NO,⛔ ADX too high (85.71) - Market trending (EXTREME_TREND); Max ADX for entry: 6
2026-08-12T06:47:15.956Z,63675.05,75.26,EXTREME_OVERBOUGHT,FLAT,YES,YES,1m,1.00,0.00,0.50,NEUTRAL,1.00,NORMAL,7.40,RANGING,NO,⛔ ADX too high (7.40) - Market trending (RANGING); Max ADX for entry: 6
2026-08-12T06:47:25.959Z,63679.13,77.66,EXTREME_OVERBOUGHT,FLAT,YES,YES,10s,1.00,0.00,0.50,NEUTRAL,1.00,NORMAL,99.70,EXTREME_TREND,NO,⛔ ADX too high (99.70) - Market trending (EXTREME_TREND); Max ADX for entry: 6
2026-08-12T06:47:35.954Z,63679.12,77.65,EXTREME_OVERBOUGHT,FLAT,YES,YES,30s,1.00,0.00,0.50,NEUTRAL,1.00,NORMAL,99.87,EXTREME_TREND,NO,⛔ ADX too high (99.87) - Market trending (EXTREME_TREND); Max ADX for entry: 6
2026-08-12T07:13:26.014Z,63758.01,8.25,EXTREME_OVERSOLD,FLAT,YES,YES,30s,1.00,0.00,0.50,NEUTRAL,1.00,NORMAL,98.81,EXTREME_TREND,NO,⛔ ADX too high (98.81) - Market trending (EXTREME_TREND); Max ADX for entry: 6
2026-08-12T08:00:36.105Z,63825.51,80.21,EXTREME_OVERBOUGHT,FALLING,YES,YES,1m,1.00,0.00,0.50,NEUTRAL,1.00,NORMAL,93.30,EXTREME_TREND,NO,⛔ ADX too high (93.30) - Market trending (EXTREME_TREND); Max ADX for entry: 6
2026-08-12T08:00:46.108Z,63820.01,75.10,EXTREME_OVERBOUGHT,FALLING,YES,YES,5m,1.00,0.00,0.50,NEUTRAL,1.00,NORMAL,98.57,EXTREME_TREND,NO,⛔ ADX too high (98.57) - Market trending (EXTREME_TREND); Max ADX for entry: 6
2026-08-12T08:00:56.104Z,63806.38,64.87,OVERBOUGHT,FALLING,YES,YES,5m,1.00,0.00,0.50,NEUTRAL,1.00,NORMAL,99.75,EXTREME_TREND,NO,⛔ ADX too high (99.75) - Market trending (EXTREME_TREND); Max ADX for entry: 6
2026-08-12T08:01:06.105Z,63805.01,63.99,OVERBOUGHT,FLAT,YES,YES,30s,1.00,0.00,0.50,NEUTRAL,1.00,NORMAL,99.64,EXTREME_TREND,NO,⛔ ADX too high (99.64) - Market trending (EXTREME_TREND); Max ADX for entry: 6
2026-08-12T08:01:16.106Z,63794.40,57.93,NEUTRAL,FLAT,YES,YES,10s,1.00,0.00,0.50,NEUTRAL,1.00,NORMAL,99.92,EXTREME_TREND,NO,⛔ ADX too high (99.92) - Market trending (EXTREME_TREND); Max ADX for entry: 6
2026-08-12T08:01:26.108Z,63794.41,57.93,NEUTRAL,FLAT,YES,YES,30s,1.00,0.00,0.50,NEUTRAL,1.00,NORMAL,99.85,EXTREME_TREND,NO,⛔ ADX too high (99.85) - Market trending (EXTREME_TREND); Max ADX for entry: 6
2026-08-12T08:01:36.109Z,63790.36,55.91,NEUTRAL,FLAT,YES,YES,10s,1.00,0.00,0.50,NEUTRAL,1.00,NORMAL,99.33,EXTREME_TREND,NO,⛔ ADX too high (99.33) - Market trending (EXTREME_TREND); Max ADX for entry: 6
2026-08-12T08:01:46.110Z,63794.20,57.33,NEUTRAL,FLAT,YES,YES,30s,1.00,0.00,0.50,NEUTRAL,1.00,NORMAL,24.84,TRANSITION,NO,⛔ ADX too high (24.84) - Market trending (TRANSITION); Max ADX for entry: 6
2026-08-12T08:01:56.109Z,63806.17,61.20,OVERBOUGHT,RISING,YES,YES,1m,1.00,0.00,0.50,NEUTRAL,1.00,NORMAL,99.51,EXTREME_TREND,NO,⛔ ADX too high (99.51) - Market trending (EXTREME_TREND); Max ADX for entry: 6
2026-08-12T08:02:06.109Z,63809.64,62.20,OVERBOUGHT,FLAT,YES,YES,10s,1.00,0.00,0.50,NEUTRAL,1.00,NORMAL,99.79,EXTREME_TREND,NO,⛔ ADX too high (99.79) - Market trending (EXTREME_TREND); Max ADX for entry: 6
2026-08-12T08:02:16.111Z,63813.94,63.36,OVERBOUGHT,FLAT,YES,YES,10s,1.00,0.00,0.50,NEUTRAL,1.00,NORMAL,99.88,EXTREME_TREND,NO,⛔ ADX too high (99.88) - Market trending (EXTREME_TREND); Max ADX for entry: 6
2026-08-12T08:02:26.111Z,63813.94,63.36,OVERBOUGHT,FLAT,YES,YES,30s,1.00,0.00,0.50,NEUTRAL,1.00,NORMAL,99.48,EXTREME_TREND,NO,⛔ ADX too high (99.48) - Market trending (EXTREME_TREND); Max ADX for entry: 6
2026-08-12T08:02:36.111Z,63820.00,64.89,OVERBOUGHT,RISING,NO,NO,none,0.00,0.35,0.50,NEUTRAL,1.00,NORMAL,3.70,RANGING,NO,No slowdown detected - waiting for momentum to fade; Confidence too low (35% < 50%)
2026-08-12T08:02:46.111Z,63828.00,62.94,OVERBOUGHT,FALLING,YES,YES,10s,1.00,0.00,0.50,NEUTRAL,1.00,NORMAL,99.67,EXTREME_TREND,NO,⛔ ADX too high (99.67) - Market trending (EXTREME_TREND); Max ADX for entry: 6
2026-08-12T08:02:56.113Z,63827.99,62.94,OVERBOUGHT,FLAT,YES,YES,30s,1.00,0.00,0.50,NEUTRAL,1.00,NORMAL,96.71,EXTREME_TREND,NO,⛔ ADX too high (96.71) - Market trending (EXTREME_TREND); Max ADX for entry: 6
2026-08-12T08:03:06.561Z,63837.98,63.90,OVERBOUGHT,FLAT,NO,NO,none,0.00,0.35,0.50,NEUTRAL,1.00,NORMAL,3.70,RANGING,NO,No slowdown detected - waiting for momentum to fade; Confidence too low (35% < 50%)
2026-08-12T08:03:16.114Z,63854.66,64.84,OVERBOUGHT,FALLING,YES,YES,30s,1.00,0.00,0.50,NEUTRAL,1.00,NORMAL,78.44,EXTREME_TREND,NO,⛔ ADX too high (78.44) - Market trending (EXTREME_TREND); Max ADX for entry: 6
2026-08-12T08:03:26.077Z,63846.85,58.87,NEUTRAL,FALLING,YES,YES,30s,1.00,0.00,0.50,NEUTRAL,1.00,NORMAL,44.12,TRENDING,NO,⛔ ADX too high (44.12) - Market trending (TRENDING); Max ADX for entry: 6
2026-08-12T08:03:36.098Z,63834.53,54.86,NEUTRAL,FALLING,YES,YES,10s,1.00,0.00,0.50,NEUTRAL,1.00,NORMAL,99.74,EXTREME_TREND,NO,⛔ ADX too high (99.74) - Market trending (EXTREME_TREND); Max ADX for entry: 6
2026-08-12T08:15:36.095Z,63800.03,47.20,NEUTRAL,RISING,YES,YES,5m,1.00,0.75,0.50,NEUTRAL,1.00,NORMAL,5.30,RANGING,NO,RSI neutral (47.2)
2026-08-12T08:15:46.096Z,63800.03,47.20,NEUTRAL,FLAT,YES,YES,10s,1.00,0.00,0.50,NEUTRAL,1.00,NORMAL,97.34,EXTREME_TREND,NO,⛔ ADX too high (97.34) - Market trending (EXTREME_TREND); Max ADX for entry: 6
2026-08-12T08:15:56.096Z,63800.03,47.21,NEUTRAL,FLAT,YES,YES,30s,1.00,0.00,0.50,NEUTRAL,1.00,NORMAL,12.49,RANGING,NO,⛔ ADX too high (12.49) - Market trending (RANGING); Max ADX for entry: 6
2026-08-12T08:16:06.096Z,63800.03,47.20,NEUTRAL,FLAT,YES,YES,1m,1.00,0.00,0.50,NEUTRAL,1.00,NORMAL,26.59,TRENDING,NO,⛔ ADX too high (26.59) - Market trending (TRENDING); Max ADX for entry: 6
2026-08-12T08:16:16.102Z,63800.03,47.20,NEUTRAL,FLAT,YES,YES,1m,1.00,0.00,0.50,NEUTRAL,1.00,NORMAL,42.54,TRENDING,NO,⛔ ADX too high (42.54) - Market trending (TRENDING); Max ADX for entry: 6
2026-08-12T08:16:26.103Z,63800.04,46.36,NEUTRAL,FLAT,YES,YES,1m,1.00,0.00,0.50,NEUTRAL,1.00,NORMAL,14.48,RANGING,NO,⛔ ADX too high (14.48) - Market trending (RANGING); Max ADX for entry: 6
2026-08-12T08:16:36.101Z,63807.99,51.84,NEUTRAL,RISING,NO,NO,none,0.00,0.00,0.50,NEUTRAL,1.00,NORMAL,50.33,STRONG_TREND,NO,⛔ ADX too high (50.33) - Market trending (STRONG_TREND); Max ADX for entry: 6
2026-08-12T08:16:46.121Z,63811.99,49.37,NEUTRAL,FLAT,YES,YES,10s,1.00,0.00,0.50,NEUTRAL,1.00,NORMAL,99.62,EXTREME_TREND,NO,⛔ ADX too high (99.62) - Market trending (EXTREME_TREND); Max ADX for entry: 6
2026-08-12T08:16:56.119Z,63812.00,49.38,NEUTRAL,FLAT,YES,YES,10s,1.00,0.00,0.50,NEUTRAL,1.00,NORMAL,51.94,STRONG_TREND,NO,⛔ ADX too high (51.94) - Market trending (STRONG_TREND); Max ADX for entry: 6
2026-08-12T08:17:06.123Z,63814.00,50.71,NEUTRAL,RISING,NO,NO,none,0.00,0.00,0.50,NEUTRAL,1.00,NORMAL,57.02,STRONG_TREND,NO,⛔ ADX too high (57.02) - Market trending (STRONG_TREND); Max ADX for entry: 6
2026-08-12T08:17:16.103Z,63815.12,51.42,NEUTRAL,FLAT,YES,YES,10s,1.00,0.00,0.50,NEUTRAL,1.00,NORMAL,98.05,EXTREME_TREND,NO,⛔ ADX too high (98.05) - Market trending (EXTREME_TREND); Max ADX for entry: 6
2026-08-12T08:17:26.100Z,63815.13,61.77,OVERBOUGHT,RISING,YES,YES,10s,1.00,0.00,0.50,NEUTRAL,1.00,NORMAL,99.65,EXTREME_TREND,NO,⛔ ADX too high (99.65) - Market trending (EXTREME_TREND); Max ADX for entry: 6
2026-08-12T08:17:36.104Z,63815.13,61.77,OVERBOUGHT,FLAT,YES,YES,30s,1.00,0.00,0.50,NEUTRAL,1.00,NORMAL,11.07,RANGING,NO,⛔ ADX too high (11.07) - Market trending (RANGING); Max ADX for entry: 6
2026-08-12T08:17:46.103Z,63816.76,62.69,OVERBOUGHT,FLAT,YES,YES,15m,1.00,0.00,0.50,NEUTRAL,1.00,NORMAL,64.38,STRONG_TREND,NO,⛔ ADX too high (64.38) - Market trending (STRONG_TREND); Max ADX for entry: 6
2026-08-12T08:17:56.121Z,63817.02,62.82,OVERBOUGHT,FLAT,YES,YES,30s,1.00,0.00,0.50,NEUTRAL,1.00,NORMAL,97.57,EXTREME_TREND,NO,⛔ ADX too high (97.57) - Market trending (EXTREME_TREND); Max ADX for entry: 6
2026-08-12T08:18:06.123Z,63817.02,57.67,NEUTRAL,FALLING,YES,YES,30s,1.00,0.00,0.50,NEUTRAL,1.00,NORMAL,35.24,TRENDING,NO,⛔ ADX too high (35.24) - Market trending (TRENDING); Max ADX for entry: 6
2026-08-12T08:18:16.105Z,63817.60,59.87,NEUTRAL,FLAT,YES,YES,15m,1.00,0.00,0.50,NEUTRAL,1.00,NORMAL,7.16,RANGING,NO,⛔ ADX too high (7.16) - Market trending (RANGING); Max ADX for entry: 6
2026-08-12T08:18:26.123Z,63817.61,59.87,NEUTRAL,FLAT,YES,YES,30s,1.00,0.00,0.50,NEUTRAL,1.00,NORMAL,97.35,EXTREME_TREND,NO,⛔ ADX too high (97.35) - Market trending (EXTREME_TREND); Max ADX for entry: 6
2026-08-12T08:18:36.124Z,63817.60,67.32,OVERBOUGHT,RISING,YES,YES,10s,1.00,0.00,0.50,NEUTRAL,1.00,NORMAL,20.26,TRANSITION,NO,⛔ ADX too high (20.26) - Market trending (TRANSITION); Max ADX for entry: 6
2026-08-12T08:18:46.123Z,63820.99,69.37,OVERBOUGHT,FLAT,YES,YES,10s,1.00,0.00,0.50,NEUTRAL,1.00,NORMAL,98.72,EXTREME_TREND,NO,⛔ ADX too high (98.72) - Market trending (EXTREME_TREND); Max ADX for entry: 6
2026-08-12T08:18:56.135Z,63820.99,76.91,EXTREME_OVERBOUGHT,RISING,YES,YES,30s,1.00,0.00,0.50,NEUTRAL,1.00,NORMAL,97.27,EXTREME_TREND,NO,⛔ ADX too high (97.27) - Market trending (EXTREME_TREND); Max ADX for entry: 6
2026-08-12T08:19:06.124Z,63820.98,80.59,EXTREME_OVERBOUGHT,RISING,YES,YES,30s,1.00,0.00,0.50,NEUTRAL,1.00,NORMAL,7.20,RANGING,NO,⛔ ADX too high (7.20) - Market trending (RANGING); Max ADX for entry: 6
2026-08-12T08:19:16.121Z,63820.98,93.29,EXTREME_OVERBOUGHT,RISING,YES,YES,1m,1.00,0.00,0.50,NEUTRAL,1.00,NORMAL,6.18,RANGING,NO,⛔ ADX too high (6.18) - Market trending (RANGING); Max ADX for entry: 6
2026-08-12T08:19:26.104Z,63820.98,98.56,EXTREME_OVERBOUGHT,FLAT,YES,YES,1m,1.00,0.00,0.50,NEUTRAL,1.00,NORMAL,27.41,TRENDING,NO,⛔ ADX too high (27.41) - Market trending (TRENDING); Max ADX for entry: 6
2026-08-12T08:19:36.107Z,63820.98,98.53,EXTREME_OVERBOUGHT,FLAT,YES,YES,1m,1.00,0.00,0.50,NEUTRAL,1.00,NORMAL,6.13,RANGING,NO,⛔ ADX too high (6.13) - Market trending (RANGING); Max ADX for entry: 6
2026-08-12T08:19:46.105Z,63820.99,98.56,EXTREME_OVERBOUGHT,FLAT,YES,YES,5m,1.00,0.00,0.50,NEUTRAL,1.00,NORMAL,7.40,RANGING,NO,⛔ ADX too high (7.40) - Market trending (RANGING); Max ADX for entry: 6
2026-08-12T08:19:56.108Z,63820.98,98.44,EXTREME_OVERBOUGHT,FLAT,YES,YES,5m,1.00,0.00,0.50,NEUTRAL,1.00,NORMAL,43.70,TRENDING,NO,⛔ ADX too high (43.70) - Market trending (TRENDING); Max ADX for entry: 6
2026-08-12T08:20:06.107Z,63820.99,98.19,EXTREME_OVERBOUGHT,FLAT,YES,YES,5m,1.00,0.00,0.50,NEUTRAL,1.00,NORMAL,18.89,RANGING,NO,⛔ ADX too high (18.89) - Market trending (RANGING); Max ADX for entry: 6
2026-08-12T08:20:16.110Z,63821.01,98.25,EXTREME_OVERBOUGHT,FLAT,YES,YES,5m,1.00,0.00,0.50,NEUTRAL,1.00,NORMAL,89.38,EXTREME_TREND,NO,⛔ ADX too high (89.38) - Market trending (EXTREME_TREND); Max ADX for entry: 6
2026-08-12T10:46:46.486Z,64132.00,41.01,NEUTRAL,RISING,YES,YES,10s,1.00,0.00,0.50,NEUTRAL,1.00,NORMAL,99.07,EXTREME_TREND,NO,⛔ ADX too high (99.07) - Market trending (EXTREME_TREND); Max ADX for entry: 6
2026-08-12T10:46:56.455Z,64131.99,42.91,NEUTRAL,RISING,YES,YES,30s,1.00,0.00,0.50,NEUTRAL,1.00,NORMAL,7.51,RANGING,NO,⛔ ADX too high (7.51) - Market trending (RANGING); Max ADX for entry: 6
2026-08-12T10:47:06.458Z,64131.95,42.41,NEUTRAL,FLAT,YES,YES,1m,1.00,0.00,0.50,NEUTRAL,1.00,NORMAL,13.51,RANGING,NO,⛔ ADX too high (13.51) - Market trending (RANGING); Max ADX for entry: 6
2026-08-12T10:47:16.458Z,64128.01,39.06,OVERSOLD,FLAT,YES,YES,10s,1.00,0.00,0.50,NEUTRAL,1.00,NORMAL,99.75,EXTREME_TREND,NO,⛔ ADX too high (99.75) - Market trending (EXTREME_TREND); Max ADX for entry: 6
2026-08-12T10:47:26.478Z,64128.00,35.64,OVERSOLD,FALLING,YES,YES,30s,1.00,0.00,0.50,NEUTRAL,1.00,NORMAL,99.86,EXTREME_TREND,NO,⛔ ADX too high (99.86) - Market trending (EXTREME_TREND); Max ADX for entry: 6
2026-08-12T10:47:36.488Z,64120.65,32.34,OVERSOLD,FALLING,YES,YES,15m,1.00,0.00,0.50,NEUTRAL,1.00,NORMAL,99.50,EXTREME_TREND,NO,⛔ ADX too high (99.50) - Market trending (EXTREME_TREND); Max ADX for entry: 6
2026-08-12T10:47:46.481Z,64120.65,27.84,EXTREME_OVERSOLD,FLAT,YES,YES,30s,1.00,0.00,0.50,NEUTRAL,1.00,NORMAL,100.00,EXTREME_TREND,NO,⛔ ADX too high (100.00) - Market trending (EXTREME_TREND); Max ADX for entry: 6
2026-08-12T10:56:16.487Z,64150.01,62.50,OVERBOUGHT,FALLING,YES,YES,5m,1.00,0.00,0.50,NEUTRAL,1.00,NORMAL,95.60,EXTREME_TREND,NO,⛔ ADX too high (95.60) - Market trending (EXTREME_TREND); Max ADX for entry: 6
2026-08-12T10:56:26.471Z,64149.47,60.63,OVERBOUGHT,FLAT,YES,YES,10s,1.00,0.00,0.50,NEUTRAL,1.00,NORMAL,99.32,EXTREME_TREND,NO,⛔ ADX too high (99.32) - Market trending (EXTREME_TREND); Max ADX for entry: 6
2026-08-12T10:56:36.505Z,64148.65,57.99,NEUTRAL,FLAT,YES,YES,30s,1.00,0.00,0.50,NEUTRAL,1.00,NORMAL,97.03,EXTREME_TREND,NO,⛔ ADX too high (97.03) - Market trending (EXTREME_TREND); Max ADX for entry: 6
2026-08-12T10:56:46.490Z,64144.67,47.89,NEUTRAL,FLAT,YES,YES,10s,1.00,0.00,0.50,NEUTRAL,1.00,NORMAL,99.33,EXTREME_TREND,NO,⛔ ADX too high (99.33) - Market trending (EXTREME_TREND); Max ADX for entry: 6
2026-08-12T10:56:56.512Z,64142.04,42.94,NEUTRAL,FALLING,YES,YES,1h,1.00,0.00,0.50,NEUTRAL,1.00,NORMAL,99.64,EXTREME_TREND,NO,⛔ ADX too high (99.64) - Market trending (EXTREME_TREND); Max ADX for entry: 6
2026-08-12T10:57:06.510Z,64142.03,42.90,NEUTRAL,FLAT,YES,YES,10s,1.00,0.00,0.50,NEUTRAL,1.00,NORMAL,98.66,EXTREME_TREND,NO,⛔ ADX too high (98.66) - Market trending (EXTREME_TREND); Max ADX for entry: 6
2026-08-12T10:57:16.498Z,64142.04,42.93,NEUTRAL,FLAT,YES,YES,30s,1.00,0.00,0.50,NEUTRAL,1.00,NORMAL,15.22,RANGING,NO,⛔ ADX too high (15.22) - Market trending (RANGING); Max ADX for entry: 6
2026-08-12T10:57:26.491Z,64142.03,42.94,NEUTRAL,FLAT,YES,YES,30s,1.00,0.00,0.50,NEUTRAL,1.00,NORMAL,15.35,RANGING,NO,⛔ ADX too high (15.35) - Market trending (RANGING); Max ADX for entry: 6
2026-08-12T10:57:36.486Z,64142.00,42.87,NEUTRAL,FLAT,YES,YES,1m,1.00,0.00,0.50,NEUTRAL,1.00,NORMAL,53.09,STRONG_TREND,NO,⛔ ADX too high (53.09) - Market trending (STRONG_TREND); Max ADX for entry: 6
2026-08-12T10:57:46.487Z,64139.21,38.65,OVERSOLD,FLAT,YES,YES,30s,1.00,0.00,0.50,NEUTRAL,1.00,NORMAL,99.06,EXTREME_TREND,NO,⛔ ADX too high (99.06) - Market trending (EXTREME_TREND); Max ADX for entry: 6
2026-08-12T10:57:56.493Z,64139.22,38.66,OVERSOLD,FLAT,YES,YES,10s,1.00,0.00,0.50,NEUTRAL,1.00,NORMAL,28.59,TRENDING,NO,⛔ ADX too high (28.59) - Market trending (TRENDING); Max ADX for entry: 6
2026-08-12T10:58:06.499Z,64139.21,38.66,OVERSOLD,FLAT,YES,YES,10s,1.00,0.00,0.50,NEUTRAL,1.00,NORMAL,10.91,RANGING,NO,⛔ ADX too high (10.91) - Market trending (RANGING); Max ADX for entry: 6
2026-08-12T10:58:16.503Z,64139.21,37.85,OVERSOLD,FLAT,YES,YES,1m,1.00,0.00,0.50,NEUTRAL,1.00,NORMAL,16.37,RANGING,NO,⛔ ADX too high (16.37) - Market trending (RANGING); Max ADX for entry: 6
2026-08-12T10:58:26.489Z,64139.22,37.86,OVERSOLD,FLAT,YES,YES,10s,1.00,0.00,0.50,NEUTRAL,1.00,NORMAL,46.49,TRENDING,NO,⛔ ADX too high (46.49) - Market trending (TRENDING); Max ADX for entry: 6
2026-08-12T10:58:36.488Z,64139.21,32.27,OVERSOLD,FALLING,YES,YES,5m,1.00,0.00,0.50,NEUTRAL,1.00,NORMAL,20.54,TRANSITION,NO,⛔ ADX too high (20.54) - Market trending (TRANSITION); Max ADX for entry: 6
2026-08-12T10:58:46.500Z,64143.36,38.15,OVERSOLD,FLAT,YES,YES,30s,1.00,0.00,0.50,NEUTRAL,1.00,NORMAL,99.62,EXTREME_TREND,NO,⛔ ADX too high (99.62) - Market trending (EXTREME_TREND); Max ADX for entry: 6
2026-08-12T10:58:56.498Z,64143.36,35.87,OVERSOLD,FLAT,YES,YES,30s,1.00,0.00,0.50,NEUTRAL,1.00,NORMAL,100.00,EXTREME_TREND,NO,⛔ ADX too high (100.00) - Market trending (EXTREME_TREND); Max ADX for entry: 6
2026-08-12T10:59:06.486Z,64143.36,35.84,OVERSOLD,FLAT,YES,YES,1m,1.00,0.00,0.50,NEUTRAL,1.00,NORMAL,18.32,RANGING,NO,⛔ ADX too high (18.32) - Market trending (RANGING); Max ADX for entry: 6
2026-08-12T10:59:16.489Z,64143.36,27.81,EXTREME_OVERSOLD,FLAT,YES,YES,1m,1.00,0.00,0.50,NEUTRAL,1.00,NORMAL,31.95,TRENDING,NO,⛔ ADX too high (31.95) - Market trending (TRENDING); Max ADX for entry: 6
2026-08-12T10:59:26.490Z,64143.37,27.83,EXTREME_OVERSOLD,FLAT,YES,YES,10s,1.00,0.00,0.50,NEUTRAL,1.00,NORMAL,37.06,TRENDING,NO,⛔ ADX too high (37.06) - Market trending (TRENDING); Max ADX for entry: 6
2026-08-12T10:59:36.491Z,64143.37,27.86,EXTREME_OVERSOLD,FLAT,YES,YES,5m,1.00,0.00,0.50,NEUTRAL,1.00,NORMAL,52.33,STRONG_TREND,NO,⛔ ADX too high (52.33) - Market trending (STRONG_TREND); Max ADX for entry: 6
2026-08-12T11:51:36.601Z,64244.00,79.76,EXTREME_OVERBOUGHT,FALLING,YES,YES,10s,1.00,0.00,0.50,NEUTRAL,1.00,NORMAL,10.46,RANGING,NO,⛔ ADX too high (10.46) - Market trending (RANGING); Max ADX for entry: 6
2026-08-12T11:51:46.603Z,64243.99,78.84,EXTREME_OVERBOUGHT,FLAT,YES,YES,30s,1.00,0.00,0.50,NEUTRAL,1.00,NORMAL,97.89,EXTREME_TREND,NO,⛔ ADX too high (97.89) - Market trending (EXTREME_TREND); Max ADX for entry: 6
2026-08-12T11:51:56.615Z,64243.99,78.59,EXTREME_OVERBOUGHT,FLAT,YES,YES,30s,1.00,0.00,0.50,NEUTRAL,1.00,NORMAL,52.63,STRONG_TREND,NO,⛔ ADX too high (52.63) - Market trending (STRONG_TREND); Max ADX for entry: 6
2026-08-12T11:52:06.618Z,64239.28,72.34,EXTREME_OVERBOUGHT,FLAT,YES,YES,10s,1.00,0.00,0.50,NEUTRAL,1.00,NORMAL,98.95,EXTREME_TREND,NO,⛔ ADX too high (98.95) - Market trending (EXTREME_TREND); Max ADX for entry: 6
2026-08-12T11:52:16.605Z,64239.29,71.32,EXTREME_OVERBOUGHT,FLAT,YES,YES,30s,1.00,0.00,0.50,NEUTRAL,1.00,NORMAL,99.85,EXTREME_TREND,NO,⛔ ADX too high (99.85) - Market trending (EXTREME_TREND); Max ADX for entry: 6
2026-08-12T11:52:26.617Z,64237.02,66.69,OVERBOUGHT,FALLING,YES,YES,5m,1.00,0.00,0.50,NEUTRAL,1.00,NORMAL,40.79,TRENDING,NO,⛔ ADX too high (40.79) - Market trending (TRENDING); Max ADX for entry: 6
2026-08-12T11:52:36.618Z,64237.02,66.67,OVERBOUGHT,FLAT,YES,YES,10s,1.00,0.00,0.50,NEUTRAL,1.00,NORMAL,96.01,EXTREME_TREND,NO,⛔ ADX too high (96.01) - Market trending (EXTREME_TREND); Max ADX for entry: 6
2026-08-12T11:52:46.606Z,64237.03,66.67,OVERBOUGHT,FLAT,YES,YES,30s,1.00,0.00,0.50,NEUTRAL,1.00,NORMAL,60.55,STRONG_TREND,NO,⛔ ADX too high (60.55) - Market trending (STRONG_TREND); Max ADX for entry: 6
2026-08-12T11:52:56.607Z,64236.32,65.95,OVERBOUGHT,FLAT,YES,YES,10s,1.00,0.00,0.50,NEUTRAL,1.00,NORMAL,83.76,EXTREME_TREND,NO,⛔ ADX too high (83.76) - Market trending (EXTREME_TREND); Max ADX for entry: 6
2026-08-12T11:53:06.616Z,64236.32,65.96,OVERBOUGHT,FLAT,YES,YES,30s,1.00,0.00,0.50,NEUTRAL,1.00,NORMAL,93.27,EXTREME_TREND,NO,⛔ ADX too high (93.27) - Market trending (EXTREME_TREND); Max ADX for entry: 6
2026-08-12T11:53:16.604Z,64236.31,65.95,OVERBOUGHT,FLAT,YES,YES,30s,1.00,0.00,0.50,NEUTRAL,1.00,NORMAL,33.16,TRENDING,NO,⛔ ADX too high (33.16) - Market trending (TRENDING); Max ADX for entry: 6
2026-08-12T11:53:26.616Z,64236.31,65.94,OVERBOUGHT,FLAT,YES,YES,10s,1.00,0.00,0.50,NEUTRAL,1.00,NORMAL,60.60,STRONG_TREND,NO,⛔ ADX too high (60.60) - Market trending (STRONG_TREND); Max ADX for entry: 6
2026-08-12T11:53:36.606Z,64236.31,65.94,OVERBOUGHT,FLAT,YES,YES,10s,1.00,0.00,0.50,NEUTRAL,1.00,NORMAL,11.10,RANGING,NO,⛔ ADX too high (11.10) - Market trending (RANGING); Max ADX for entry: 6
2026-08-12T11:53:46.626Z,64235.12,64.78,OVERBOUGHT,FALLING,YES,YES,5m,1.00,0.00,0.50,NEUTRAL,1.00,NORMAL,51.63,STRONG_TREND,NO,⛔ ADX too high (51.63) - Market trending (STRONG_TREND); Max ADX for entry: 6
2026-08-12T11:53:56.619Z,64235.13,64.77,OVERBOUGHT,FLAT,YES,YES,10s,1.00,0.00,0.50,NEUTRAL,1.00,NORMAL,94.50,EXTREME_TREND,NO,⛔ ADX too high (94.50) - Market trending (EXTREME_TREND); Max ADX for entry: 6
2026-08-12T11:54:06.620Z,64235.13,61.99,OVERBOUGHT,FALLING,YES,YES,30s,1.00,0.00,0.50,NEUTRAL,1.00,NORMAL,60.02,STRONG_TREND,NO,⛔ ADX too high (60.02) - Market trending (STRONG_TREND); Max ADX for entry: 6
2026-08-12T11:54:16.607Z,64235.12,56.81,NEUTRAL,FALLING,YES,YES,1m,1.00,0.00,0.50,NEUTRAL,1.00,NORMAL,8.71,RANGING,NO,⛔ ADX too high (8.71) - Market trending (RANGING); Max ADX for entry: 6
2026-08-12T11:54:26.609Z,64235.13,56.80,NEUTRAL,FLAT,YES,YES,1m,1.00,0.00,0.50,NEUTRAL,1.00,NORMAL,17.07,RANGING,NO,⛔ ADX too high (17.07) - Market trending (RANGING); Max ADX for entry: 6
2026-08-12T11:54:36.624Z,64235.12,56.80,NEUTRAL,FLAT,YES,YES,10s,1.00,0.00,0.50,NEUTRAL,1.00,NORMAL,72.62,STRONG_TREND,NO,⛔ ADX too high (72.62) - Market trending (STRONG_TREND); Max ADX for entry: 6
2026-08-12T11:54:46.625Z,64235.12,47.05,NEUTRAL,FLAT,YES,YES,5m,1.00,0.00,0.50,NEUTRAL,1.00,NORMAL,18.32,RANGING,NO,⛔ ADX too high (18.32) - Market trending (RANGING); Max ADX for entry: 6
2026-08-12T11:54:56.609Z,64235.13,47.06,NEUTRAL,FLAT,YES,YES,10s,1.00,0.00,0.50,NEUTRAL,1.00,NORMAL,38.45,TRENDING,NO,⛔ ADX too high (38.45) - Market trending (TRENDING); Max ADX for entry: 6
2026-08-12T11:55:06.612Z,64235.13,47.07,NEUTRAL,FLAT,YES,YES,5m,1.00,0.00,0.50,NEUTRAL,1.00,NORMAL,48.06,TRENDING,NO,⛔ ADX too high (48.06) - Market trending (TRENDING); Max ADX for entry: 6
2026-08-12T11:55:16.625Z,64235.12,47.06,NEUTRAL,FLAT,YES,YES,5m,1.00,0.00,0.50,NEUTRAL,1.00,NORMAL,47.86,TRENDING,NO,⛔ ADX too high (47.86) - Market trending (TRENDING); Max ADX for entry: 6
2026-08-12T11:55:26.623Z,64235.12,38.67,OVERSOLD,FALLING,YES,YES,5m,1.00,0.00,0.50,NEUTRAL,1.00,NORMAL,6.38,RANGING,NO,⛔ ADX too high (6.38) - Market trending (RANGING); Max ADX for entry: 6
2026-08-12T11:55:36.612Z,64235.13,28.64,EXTREME_OVERSOLD,FALLING,YES,YES,10s,1.00,0.00,0.50,NEUTRAL,1.00,NORMAL,64.55,STRONG_TREND,NO,⛔ ADX too high (64.55) - Market trending (STRONG_TREND); Max ADX for entry: 6
2026-08-12T11:55:46.625Z,64235.13,28.62,EXTREME_OVERSOLD,FLAT,YES,YES,5m,1.00,0.00,0.50,NEUTRAL,1.00,NORMAL,35.45,TRENDING,NO,⛔ ADX too high (35.45) - Market trending (TRENDING); Max ADX for entry: 6
2026-08-12T11:55:56.624Z,64235.13,32.71,OVERSOLD,FLAT,YES,YES,5m,1.00,0.00,0.50,NEUTRAL,1.00,NORMAL,17.29,RANGING,NO,⛔ ADX too high (17.29) - Market trending (RANGING); Max ADX for entry: 6
2026-08-12T11:56:06.623Z,64235.13,32.71,OVERSOLD,FLAT,YES,YES,5m,1.00,0.00,0.50,NEUTRAL,1.00,NORMAL,62.96,STRONG_TREND,NO,⛔ ADX too high (62.96) - Market trending (STRONG_TREND); Max ADX for entry: 6
2026-08-12T11:56:16.616Z,64235.13,21.46,EXTREME_OVERSOLD,FLAT,YES,YES,10s,1.00,0.00,0.50,NEUTRAL,1.00,NORMAL,10.27,RANGING,NO,⛔ ADX too high (10.27) - Market trending (RANGING); Max ADX for entry: 6
2026-08-12T11:56:26.628Z,64235.12,36.19,OVERSOLD,RISING,YES,YES,30s,1.00,0.00,0.50,NEUTRAL,1.00,NORMAL,11.26,RANGING,NO,⛔ ADX too high (11.26) - Market trending (RANGING); Max ADX for entry: 6
2026-08-12T11:56:36.630Z,64235.13,6.40,EXTREME_OVERSOLD,FLAT,YES,YES,5m,1.00,0.00,0.50,NEUTRAL,1.00,NORMAL,54.67,STRONG_TREND,NO,⛔ ADX too high (54.67) - Market trending (STRONG_TREND); Max ADX for entry: 6
2026-08-12T11:56:46.629Z,64231.39,4.68,EXTREME_OVERSOLD,FALLING,YES,YES,15m,1.00,0.00,0.50,NEUTRAL,1.00,NORMAL,14.19,RANGING,NO,⛔ ADX too high (14.19) - Market trending (RANGING); Max ADX for entry: 6
2026-08-12T11:56:56.615Z,64231.39,4.74,EXTREME_OVERSOLD,FLAT,YES,YES,30s,1.00,0.00,0.50,NEUTRAL,1.00,NORMAL,98.44,EXTREME_TREND,NO,⛔ ADX too high (98.44) - Market trending (EXTREME_TREND); Max ADX for entry: 6
2026-08-12T11:57:06.614Z,64231.40,7.27,EXTREME_OVERSOLD,FLAT,YES,YES,10s,1.00,0.00,0.50,NEUTRAL,1.00,NORMAL,13.12,RANGING,NO,⛔ ADX too high (13.12) - Market trending (RANGING); Max ADX for entry: 6
2026-08-12T11:57:16.612Z,64231.40,7.07,EXTREME_OVERSOLD,FLAT,YES,YES,1m,1.00,0.00,0.50,NEUTRAL,1.00,NORMAL,60.38,STRONG_TREND,NO,⛔ ADX too high (60.38) - Market trending (STRONG_TREND); Max ADX for entry: 6
2026-08-12T11:57:26.630Z,64231.39,9.13,EXTREME_OVERSOLD,RISING,YES,YES,30s,1.00,0.00,0.50,NEUTRAL,1.00,NORMAL,50.20,STRONG_TREND,NO,⛔ ADX too high (50.20) - Market trending (STRONG_TREND); Max ADX for entry: 6
2026-08-12T11:57:36.617Z,64231.40,9.16,EXTREME_OVERSOLD,FLAT,YES,YES,30s,1.00,0.00,0.50,NEUTRAL,1.00,NORMAL,59.03,STRONG_TREND,NO,⛔ ADX too high (59.03) - Market trending (STRONG_TREND); Max ADX for entry: 6
2026-08-12T11:57:46.630Z,64231.40,9.02,EXTREME_OVERSOLD,FLAT,YES,YES,5m,1.00,0.00,0.50,NEUTRAL,1.00,NORMAL,67.36,STRONG_TREND,NO,⛔ ADX too high (67.36) - Market trending (STRONG_TREND); Max ADX for entry: 6
2026-08-12T12:17:26.650Z,64349.65,67.97,OVERBOUGHT,FLAT,YES,YES,30s,1.00,0.00,0.50,NEUTRAL,1.00,NORMAL,49.65,TRENDING,NO,⛔ ADX too high (49.65) - Market trending (TRENDING); Max ADX for entry: 6
2026-08-12T12:17:36.649Z,64330.08,62.70,OVERBOUGHT,FALLING,YES,YES,5m,1.00,0.00,0.50,NEUTRAL,1.00,NORMAL,99.86,EXTREME_TREND,NO,⛔ ADX too high (99.86) - Market trending (EXTREME_TREND); Max ADX for entry: 6
2026-08-12T12:17:46.650Z,64353.33,65.84,OVERBOUGHT,RISING,NO,NO,none,0.00,0.00,0.50,NEUTRAL,1.00,NORMAL,7.13,RANGING,NO,⛔ ADX too high (7.13) - Market trending (RANGING); Max ADX for entry: 6
2026-08-12T12:17:56.651Z,64338.72,61.98,OVERBOUGHT,FLAT,YES,YES,10s,1.00,0.00,0.50,NEUTRAL,1.00,NORMAL,11.27,RANGING,NO,⛔ ADX too high (11.27) - Market trending (RANGING); Max ADX for entry: 6
2026-08-12T12:18:06.650Z,64330.01,58.69,NEUTRAL,FALLING,YES,YES,5m,1.00,0.00,0.50,NEUTRAL,1.00,NORMAL,91.03,EXTREME_TREND,NO,⛔ ADX too high (91.03) - Market trending (EXTREME_TREND); Max ADX for entry: 6
2026-08-12T12:18:16.650Z,64313.67,53.90,NEUTRAL,FLAT,YES,YES,10s,1.00,0.00,0.50,NEUTRAL,1.00,NORMAL,40.86,TRENDING,NO,⛔ ADX too high (40.86) - Market trending (TRENDING); Max ADX for entry: 6
2026-08-12T12:18:26.652Z,64319.93,53.78,NEUTRAL,FLAT,YES,YES,30s,1.00,0.00,0.50,NEUTRAL,1.00,NORMAL,99.01,EXTREME_TREND,NO,⛔ ADX too high (99.01) - Market trending (EXTREME_TREND); Max ADX for entry: 6
2026-08-12T12:18:36.649Z,64323.66,54.61,NEUTRAL,FLAT,YES,YES,30s,1.00,0.00,0.50,NEUTRAL,1.00,NORMAL,99.78,EXTREME_TREND,NO,⛔ ADX too high (99.78) - Market trending (EXTREME_TREND); Max ADX for entry: 6
2026-08-12T12:18:46.650Z,64323.67,54.79,NEUTRAL,FLAT,YES,YES,30s,1.00,0.00,0.50,NEUTRAL,1.00,NORMAL,99.07,EXTREME_TREND,NO,⛔ ADX too high (99.07) - Market trending (EXTREME_TREND); Max ADX for entry: 6
2026-08-12T12:18:56.652Z,64306.11,51.65,NEUTRAL,FALLING,YES,YES,5m,1.00,0.00,0.50,NEUTRAL,1.00,NORMAL,99.24,EXTREME_TREND,NO,⛔ ADX too high (99.24) - Market trending (EXTREME_TREND); Max ADX for entry: 6
2026-08-12T12:19:06.663Z,64291.27,50.35,NEUTRAL,FLAT,YES,YES,5m,1.00,0.00,0.50,NEUTRAL,1.00,NORMAL,99.95,EXTREME_TREND,NO,⛔ ADX too high (99.95) - Market trending (EXTREME_TREND); Max ADX for entry: 6
2026-08-12T12:19:16.654Z,64296.00,51.58,NEUTRAL,FLAT,YES,YES,30s,1.00,0.00,0.50,NEUTRAL,1.00,NORMAL,99.42,EXTREME_TREND,NO,⛔ ADX too high (99.42) - Market trending (EXTREME_TREND); Max ADX for entry: 6
2026-08-12T12:19:26.651Z,64296.00,52.56,NEUTRAL,FLAT,YES,YES,30s,1.00,0.00,0.50,NEUTRAL,1.00,NORMAL,99.00,EXTREME_TREND,NO,⛔ ADX too high (99.00) - Market trending (EXTREME_TREND); Max ADX for entry: 6
2026-08-12T12:19:36.653Z,64299.85,53.55,NEUTRAL,FLAT,YES,YES,1m,1.00,0.00,0.50,NEUTRAL,1.00,NORMAL,98.61,EXTREME_TREND,NO,⛔ ADX too high (98.61) - Market trending (EXTREME_TREND); Max ADX for entry: 6
2026-08-12T12:19:46.654Z,64304.14,54.58,NEUTRAL,FLAT,YES,YES,1m,1.00,0.00,0.50,NEUTRAL,1.00,NORMAL,99.34,EXTREME_TREND,NO,⛔ ADX too high (99.34) - Market trending (EXTREME_TREND); Max ADX for entry: 6
2026-08-12T12:19:56.650Z,64310.00,56.97,NEUTRAL,RISING,YES,YES,10s,1.00,0.00,0.50,NEUTRAL,1.00,NORMAL,97.92,EXTREME_TREND,NO,⛔ ADX too high (97.92) - Market trending (EXTREME_TREND); Max ADX for entry: 6
2026-08-12T12:20:06.661Z,64310.00,56.51,NEUTRAL,FLAT,YES,YES,30s,1.00,0.00,0.50,NEUTRAL,1.00,NORMAL,98.21,EXTREME_TREND,NO,⛔ ADX too high (98.21) - Market trending (EXTREME_TREND); Max ADX for entry: 6
2026-08-12T12:20:16.657Z,64318.68,57.72,NEUTRAL,FLAT,NO,NO,none,0.00,0.00,0.50,NEUTRAL,1.00,NORMAL,43.28,TRENDING,NO,⛔ ADX too high (43.28) - Market trending (TRENDING); Max ADX for entry: 6
2026-08-12T12:20:26.662Z,64334.99,59.15,NEUTRAL,FLAT,NO,NO,none,0.00,0.00,0.50,NEUTRAL,1.00,NORMAL,99.82,EXTREME_TREND,NO,⛔ ADX too high (99.82) - Market trending (EXTREME_TREND); Max ADX for entry: 6
2026-08-12T12:20:36.666Z,64334.99,59.15,NEUTRAL,FLAT,YES,YES,10s,1.00,0.00,0.50,NEUTRAL,1.00,NORMAL,99.90,EXTREME_TREND,NO,⛔ ADX too high (99.90) - Market trending (EXTREME_TREND); Max ADX for entry: 6
2026-08-12T12:20:46.663Z,64343.00,58.39,NEUTRAL,FLAT,YES,YES,10s,1.00,0.00,0.50,NEUTRAL,1.00,NORMAL,99.52,EXTREME_TREND,NO,⛔ ADX too high (99.52) - Market trending (EXTREME_TREND); Max ADX for entry: 6
2026-08-12T12:20:56.652Z,64342.99,58.26,NEUTRAL,FLAT,YES,YES,30s,1.00,0.00,0.50,NEUTRAL,1.00,NORMAL,99.90,EXTREME_TREND,NO,⛔ ADX too high (99.90) - Market trending (EXTREME_TREND); Max ADX for entry: 6
2026-08-12T12:21:06.654Z,64340.86,57.25,NEUTRAL,FLAT,YES,YES,30s,1.00,0.00,0.50,NEUTRAL,1.00,NORMAL,99.16,EXTREME_TREND,NO,⛔ ADX too high (99.16) - Market trending (EXTREME_TREND); Max ADX for entry: 6
2026-08-12T12:21:16.652Z,64332.00,48.25,NEUTRAL,FALLING,YES,YES,1m,1.00,0.00,0.50,NEUTRAL,1.00,NORMAL,34.83,TRENDING,NO,⛔ ADX too high (34.83) - Market trending (TRENDING); Max ADX for entry: 6
2026-08-12T12:21:26.652Z,64326.50,45.86,NEUTRAL,FLAT,YES,YES,15m,1.00,0.00,0.50,NEUTRAL,1.00,NORMAL,99.61,EXTREME_TREND,NO,⛔ ADX too high (99.61) - Market trending (EXTREME_TREND); Max ADX for entry: 6
2026-08-12T12:21:36.654Z,64330.01,48.25,NEUTRAL,FLAT,YES,YES,10s,1.00,0.00,0.50,NEUTRAL,1.00,NORMAL,48.22,TRENDING,NO,⛔ ADX too high (48.22) - Market trending (TRENDING); Max ADX for entry: 6
2026-08-12T12:21:46.655Z,64330.00,47.93,NEUTRAL,FLAT,YES,YES,30s,1.00,0.00,0.50,NEUTRAL,1.00,NORMAL,10.24,RANGING,NO,⛔ ADX too high (10.24) - Market trending (RANGING); Max ADX for entry: 6
2026-08-12T12:21:56.654Z,64330.00,47.86,NEUTRAL,FLAT,YES,YES,30s,1.00,0.00,0.50,NEUTRAL,1.00,NORMAL,7.74,RANGING,NO,⛔ ADX too high (7.74) - Market trending (RANGING); Max ADX for entry: 6
2026-08-12T12:22:06.655Z,64330.00,46.85,NEUTRAL,FLAT,YES,YES,10s,1.00,0.75,0.50,NEUTRAL,1.00,NORMAL,3.70,RANGING,NO,RSI neutral (46.9)
2026-08-12T12:22:16.654Z,64330.01,46.16,NEUTRAL,FLAT,YES,YES,10s,1.00,0.00,0.50,NEUTRAL,1.00,NORMAL,7.40,RANGING,NO,⛔ ADX too high (7.40) - Market trending (RANGING); Max ADX for entry: 6
2026-08-12T12:22:26.674Z,64339.49,47.71,NEUTRAL,FLAT,YES,YES,10s,1.00,0.00,0.50,NEUTRAL,1.00,NORMAL,99.52,EXTREME_TREND,NO,⛔ ADX too high (99.52) - Market trending (EXTREME_TREND); Max ADX for entry: 6
2026-08-12T12:22:36.659Z,64330.64,50.12,NEUTRAL,RISING,YES,YES,30s,1.00,0.00,0.50,NEUTRAL,1.00,NORMAL,86.49,EXTREME_TREND,NO,⛔ ADX too high (86.49) - Market trending (EXTREME_TREND); Max ADX for entry: 6
2026-08-12T12:22:46.657Z,64330.00,44.46,NEUTRAL,FALLING,YES,YES,10s,1.00,0.00,0.50,NEUTRAL,1.00,NORMAL,97.42,EXTREME_TREND,NO,⛔ ADX too high (97.42) - Market trending (EXTREME_TREND); Max ADX for entry: 6
2026-08-12T12:22:56.659Z,64330.00,47.71,NEUTRAL,FLAT,YES,YES,10s,1.00,0.00,0.50,NEUTRAL,1.00,NORMAL,99.00,EXTREME_TREND,NO,⛔ ADX too high (99.00) - Market trending (EXTREME_TREND); Max ADX for entry: 6
2026-08-12T12:23:06.660Z,64308.12,44.53,NEUTRAL,FLAT,YES,YES,15m,1.00,0.00,0.50,NEUTRAL,1.01,NORMAL,13.54,RANGING,NO,⛔ ADX too high (13.54) - Market trending (RANGING); Max ADX for entry: 6
2026-08-12T12:23:16.658Z,64310.40,49.12,NEUTRAL,FLAT,YES,YES,10s,1.00,0.00,0.50,NEUTRAL,1.00,NORMAL,74.47,STRONG_TREND,NO,⛔ ADX too high (74.47) - Market trending (STRONG_TREND); Max ADX for entry: 6
2026-08-12T12:23:26.657Z,64306.00,46.21,NEUTRAL,FALLING,YES,YES,15m,1.00,0.00,0.50,NEUTRAL,1.00,NORMAL,98.70,EXTREME_TREND,NO,⛔ ADX too high (98.70) - Market trending (EXTREME_TREND); Max ADX for entry: 6
2026-08-12T12:23:36.658Z,64296.00,42.73,NEUTRAL,FALLING,YES,YES,15m,1.00,0.00,0.50,NEUTRAL,1.00,NORMAL,98.82,EXTREME_TREND,NO,⛔ ADX too high (98.82) - Market trending (EXTREME_TREND); Max ADX for entry: 6
2026-08-12T12:23:46.662Z,64290.00,41.43,NEUTRAL,FLAT,YES,YES,10s,1.00,0.00,0.50,NEUTRAL,1.00,NORMAL,99.62,EXTREME_TREND,NO,⛔ ADX too high (99.62) - Market trending (EXTREME_TREND); Max ADX for entry: 6
2026-08-12T12:23:56.662Z,64290.00,46.06,NEUTRAL,RISING,YES,YES,30s,1.00,0.00,0.50,NEUTRAL,1.00,NORMAL,96.46,EXTREME_TREND,NO,⛔ ADX too high (96.46) - Market trending (EXTREME_TREND); Max ADX for entry: 6
2026-08-12T12:24:06.685Z,64288.14,49.06,NEUTRAL,RISING,YES,YES,30s,1.00,0.00,0.50,NEUTRAL,1.00,NORMAL,96.52,EXTREME_TREND,NO,⛔ ADX too high (96.52) - Market trending (EXTREME_TREND); Max ADX for entry: 6
2026-08-12T12:24:16.681Z,64270.20,42.80,NEUTRAL,FALLING,YES,YES,10s,1.00,0.00,0.50,NEUTRAL,1.00,NORMAL,99.32,EXTREME_TREND,NO,⛔ ADX too high (99.32) - Market trending (EXTREME_TREND); Max ADX for entry: 6
2026-08-12T12:24:26.689Z,64274.90,44.26,NEUTRAL,RISING,YES,YES,30s,1.00,0.00,0.50,NEUTRAL,1.00,NORMAL,82.98,EXTREME_TREND,NO,⛔ ADX too high (82.98) - Market trending (EXTREME_TREND); Max ADX for entry: 6
2026-08-12T12:24:36.684Z,64274.91,43.03,NEUTRAL,FLAT,YES,YES,30s,1.00,0.00,0.50,NEUTRAL,1.00,NORMAL,98.35,EXTREME_TREND,NO,⛔ ADX too high (98.35) - Market trending (EXTREME_TREND); Max ADX for entry: 6
2026-08-12T12:24:46.684Z,64278.25,42.36,NEUTRAL,FALLING,YES,YES,10s,1.00,0.00,0.50,NEUTRAL,1.00,NORMAL,98.88,EXTREME_TREND,NO,⛔ ADX too high (98.88) - Market trending (EXTREME_TREND); Max ADX for entry: 6
2026-08-12T12:24:56.683Z,64276.01,40.44,NEUTRAL,FLAT,YES,YES,30s,1.00,0.00,0.50,NEUTRAL,1.00,NORMAL,50.97,STRONG_TREND,NO,⛔ ADX too high (50.97) - Market trending (STRONG_TREND); Max ADX for entry: 6
2026-08-12T12:25:06.685Z,64270.15,39.15,OVERSOLD,FLAT,YES,YES,1h,1.00,0.00,0.50,NEUTRAL,1.00,NORMAL,99.68,EXTREME_TREND,NO,⛔ ADX too high (99.68) - Market trending (EXTREME_TREND); Max ADX for entry: 6
2026-08-12T12:25:16.684Z,64262.50,34.14,OVERSOLD,FALLING,YES,YES,1h,1.00,0.00,0.50,NEUTRAL,1.00,NORMAL,98.77,EXTREME_TREND,NO,⛔ ADX too high (98.77) - Market trending (EXTREME_TREND); Max ADX for entry: 6
2026-08-12T12:25:26.668Z,64270.00,31.30,OVERSOLD,FLAT,YES,YES,30s,1.00,0.00,0.50,NEUTRAL,1.00,NORMAL,98.97,EXTREME_TREND,NO,⛔ ADX too high (98.97) - Market trending (EXTREME_TREND); Max ADX for entry: 6
2026-08-12T12:25:36.667Z,64269.99,31.29,OVERSOLD,FLAT,YES,YES,10s,1.00,0.00,0.50,NEUTRAL,1.00,NORMAL,99.42,EXTREME_TREND,NO,⛔ ADX too high (99.42) - Market trending (EXTREME_TREND); Max ADX for entry: 6
2026-08-12T12:25:46.700Z,64269.99,27.98,EXTREME_OVERSOLD,FLAT,YES,YES,10s,1.00,0.00,0.50,NEUTRAL,1.00,NORMAL,51.29,STRONG_TREND,NO,⛔ ADX too high (51.29) - Market trending (STRONG_TREND); Max ADX for entry: 6
2026-08-12T12:25:56.687Z,64269.99,27.98,EXTREME_OVERSOLD,FLAT,YES,YES,10s,1.00,0.00,0.50,NEUTRAL,1.00,NORMAL,55.76,STRONG_TREND,NO,⛔ ADX too high (55.76) - Market trending (STRONG_TREND); Max ADX for entry: 6
2026-08-12T12:26:06.685Z,64275.56,27.54,EXTREME_OVERSOLD,RISING,YES,YES,5m,1.00,0.00,0.50,NEUTRAL,1.00,NORMAL,56.91,STRONG_TREND,NO,⛔ ADX too high (56.91) - Market trending (STRONG_TREND); Max ADX for entry: 6
2026-08-12T12:26:16.688Z,64279.99,31.04,OVERSOLD,FLAT,YES,YES,10s,1.00,0.00,0.50,NEUTRAL,1.00,NORMAL,98.08,EXTREME_TREND,NO,⛔ ADX too high (98.08) - Market trending (EXTREME_TREND); Max ADX for entry: 6
2026-08-12T12:26:26.693Z,64284.07,34.37,OVERSOLD,RISING,YES,YES,5m,1.00,0.00,0.50,NEUTRAL,1.00,NORMAL,99.50,EXTREME_TREND,NO,⛔ ADX too high (99.50) - Market trending (EXTREME_TREND); Max ADX for entry: 6
2026-08-12T12:26:37.116Z,64284.16,32.67,OVERSOLD,FLAT,YES,YES,30s,1.00,0.00,0.50,NEUTRAL,1.00,NORMAL,99.29,EXTREME_TREND,NO,⛔ ADX too high (99.29) - Market trending (EXTREME_TREND); Max ADX for entry: 6
2026-08-12T12:26:46.690Z,64289.69,35.38,OVERSOLD,RISING,YES,YES,5m,1.00,0.00,0.50,NEUTRAL,1.00,NORMAL,64.12,STRONG_TREND,NO,⛔ ADX too high (64.12) - Market trending (STRONG_TREND); Max ADX for entry: 6
2026-08-12T12:26:56.689Z,64289.69,35.37,OVERSOLD,FLAT,YES,YES,30s,1.00,0.00,0.50,NEUTRAL,1.00,NORMAL,99.21,EXTREME_TREND,NO,⛔ ADX too high (99.21) - Market trending (EXTREME_TREND); Max ADX for entry: 6
2026-08-12T12:27:06.691Z,64288.41,35.06,OVERSOLD,FLAT,YES,YES,10s,1.00,0.00,0.50,NEUTRAL,1.00,NORMAL,98.04,EXTREME_TREND,NO,⛔ ADX too high (98.04) - Market trending (EXTREME_TREND); Max ADX for entry: 6
2026-08-12T12:27:16.702Z,64287.11,34.72,OVERSOLD,FLAT,YES,YES,1m,1.00,0.00,0.50,NEUTRAL,1.00,NORMAL,99.44,EXTREME_TREND,NO,⛔ ADX too high (99.44) - Market trending (EXTREME_TREND); Max ADX for entry: 6
2026-08-12T12:27:26.690Z,64287.11,30.49,OVERSOLD,FLAT,YES,YES,30s,1.00,0.00,0.50,NEUTRAL,1.00,NORMAL,94.43,EXTREME_TREND,NO,⛔ ADX too high (94.43) - Market trending (EXTREME_TREND); Max ADX for entry: 6
2026-08-12T12:27:36.692Z,64287.12,32.17,OVERSOLD,RISING,YES,YES,30s,1.00,0.00,0.50,NEUTRAL,1.00,NORMAL,68.60,STRONG_TREND,NO,⛔ ADX too high (68.60) - Market trending (STRONG_TREND); Max ADX for entry: 6
2026-08-12T12:27:46.693Z,64304.70,40.90,NEUTRAL,RISING,YES,YES,5m,1.00,0.00,0.50,NEUTRAL,1.00,NORMAL,99.85,EXTREME_TREND,NO,⛔ ADX too high (99.85) - Market trending (EXTREME_TREND); Max ADX for entry: 6
2026-08-12T12:27:56.688Z,64311.92,43.82,NEUTRAL,RISING,YES,YES,5m,1.00,0.00,0.50,NEUTRAL,1.00,NORMAL,99.42,EXTREME_TREND,NO,⛔ ADX too high (99.42) - Market trending (EXTREME_TREND); Max ADX for entry: 6
2026-08-12T12:28:07.138Z,64318.25,53.88,NEUTRAL,RISING,YES,YES,10s,1.00,0.00,0.50,NEUTRAL,1.00,NORMAL,99.68,EXTREME_TREND,NO,⛔ ADX too high (99.68) - Market trending (EXTREME_TREND); Max ADX for entry: 6
2026-08-12T12:28:16.694Z,64314.52,51.56,NEUTRAL,FLAT,YES,YES,30s,1.00,0.75,0.50,NEUTRAL,1.00,NORMAL,5.47,RANGING,NO,RSI neutral (51.6)
2026-08-12T12:28:26.690Z,64324.33,57.59,NEUTRAL,RISING,YES,YES,10s,1.00,0.00,0.50,NEUTRAL,1.00,NORMAL,79.28,EXTREME_TREND,NO,⛔ ADX too high (79.28) - Market trending (EXTREME_TREND); Max ADX for entry: 6
2026-08-12T12:28:36.688Z,64340.58,65.51,OVERBOUGHT,RISING,NO,NO,none,0.00,0.00,0.50,NEUTRAL,1.00,NORMAL,99.58,EXTREME_TREND,NO,⛔ ADX too high (99.58) - Market trending (EXTREME_TREND); Max ADX for entry: 6
2026-08-12T12:28:46.689Z,64353.99,71.17,EXTREME_OVERBOUGHT,FLAT,YES,YES,10s,0.93,0.00,0.50,NEUTRAL,1.00,NORMAL,100.00,EXTREME_TREND,NO,⛔ ADX too high (100.00) - Market trending (EXTREME_TREND); Max ADX for entry: 6
2026-08-12T12:28:56.691Z,64365.88,74.12,EXTREME_OVERBOUGHT,FLAT,YES,YES,10s,1.00,0.00,0.50,NEUTRAL,1.00,NORMAL,99.98,EXTREME_TREND,NO,⛔ ADX too high (99.98) - Market trending (EXTREME_TREND); Max ADX for entry: 6
2026-08-12T12:29:06.692Z,64364.59,73.53,EXTREME_OVERBOUGHT,FLAT,YES,YES,30s,1.00,0.00,0.50,NEUTRAL,1.00,NORMAL,99.15,EXTREME_TREND,NO,⛔ ADX too high (99.15) - Market trending (EXTREME_TREND); Max ADX for entry: 6
2026-08-12T12:29:16.692Z,64362.01,81.23,EXTREME_OVERBOUGHT,FALLING,YES,YES,30s,1.00,0.00,0.50,NEUTRAL,1.00,NORMAL,89.69,EXTREME_TREND,NO,⛔ ADX too high (89.69) - Market trending (EXTREME_TREND); Max ADX for entry: 6
2026-08-12T12:29:26.689Z,64394.00,71.40,EXTREME_OVERBOUGHT,FALLING,NO,NO,none,0.00,0.00,0.50,NEUTRAL,1.00,NORMAL,97.23,EXTREME_TREND,NO,⛔ ADX too high (97.23) - Market trending (EXTREME_TREND); Max ADX for entry: 6
2026-08-12T12:29:36.694Z,64386.78,67.97,OVERBOUGHT,FALLING,YES,YES,10s,1.00,0.00,0.50,NEUTRAL,1.00,NORMAL,13.13,RANGING,NO,⛔ ADX too high (13.13) - Market trending (RANGING); Max ADX for entry: 6
2026-08-12T12:29:47.141Z,64388.07,65.50,OVERBOUGHT,FLAT,YES,YES,10s,0.61,0.00,0.50,NEUTRAL,1.00,NORMAL,27.04,TRENDING,NO,⛔ ADX too high (27.04) - Market trending (TRENDING); Max ADX for entry: 6
2026-08-12T12:29:56.706Z,64407.42,66.24,OVERBOUGHT,RISING,NO,NO,none,0.00,0.00,0.50,NEUTRAL,1.00,NORMAL,62.34,STRONG_TREND,NO,⛔ ADX too high (62.34) - Market trending (STRONG_TREND); Max ADX for entry: 6
2026-08-12T12:30:06.709Z,64458.33,68.63,OVERBOUGHT,RISING,NO,NO,none,0.00,0.00,0.50,NEUTRAL,1.01,NORMAL,71.27,STRONG_TREND,NO,⛔ ADX too high (71.27) - Market trending (STRONG_TREND); Max ADX for entry: 6
2026-08-12T12:30:16.694Z,64172.87,44.83,NEUTRAL,FALLING,YES,YES,10s,1.00,0.00,0.50,NEUTRAL,1.01,NORMAL,59.95,STRONG_TREND,NO,⛔ ADX too high (59.95) - Market trending (STRONG_TREND); Max ADX for entry: 6
2026-08-12T12:30:26.700Z,64207.99,46.92,NEUTRAL,RISING,YES,YES,30s,1.00,0.00,0.50,NEUTRAL,1.01,NORMAL,81.71,EXTREME_TREND,NO,⛔ ADX too high (81.71) - Market trending (EXTREME_TREND); Max ADX for entry: 6
2026-08-12T12:30:36.697Z,64233.60,48.38,NEUTRAL,RISING,YES,YES,30s,1.00,0.00,0.50,NEUTRAL,1.00,NORMAL,33.84,TRENDING,NO,⛔ ADX too high (33.84) - Market trending (TRENDING); Max ADX for entry: 6
2026-08-12T12:30:46.696Z,64224.00,48.05,NEUTRAL,FLAT,YES,YES,30s,1.00,0.00,0.50,NEUTRAL,1.00,NORMAL,64.75,STRONG_TREND,NO,⛔ ADX too high (64.75) - Market trending (STRONG_TREND); Max ADX for entry: 6
2026-08-12T12:30:56.693Z,64206.00,47.36,NEUTRAL,FLAT,YES,YES,1m,1.00,0.00,0.50,NEUTRAL,1.00,NORMAL,30.47,TRENDING,NO,⛔ ADX too high (30.47) - Market trending (TRENDING); Max ADX for entry: 6
2026-08-12T12:31:06.714Z,64176.01,46.00,NEUTRAL,FLAT,NO,NO,none,0.00,0.00,0.50,BEARISH,1.00,NORMAL,81.38,EXTREME_TREND,NO,⛔ ADX too high (81.38) - Market trending (EXTREME_TREND); Max ADX for entry: 6
2026-08-12T12:31:16.696Z,64114.01,43.76,NEUTRAL,FLAT,YES,YES,10s,0.60,0.00,0.50,BEARISH,1.00,NORMAL,89.20,EXTREME_TREND,NO,⛔ ADX too high (89.20) - Market trending (EXTREME_TREND); Max ADX for entry: 6
2026-08-12T12:31:26.700Z,64109.73,43.67,NEUTRAL,FLAT,YES,YES,30s,0.80,0.00,0.50,BEARISH,1.00,NORMAL,49.61,TRENDING,NO,⛔ ADX too high (49.61) - Market trending (TRENDING); Max ADX for entry: 6
2026-08-12T12:31:36.702Z,64182.00,46.47,NEUTRAL,FLAT,YES,YES,1m,1.00,0.00,0.50,BEARISH,1.00,NORMAL,54.51,STRONG_TREND,NO,⛔ ADX too high (54.51) - Market trending (STRONG_TREND); Max ADX for entry: 6
2026-08-12T12:31:46.699Z,64156.97,45.52,NEUTRAL,FLAT,YES,YES,30s,1.00,0.00,0.50,NEUTRAL,1.00,NORMAL,49.27,TRENDING,NO,⛔ ADX too high (49.27) - Market trending (TRENDING); Max ADX for entry: 6
2026-08-12T12:31:56.698Z,64181.30,46.41,NEUTRAL,FLAT,YES,YES,1m,1.00,0.00,0.50,NEUTRAL,1.00,NORMAL,21.46,TRANSITION,NO,⛔ ADX too high (21.46) - Market trending (TRANSITION); Max ADX for entry: 6
2026-08-12T12:32:06.704Z,64194.28,46.97,NEUTRAL,FLAT,YES,YES,5m,1.00,0.00,0.50,NEUTRAL,1.00,NORMAL,52.40,STRONG_TREND,NO,⛔ ADX too high (52.40) - Market trending (STRONG_TREND); Max ADX for entry: 6
2026-08-12T12:32:16.717Z,64196.00,47.08,NEUTRAL,FLAT,YES,YES,30s,1.00,0.00,0.50,NEUTRAL,1.00,NORMAL,55.62,STRONG_TREND,NO,⛔ ADX too high (55.62) - Market trending (STRONG_TREND); Max ADX for entry: 6
2026-08-12T12:32:26.702Z,64204.37,47.40,NEUTRAL,FLAT,YES,YES,5m,1.00,0.00,0.50,NEUTRAL,1.00,NORMAL,21.49,TRANSITION,NO,⛔ ADX too high (21.49) - Market trending (TRANSITION); Max ADX for entry: 6
2026-08-12T12:32:36.703Z,64226.00,47.95,NEUTRAL,FLAT,YES,YES,5m,1.00,0.00,0.50,NEUTRAL,1.00,NORMAL,46.87,TRENDING,NO,⛔ ADX too high (46.87) - Market trending (TRENDING); Max ADX for entry: 6
2026-08-12T12:32:46.718Z,64218.00,47.18,NEUTRAL,FLAT,YES,YES,10s,1.00,0.00,0.50,NEUTRAL,1.00,NORMAL,14.66,RANGING,NO,⛔ ADX too high (14.66) - Market trending (RANGING); Max ADX for entry: 6
2026-08-12T12:32:56.710Z,64226.00,47.34,NEUTRAL,FLAT,YES,YES,5m,1.00,0.00,0.50,NEUTRAL,1.00,NORMAL,7.48,RANGING,NO,⛔ ADX too high (7.48) - Market trending (RANGING); Max ADX for entry: 6
2026-08-12T12:33:06.705Z,64272.12,48.64,NEUTRAL,FLAT,YES,YES,5m,1.00,0.00,0.50,NEUTRAL,1.00,NORMAL,99.87,EXTREME_TREND,NO,⛔ ADX too high (99.87) - Market trending (EXTREME_TREND); Max ADX for entry: 6
2026-08-12T12:33:16.706Z,64250.39,48.15,NEUTRAL,FLAT,YES,YES,30s,1.00,0.00,0.50,NEUTRAL,1.00,NORMAL,36.17,TRENDING,NO,⛔ ADX too high (36.17) - Market trending (TRENDING); Max ADX for entry: 6
2026-08-12T12:33:26.710Z,64286.00,48.92,NEUTRAL,FLAT,YES,YES,10s,1.00,0.00,0.50,NEUTRAL,1.00,NORMAL,75.65,EXTREME_TREND,NO,⛔ ADX too high (75.65) - Market trending (EXTREME_TREND); Max ADX for entry: 6
2026-08-12T12:33:36.710Z,64291.28,48.63,NEUTRAL,FLAT,YES,YES,5m,1.00,0.00,0.50,NEUTRAL,1.00,NORMAL,65.97,STRONG_TREND,NO,⛔ ADX too high (65.97) - Market trending (STRONG_TREND); Max ADX for entry: 6
2026-08-12T12:33:46.707Z,64289.28,48.21,NEUTRAL,FLAT,YES,YES,10s,1.00,0.00,0.50,NEUTRAL,1.00,NORMAL,40.74,TRENDING,NO,⛔ ADX too high (40.74) - Market trending (TRENDING); Max ADX for entry: 6
2026-08-12T12:33:56.712Z,64308.00,48.40,NEUTRAL,FLAT,YES,YES,10s,1.00,0.00,0.50,NEUTRAL,1.00,NORMAL,57.55,STRONG_TREND,NO,⛔ ADX too high (57.55) - Market trending (STRONG_TREND); Max ADX for entry: 6
2026-08-12T12:34:06.711Z,64307.99,48.45,NEUTRAL,FLAT,YES,YES,10s,1.00,0.00,0.50,NEUTRAL,1.00,NORMAL,65.28,STRONG_TREND,NO,⛔ ADX too high (65.28) - Market trending (STRONG_TREND); Max ADX for entry: 6
2026-08-12T12:34:16.710Z,64324.77,48.99,NEUTRAL,FLAT,YES,YES,30s,1.00,0.00,0.50,NEUTRAL,1.00,NORMAL,57.32,STRONG_TREND,NO,⛔ ADX too high (57.32) - Market trending (STRONG_TREND); Max ADX for entry: 6
2026-08-12T12:34:26.712Z,64334.64,48.27,NEUTRAL,FLAT,YES,YES,5m,1.00,0.00,0.50,NEUTRAL,1.00,NORMAL,21.18,TRANSITION,NO,⛔ ADX too high (21.18) - Market trending (TRANSITION); Max ADX for entry: 6
2026-08-12T12:34:36.726Z,64312.27,48.28,NEUTRAL,FLAT,YES,YES,1m,1.00,0.00,0.50,NEUTRAL,1.00,NORMAL,16.41,RANGING,NO,⛔ ADX too high (16.41) - Market trending (RANGING); Max ADX for entry: 6
2026-08-12T12:34:46.727Z,64278.00,46.83,NEUTRAL,FLAT,YES,YES,1h,1.00,0.00,0.50,NEUTRAL,1.00,NORMAL,78.06,EXTREME_TREND,NO,⛔ ADX too high (78.06) - Market trending (EXTREME_TREND); Max ADX for entry: 6
2026-08-12T12:34:56.718Z,64267.14,45.79,NEUTRAL,FLAT,YES,YES,1h,1.00,0.00,0.50,NEUTRAL,1.00,NORMAL,32.70,TRENDING,NO,⛔ ADX too high (32.70) - Market trending (TRENDING); Max ADX for entry: 6
2026-08-12T12:35:06.715Z,64265.64,47.53,NEUTRAL,RISING,YES,YES,10s,1.00,0.00,0.50,NEUTRAL,1.00,NORMAL,74.95,STRONG_TREND,NO,⛔ ADX too high (74.95) - Market trending (STRONG_TREND); Max ADX for entry: 6
2026-08-12T12:35:16.695Z,64282.00,54.01,NEUTRAL,FLAT,YES,YES,10s,1.00,0.00,0.50,NEUTRAL,1.00,NORMAL,67.08,STRONG_TREND,NO,⛔ ADX too high (67.08) - Market trending (STRONG_TREND); Max ADX for entry: 6
2026-08-12T12:35:26.714Z,64240.00,50.86,NEUTRAL,FALLING,YES,YES,5m,1.00,0.75,0.50,NEUTRAL,1.00,NORMAL,4.76,RANGING,NO,RSI neutral (50.9)
2026-08-12T12:35:36.716Z,64176.00,47.24,NEUTRAL,FALLING,YES,YES,1h,1.00,0.00,0.50,NEUTRAL,1.00,NORMAL,99.97,EXTREME_TREND,NO,⛔ ADX too high (99.97) - Market trending (EXTREME_TREND); Max ADX for entry: 6
2026-08-12T12:35:46.718Z,64151.35,47.06,NEUTRAL,FLAT,YES,YES,30s,1.00,0.00,0.50,NEUTRAL,1.00,NORMAL,100.00,EXTREME_TREND,NO,⛔ ADX too high (100.00) - Market trending (EXTREME_TREND); Max ADX for entry: 6
2026-08-12T12:35:56.728Z,64134.34,47.46,NEUTRAL,FLAT,YES,YES,30s,1.00,0.00,0.50,BEARISH,1.00,NORMAL,58.73,STRONG_TREND,NO,⛔ ADX too high (58.73) - Market trending (STRONG_TREND); Max ADX for entry: 6
2026-08-12T12:36:06.733Z,64147.99,48.89,NEUTRAL,RISING,YES,YES,30s,1.00,0.00,0.50,NEUTRAL,1.00,NORMAL,99.69,EXTREME_TREND,NO,⛔ ADX too high (99.69) - Market trending (EXTREME_TREND); Max ADX for entry: 6
2026-08-12T12:36:16.717Z,64158.61,51.67,NEUTRAL,FLAT,YES,YES,10s,1.00,0.00,0.50,NEUTRAL,1.00,NORMAL,99.93,EXTREME_TREND,NO,⛔ ADX too high (99.93) - Market trending (EXTREME_TREND); Max ADX for entry: 6
2026-08-12T12:36:26.715Z,64124.01,50.20,NEUTRAL,FLAT,YES,YES,10s,1.00,0.00,0.50,NEUTRAL,1.00,NORMAL,16.93,RANGING,NO,⛔ ADX too high (16.93) - Market trending (RANGING); Max ADX for entry: 6
2026-08-12T12:36:36.730Z,64131.77,47.45,NEUTRAL,FLAT,YES,YES,30s,1.00,0.00,0.50,NEUTRAL,1.00,NORMAL,99.92,EXTREME_TREND,NO,⛔ ADX too high (99.92) - Market trending (EXTREME_TREND); Max ADX for entry: 6
2026-08-12T12:36:46.728Z,64154.01,49.88,NEUTRAL,RISING,YES,YES,30s,1.00,0.00,0.50,NEUTRAL,1.00,NORMAL,19.41,RANGING,NO,⛔ ADX too high (19.41) - Market trending (RANGING); Max ADX for entry: 6
2026-08-12T12:36:56.715Z,64172.63,49.55,NEUTRAL,FLAT,YES,YES,5m,1.00,0.00,0.50,BOTTOMING,1.00,NORMAL,100.00,EXTREME_TREND,NO,⛔ ADX too high (100.00) - Market trending (EXTREME_TREND); Max ADX for entry: 6
2026-08-12T12:37:06.734Z,64194.41,50.01,NEUTRAL,FLAT,YES,YES,15m,1.00,0.00,0.50,NEUTRAL,1.00,NORMAL,99.84,EXTREME_TREND,NO,⛔ ADX too high (99.84) - Market trending (EXTREME_TREND); Max ADX for entry: 6
2026-08-12T12:37:16.718Z,64176.01,48.95,NEUTRAL,FLAT,YES,YES,30s,1.00,0.00,0.50,NEUTRAL,1.00,NORMAL,72.68,STRONG_TREND,NO,⛔ ADX too high (72.68) - Market trending (STRONG_TREND); Max ADX for entry: 6
2026-08-12T12:37:26.729Z,64155.90,47.46,NEUTRAL,FALLING,YES,YES,1m,1.00,0.00,0.50,NEUTRAL,1.00,NORMAL,99.86,EXTREME_TREND,NO,⛔ ADX too high (99.86) - Market trending (EXTREME_TREND); Max ADX for entry: 6
2026-08-12T12:37:36.747Z,64160.00,46.82,NEUTRAL,FLAT,YES,YES,10s,1.00,0.00,0.50,NEUTRAL,1.00,NORMAL,33.84,TRENDING,NO,⛔ ADX too high (33.84) - Market trending (TRENDING); Max ADX for entry: 6
2026-08-12T12:37:46.733Z,64155.90,46.64,NEUTRAL,FLAT,NO,NO,none,0.00,0.00,0.50,NEUTRAL,1.00,NORMAL,94.56,EXTREME_TREND,NO,⛔ ADX too high (94.56) - Market trending (EXTREME_TREND); Max ADX for entry: 6
2026-08-12T12:37:56.718Z,64155.90,46.16,NEUTRAL,FLAT,YES,YES,1m,1.00,0.00,0.50,NEUTRAL,1.00,NORMAL,89.70,EXTREME_TREND,NO,⛔ ADX too high (89.70) - Market trending (EXTREME_TREND); Max ADX for entry: 6
2026-08-12T12:38:06.719Z,64159.47,43.88,NEUTRAL,FALLING,YES,YES,30s,1.00,0.00,0.50,NEUTRAL,1.00,NORMAL,20.77,TRANSITION,NO,⛔ ADX too high (20.77) - Market trending (TRANSITION); Max ADX for entry: 6
2026-08-12T12:38:16.721Z,64151.35,43.78,NEUTRAL,FLAT,NO,NO,none,0.00,0.00,0.50,NEUTRAL,1.00,NORMAL,98.22,EXTREME_TREND,NO,⛔ ADX too high (98.22) - Market trending (EXTREME_TREND); Max ADX for entry: 6
2026-08-12T12:38:26.717Z,64142.93,40.73,NEUTRAL,FLAT,YES,YES,10s,1.00,0.00,0.50,NEUTRAL,1.00,NORMAL,100.00,EXTREME_TREND,NO,⛔ ADX too high (100.00) - Market trending (EXTREME_TREND); Max ADX for entry: 6
2026-08-12T12:38:36.720Z,64157.18,40.56,NEUTRAL,FALLING,YES,YES,10s,1.00,0.00,0.50,NEUTRAL,1.00,NORMAL,64.51,STRONG_TREND,NO,⛔ ADX too high (64.51) - Market trending (STRONG_TREND); Max ADX for entry: 6
2026-08-12T12:38:46.735Z,64159.99,41.08,NEUTRAL,FLAT,YES,YES,10s,1.00,0.00,0.50,NEUTRAL,1.00,NORMAL,99.76,EXTREME_TREND,NO,⛔ ADX too high (99.76) - Market trending (EXTREME_TREND); Max ADX for entry: 6
2026-08-12T12:38:56.734Z,64168.43,40.23,NEUTRAL,FLAT,YES,YES,5m,1.00,0.00,0.50,NEUTRAL,1.00,NORMAL,99.42,EXTREME_TREND,NO,⛔ ADX too high (99.42) - Market trending (EXTREME_TREND); Max ADX for entry: 6
2026-08-12T12:39:06.735Z,64158.01,38.78,OVERSOLD,FALLING,YES,YES,10s,0.62,0.00,0.50,NEUTRAL,1.00,NORMAL,7.10,RANGING,NO,⛔ ADX too high (7.10) - Market trending (RANGING); Max ADX for entry: 6
2026-08-12T12:39:16.735Z,64132.01,36.33,OVERSOLD,FLAT,YES,YES,10s,0.89,0.00,0.50,NEUTRAL,1.00,NORMAL,90.30,EXTREME_TREND,NO,⛔ ADX too high (90.30) - Market trending (EXTREME_TREND); Max ADX for entry: 6
2026-08-12T12:39:26.735Z,64051.05,31.10,OVERSOLD,FALLING,NO,NO,none,0.00,0.00,0.50,NEUTRAL,1.00,NORMAL,100.00,EXTREME_TREND,NO,⛔ ADX too high (100.00) - Market trending (EXTREME_TREND); Max ADX for entry: 6
2026-08-12T12:39:36.722Z,64052.94,33.15,OVERSOLD,FLAT,NO,NO,none,0.00,0.00,0.50,NEUTRAL,1.00,NORMAL,57.72,STRONG_TREND,NO,⛔ ADX too high (57.72) - Market trending (STRONG_TREND); Max ADX for entry: 6
2026-08-12T12:39:46.723Z,64062.01,35.93,OVERSOLD,FLAT,YES,YES,30s,1.00,0.00,0.50,NEUTRAL,1.00,NORMAL,67.18,STRONG_TREND,NO,⛔ ADX too high (67.18) - Market trending (STRONG_TREND); Max ADX for entry: 6
2026-08-12T12:39:56.734Z,64073.19,37.47,OVERSOLD,FLAT,YES,YES,1m,1.00,0.00,0.50,NEUTRAL,1.00,NORMAL,21.73,TRANSITION,NO,⛔ ADX too high (21.73) - Market trending (TRANSITION); Max ADX for entry: 6
2026-08-12T12:40:06.723Z,64088.00,38.54,OVERSOLD,FLAT,YES,YES,1m,1.00,0.00,0.50,NEUTRAL,1.00,NORMAL,83.85,EXTREME_TREND,NO,⛔ ADX too high (83.85) - Market trending (EXTREME_TREND); Max ADX for entry: 6
2026-08-12T12:40:16.735Z,64107.34,38.54,OVERSOLD,FLAT,YES,YES,1m,1.00,0.00,0.50,NEUTRAL,1.00,NORMAL,87.45,EXTREME_TREND,NO,⛔ ADX too high (87.45) - Market trending (EXTREME_TREND); Max ADX for entry: 6
2026-08-12T12:40:26.723Z,64098.01,40.67,NEUTRAL,RISING,YES,YES,10s,1.00,0.00,0.50,NEUTRAL,1.00,NORMAL,9.82,RANGING,NO,⛔ ADX too high (9.82) - Market trending (RANGING); Max ADX for entry: 6
2026-08-12T12:40:36.739Z,64093.46,44.36,NEUTRAL,RISING,YES,YES,5m,1.00,0.00,0.50,NEUTRAL,1.00,NORMAL,67.82,STRONG_TREND,NO,⛔ ADX too high (67.82) - Market trending (STRONG_TREND); Max ADX for entry: 6
2026-08-12T12:40:46.725Z,64109.99,46.76,NEUTRAL,FLAT,YES,YES,10s,1.00,0.00,0.50,NEUTRAL,1.00,NORMAL,93.21,EXTREME_TREND,NO,⛔ ADX too high (93.21) - Market trending (EXTREME_TREND); Max ADX for entry: 6
2026-08-12T12:40:56.727Z,64120.00,48.93,NEUTRAL,FLAT,YES,YES,5m,1.00,0.00,0.50,NEUTRAL,1.00,NORMAL,99.54,EXTREME_TREND,NO,⛔ ADX too high (99.54) - Market trending (EXTREME_TREND); Max ADX for entry: 6
2026-08-12T12:41:06.725Z,64127.71,48.31,NEUTRAL,FLAT,YES,YES,10s,1.00,0.00,0.50,NEUTRAL,1.00,NORMAL,98.74,EXTREME_TREND,NO,⛔ ADX too high (98.74) - Market trending (EXTREME_TREND); Max ADX for entry: 6
2026-08-12T12:41:16.742Z,64127.72,47.68,NEUTRAL,RISING,YES,YES,30s,1.00,0.00,0.50,NEUTRAL,1.00,NORMAL,99.89,EXTREME_TREND,NO,⛔ ADX too high (99.89) - Market trending (EXTREME_TREND); Max ADX for entry: 6
2026-08-12T12:41:26.739Z,64086.01,47.24,NEUTRAL,FLAT,YES,YES,10s,1.00,0.00,0.50,NEUTRAL,1.01,NORMAL,99.86,EXTREME_TREND,NO,⛔ ADX too high (99.86) - Market trending (EXTREME_TREND); Max ADX for entry: 6
2026-08-12T12:41:36.739Z,64087.65,46.57,NEUTRAL,FALLING,YES,YES,10s,1.00,0.00,0.50,NEUTRAL,1.00,NORMAL,61.50,STRONG_TREND,NO,⛔ ADX too high (61.50) - Market trending (STRONG_TREND); Max ADX for entry: 6
2026-08-12T12:41:46.741Z,64080.00,43.40,NEUTRAL,FLAT,YES,YES,10s,1.00,0.00,0.50,NEUTRAL,1.00,NORMAL,51.22,STRONG_TREND,NO,⛔ ADX too high (51.22) - Market trending (STRONG_TREND); Max ADX for entry: 6
2026-08-12T12:41:56.727Z,64095.99,43.53,NEUTRAL,FLAT,YES,YES,1m,1.00,0.00,0.50,NEUTRAL,1.00,NORMAL,40.72,TRENDING,NO,⛔ ADX too high (40.72) - Market trending (TRENDING); Max ADX for entry: 6
2026-08-12T12:42:06.730Z,64095.99,41.38,NEUTRAL,FALLING,YES,YES,30s,1.00,0.00,0.50,NEUTRAL,1.00,NORMAL,99.76,EXTREME_TREND,NO,⛔ ADX too high (99.76) - Market trending (EXTREME_TREND); Max ADX for entry: 6
2026-08-12T16:16:57.329Z,63472.53,61.37,OVERBOUGHT,FLAT,YES,YES,10s,1.00,0.00,0.50,NEUTRAL,1.00,NORMAL,99.87,EXTREME_TREND,NO,⛔ ADX too high (99.87) - Market trending (EXTREME_TREND); Max ADX for entry: 6
2026-08-12T16:17:07.289Z,63472.53,62.77,OVERBOUGHT,RISING,YES,YES,10s,1.00,0.00,0.50,NEUTRAL,1.00,NORMAL,50.48,STRONG_TREND,NO,⛔ ADX too high (50.48) - Market trending (STRONG_TREND); Max ADX for entry: 6
2026-08-12T16:17:17.289Z,63472.52,62.36,OVERBOUGHT,FLAT,YES,YES,1m,1.00,0.00,0.50,NEUTRAL,1.00,NORMAL,69.30,STRONG_TREND,NO,⛔ ADX too high (69.30) - Market trending (STRONG_TREND); Max ADX for entry: 6
2026-08-12T16:17:27.288Z,63482.88,63.38,OVERBOUGHT,FLAT,YES,YES,1m,1.00,0.00,0.50,NEUTRAL,1.00,NORMAL,67.44,STRONG_TREND,NO,⛔ ADX too high (67.44) - Market trending (STRONG_TREND); Max ADX for entry: 6
2026-08-12T16:17:37.292Z,63480.00,67.55,OVERBOUGHT,RISING,YES,YES,30s,1.00,0.00,0.50,NEUTRAL,1.00,NORMAL,82.14,EXTREME_TREND,NO,⛔ ADX too high (82.14) - Market trending (EXTREME_TREND); Max ADX for entry: 6
2026-08-12T16:17:47.288Z,63480.01,69.86,OVERBOUGHT,RISING,YES,YES,30s,1.00,0.00,0.50,NEUTRAL,1.00,NORMAL,99.32,EXTREME_TREND,NO,⛔ ADX too high (99.32) - Market trending (EXTREME_TREND); Max ADX for entry: 6
2026-08-12T16:17:57.292Z,63513.77,71.36,EXTREME_OVERBOUGHT,FLAT,YES,YES,10s,1.00,0.00,0.50,NEUTRAL,1.00,NORMAL,99.96,EXTREME_TREND,NO,⛔ ADX too high (99.96) - Market trending (EXTREME_TREND); Max ADX for entry: 6
2026-08-12T16:18:07.333Z,63517.56,69.83,OVERBOUGHT,FLAT,YES,YES,1h,1.00,0.00,0.50,NEUTRAL,1.00,NORMAL,99.96,EXTREME_TREND,NO,⛔ ADX too high (99.96) - Market trending (EXTREME_TREND); Max ADX for entry: 6
2026-08-12T16:18:17.294Z,63540.00,71.32,EXTREME_OVERBOUGHT,FLAT,YES,YES,10s,1.00,0.00,0.50,NEUTRAL,1.00,NORMAL,99.79,EXTREME_TREND,NO,⛔ ADX too high (99.79) - Market trending (EXTREME_TREND); Max ADX for entry: 6
2026-08-12T16:18:27.293Z,63547.34,69.28,OVERBOUGHT,FALLING,NO,NO,none,0.00,0.00,0.50,NEUTRAL,1.00,NORMAL,99.89,EXTREME_TREND,NO,⛔ ADX too high (99.89) - Market trending (EXTREME_TREND); Max ADX for entry: 6
2026-08-12T16:18:37.295Z,63553.99,68.55,OVERBOUGHT,FLAT,NO,NO,none,0.00,0.00,0.50,NEUTRAL,1.00,NORMAL,96.84,EXTREME_TREND,NO,⛔ ADX too high (96.84) - Market trending (EXTREME_TREND); Max ADX for entry: 6
2026-08-12T16:18:47.327Z,63554.00,68.55,OVERBOUGHT,FLAT,YES,YES,30s,1.00,0.00,0.50,NEUTRAL,1.00,NORMAL,99.21,EXTREME_TREND,NO,⛔ ADX too high (99.21) - Market trending (EXTREME_TREND); Max ADX for entry: 6
2026-08-12T16:18:57.299Z,63554.00,70.07,EXTREME_OVERBOUGHT,RISING,YES,YES,30s,1.00,0.00,0.50,NEUTRAL,1.00,NORMAL,85.36,EXTREME_TREND,NO,⛔ ADX too high (85.36) - Market trending (EXTREME_TREND); Max ADX for entry: 6
2026-08-12T16:19:07.294Z,63551.45,68.74,OVERBOUGHT,FLAT,YES,YES,1m,1.00,0.00,0.50,NEUTRAL,1.00,NORMAL,19.35,RANGING,NO,⛔ ADX too high (19.35) - Market trending (RANGING); Max ADX for entry: 6
2026-08-12T16:19:17.298Z,63526.99,61.47,OVERBOUGHT,FALLING,YES,YES,10s,1.00,0.00,0.50,NEUTRAL,1.00,NORMAL,99.96,EXTREME_TREND,NO,⛔ ADX too high (99.96) - Market trending (EXTREME_TREND); Max ADX for entry: 6
2026-08-12T16:19:27.293Z,63522.00,60.81,OVERBOUGHT,FLAT,YES,YES,5m,1.00,0.00,0.50,NEUTRAL,1.00,NORMAL,99.79,EXTREME_TREND,NO,⛔ ADX too high (99.79) - Market trending (EXTREME_TREND); Max ADX for entry: 6
2026-08-12T16:19:37.318Z,63520.01,58.28,NEUTRAL,FALLING,YES,YES,30s,1.00,0.00,0.50,NEUTRAL,1.00,NORMAL,100.00,EXTREME_TREND,NO,⛔ ADX too high (100.00) - Market trending (EXTREME_TREND); Max ADX for entry: 6
2026-08-12T16:19:47.353Z,63520.01,58.28,NEUTRAL,FLAT,YES,YES,30s,1.00,0.00,0.50,NEUTRAL,1.00,NORMAL,30.50,TRENDING,NO,⛔ ADX too high (30.50) - Market trending (TRENDING); Max ADX for entry: 6
2026-08-12T16:19:57.300Z,63518.02,57.85,NEUTRAL,FLAT,YES,YES,10s,1.00,0.00,0.50,NEUTRAL,1.00,NORMAL,98.89,EXTREME_TREND,NO,⛔ ADX too high (98.89) - Market trending (EXTREME_TREND); Max ADX for entry: 6
2026-08-12T16:20:07.342Z,63518.03,54.65,NEUTRAL,FLAT,YES,YES,30s,1.00,0.00,0.50,NEUTRAL,1.00,NORMAL,93.78,EXTREME_TREND,NO,⛔ ADX too high (93.78) - Market trending (EXTREME_TREND); Max ADX for entry: 6
2026-08-12T16:20:17.320Z,63502.90,52.86,NEUTRAL,FALLING,YES,YES,5m,1.00,0.75,0.50,NEUTRAL,1.00,NORMAL,3.70,RANGING,NO,RSI neutral (52.9)
2026-08-12T16:20:27.320Z,63508.00,55.80,NEUTRAL,RISING,YES,YES,30s,1.00,0.00,0.50,NEUTRAL,1.00,NORMAL,83.27,EXTREME_TREND,NO,⛔ ADX too high (83.27) - Market trending (EXTREME_TREND); Max ADX for entry: 6
2026-08-12T16:20:37.302Z,63518.01,60.08,OVERBOUGHT,RISING,YES,YES,10s,1.00,0.00,0.50,NEUTRAL,1.00,NORMAL,99.27,EXTREME_TREND,NO,⛔ ADX too high (99.27) - Market trending (EXTREME_TREND); Max ADX for entry: 6
2026-08-12T16:20:47.319Z,63518.01,59.82,NEUTRAL,FLAT,YES,YES,30s,1.00,0.00,0.50,NEUTRAL,1.00,NORMAL,42.31,TRENDING,NO,⛔ ADX too high (42.31) - Market trending (TRENDING); Max ADX for entry: 6
2026-08-12T16:36:17.391Z,63538.00,43.24,NEUTRAL,RISING,YES,YES,10s,1.00,0.00,0.50,NEUTRAL,1.00,NORMAL,98.83,EXTREME_TREND,NO,⛔ ADX too high (98.83) - Market trending (EXTREME_TREND); Max ADX for entry: 6
2026-08-12T17:33:37.527Z,63464.69,64.60,OVERBOUGHT,FLAT,YES,YES,1m,1.00,0.00,0.50,NEUTRAL,1.00,NORMAL,29.83,TRENDING,NO,⛔ ADX too high (29.83) - Market trending (TRENDING); Max ADX for entry: 6
2026-08-12T17:33:47.529Z,63464.70,63.15,OVERBOUGHT,FLAT,YES,YES,1m,1.00,0.00,0.50,NEUTRAL,1.00,NORMAL,23.28,TRANSITION,NO,⛔ ADX too high (23.28) - Market trending (TRANSITION); Max ADX for entry: 6
2026-08-12T17:33:57.530Z,63464.70,61.08,OVERBOUGHT,FALLING,YES,YES,1m,1.00,0.00,0.50,NEUTRAL,1.00,NORMAL,59.72,STRONG_TREND,NO,⛔ ADX too high (59.72) - Market trending (STRONG_TREND); Max ADX for entry: 6
2026-08-12T17:34:07.543Z,63473.99,63.13,OVERBOUGHT,FLAT,YES,YES,10s,1.00,0.00,0.50,NEUTRAL,1.00,NORMAL,99.71,EXTREME_TREND,NO,⛔ ADX too high (99.71) - Market trending (EXTREME_TREND); Max ADX for entry: 6
2026-08-12T17:34:17.530Z,63473.99,62.50,OVERBOUGHT,FLAT,YES,YES,30s,1.00,0.00,0.50,NEUTRAL,1.00,NORMAL,99.51,EXTREME_TREND,NO,⛔ ADX too high (99.51) - Market trending (EXTREME_TREND); Max ADX for entry: 6
2026-08-12T17:34:27.530Z,63473.99,62.50,OVERBOUGHT,FLAT,YES,YES,10s,1.00,0.00,0.50,NEUTRAL,1.00,NORMAL,11.58,RANGING,NO,⛔ ADX too high (11.58) - Market trending (RANGING); Max ADX for entry: 6
2026-08-12T17:34:37.529Z,63474.00,62.51,OVERBOUGHT,FLAT,YES,YES,10s,1.00,0.00,0.50,NEUTRAL,1.00,NORMAL,6.14,RANGING,NO,⛔ ADX too high (6.14) - Market trending (RANGING); Max ADX for entry: 6
2026-08-12T17:34:47.534Z,63473.99,62.51,OVERBOUGHT,FLAT,YES,YES,1m,1.00,0.00,0.50,NEUTRAL,1.00,NORMAL,71.46,STRONG_TREND,NO,⛔ ADX too high (71.46) - Market trending (STRONG_TREND); Max ADX for entry: 6
2026-08-12T17:34:57.531Z,63479.52,64.36,OVERBOUGHT,FLAT,YES,YES,15m,1.00,0.00,0.50,NEUTRAL,1.00,NORMAL,98.87,EXTREME_TREND,NO,⛔ ADX too high (98.87) - Market trending (EXTREME_TREND); Max ADX for entry: 6
2026-08-12T17:35:07.540Z,63479.53,64.37,OVERBOUGHT,FLAT,YES,YES,10s,1.00,0.00,0.50,NEUTRAL,1.00,NORMAL,98.97,EXTREME_TREND,NO,⛔ ADX too high (98.97) - Market trending (EXTREME_TREND); Max ADX for entry: 6
2026-08-12T17:35:17.528Z,63470.00,62.48,OVERBOUGHT,RISING,YES,YES,10s,1.00,0.00,0.50,NEUTRAL,1.00,NORMAL,99.72,EXTREME_TREND,NO,⛔ ADX too high (99.72) - Market trending (EXTREME_TREND); Max ADX for entry: 6
2026-08-12T17:35:27.533Z,63473.49,65.02,OVERBOUGHT,RISING,YES,YES,30s,1.00,0.00,0.50,NEUTRAL,1.00,NORMAL,99.96,EXTREME_TREND,NO,⛔ ADX too high (99.96) - Market trending (EXTREME_TREND); Max ADX for entry: 6
2026-08-12T17:35:37.534Z,63474.76,65.38,OVERBOUGHT,FLAT,YES,YES,30s,1.00,0.00,0.50,NEUTRAL,1.00,NORMAL,97.45,EXTREME_TREND,NO,⛔ ADX too high (97.45) - Market trending (EXTREME_TREND); Max ADX for entry: 6
2026-08-12T17:35:47.546Z,63474.77,68.73,OVERBOUGHT,RISING,YES,YES,10s,1.00,0.00,0.50,NEUTRAL,1.00,NORMAL,99.01,EXTREME_TREND,NO,⛔ ADX too high (99.01) - Market trending (EXTREME_TREND); Max ADX for entry: 6
2026-08-12T17:35:57.533Z,63474.77,77.54,EXTREME_OVERBOUGHT,FLAT,YES,YES,30s,1.00,0.00,0.50,NEUTRAL,1.00,NORMAL,16.31,RANGING,NO,⛔ ADX too high (16.31) - Market trending (RANGING); Max ADX for entry: 6
2026-08-12T17:36:07.547Z,63474.77,80.59,EXTREME_OVERBOUGHT,RISING,YES,YES,30s,1.00,0.00,0.50,NEUTRAL,1.00,NORMAL,85.71,EXTREME_TREND,NO,⛔ ADX too high (85.71) - Market trending (EXTREME_TREND); Max ADX for entry: 6
2026-08-12T17:36:17.536Z,63479.86,81.59,EXTREME_OVERBOUGHT,FLAT,YES,YES,10s,1.00,0.00,0.50,NEUTRAL,1.00,NORMAL,99.73,EXTREME_TREND,NO,⛔ ADX too high (99.73) - Market trending (EXTREME_TREND); Max ADX for entry: 6
2026-08-12T17:36:27.536Z,63490.00,82.95,EXTREME_OVERBOUGHT,RISING,YES,YES,1h,1.00,0.00,0.50,NEUTRAL,1.00,NORMAL,100.00,EXTREME_TREND,NO,⛔ ADX too high (100.00) - Market trending (EXTREME_TREND); Max ADX for entry: 6
2026-08-12T17:36:37.539Z,63490.88,82.55,EXTREME_OVERBOUGHT,FLAT,YES,YES,10s,1.00,0.00,0.50,NEUTRAL,1.00,NORMAL,100.00,EXTREME_TREND,NO,⛔ ADX too high (100.00) - Market trending (EXTREME_TREND); Max ADX for entry: 6
2026-08-12T17:36:47.535Z,63500.00,82.47,EXTREME_OVERBOUGHT,FLAT,YES,YES,1h,1.00,0.00,0.50,NEUTRAL,1.00,NORMAL,96.34,EXTREME_TREND,NO,⛔ ADX too high (96.34) - Market trending (EXTREME_TREND); Max ADX for entry: 6
2026-08-12T17:36:57.538Z,63503.60,82.76,EXTREME_OVERBOUGHT,FLAT,YES,YES,1h,1.00,0.00,0.50,NEUTRAL,1.00,NORMAL,100.00,EXTREME_TREND,NO,⛔ ADX too high (100.00) - Market trending (EXTREME_TREND); Max ADX for entry: 6
2026-08-12T17:37:07.539Z,63502.01,78.60,EXTREME_OVERBOUGHT,FALLING,YES,YES,30s,1.00,0.00,0.50,NEUTRAL,1.00,NORMAL,98.45,EXTREME_TREND,NO,⛔ ADX too high (98.45) - Market trending (EXTREME_TREND); Max ADX for entry: 6
2026-08-12T17:37:17.539Z,63504.00,75.13,EXTREME_OVERBOUGHT,FLAT,YES,YES,10s,1.00,0.00,0.50,NEUTRAL,1.00,NORMAL,36.57,TRENDING,NO,⛔ ADX too high (36.57) - Market trending (TRENDING); Max ADX for entry: 6
2026-08-12T17:37:27.538Z,63503.99,75.13,EXTREME_OVERBOUGHT,FLAT,YES,YES,30s,1.00,0.00,0.50,NEUTRAL,1.00,NORMAL,95.40,EXTREME_TREND,NO,⛔ ADX too high (95.40) - Market trending (EXTREME_TREND); Max ADX for entry: 6
2026-08-12T17:37:37.540Z,63504.00,75.12,EXTREME_OVERBOUGHT,FLAT,YES,YES,30s,1.00,0.00,0.50,NEUTRAL,1.00,NORMAL,54.20,STRONG_TREND,NO,⛔ ADX too high (54.20) - Market trending (STRONG_TREND); Max ADX for entry: 6
2026-08-12T18:41:37.714Z,63450.55,29.12,EXTREME_OVERSOLD,FALLING,YES,YES,1m,1.00,0.00,0.50,NEUTRAL,1.00,NORMAL,98.81,EXTREME_TREND,NO,⛔ ADX too high (98.81) - Market trending (EXTREME_TREND); Max ADX for entry: 6
2026-08-12T18:41:47.713Z,63450.33,31.14,OVERSOLD,FLAT,YES,YES,10s,1.00,0.00,0.50,NEUTRAL,1.00,NORMAL,100.00,EXTREME_TREND,NO,⛔ ADX too high (100.00) - Market trending (EXTREME_TREND); Max ADX for entry: 6
2026-08-12T18:41:57.726Z,63450.33,32.29,OVERSOLD,FLAT,YES,YES,30s,1.00,0.00,0.50,NEUTRAL,1.00,NORMAL,98.16,EXTREME_TREND,NO,⛔ ADX too high (98.16) - Market trending (EXTREME_TREND); Max ADX for entry: 6
2026-08-12T19:18:57.811Z,63452.81,70.07,EXTREME_OVERBOUGHT,FLAT,YES,YES,30s,1.00,0.00,0.50,NEUTRAL,1.00,NORMAL,99.41,EXTREME_TREND,NO,⛔ ADX too high (99.41) - Market trending (EXTREME_TREND); Max ADX for entry: 6
2026-08-12T19:19:07.815Z,63450.32,68.76,OVERBOUGHT,FALLING,YES,YES,5m,1.00,0.00,0.50,NEUTRAL,1.00,NORMAL,7.36,RANGING,NO,⛔ ADX too high (7.36) - Market trending (RANGING); Max ADX for entry: 6
2026-08-12T19:19:17.818Z,63439.02,63.39,OVERBOUGHT,FALLING,YES,YES,5m,1.00,0.00,0.50,NEUTRAL,1.00,NORMAL,92.45,EXTREME_TREND,NO,⛔ ADX too high (92.45) - Market trending (EXTREME_TREND); Max ADX for entry: 6
2026-08-12T19:19:27.825Z,63439.02,63.38,OVERBOUGHT,FLAT,YES,YES,30s,1.00,0.00,0.50,NEUTRAL,1.00,NORMAL,100.00,EXTREME_TREND,NO,⛔ ADX too high (100.00) - Market trending (EXTREME_TREND); Max ADX for entry: 6
2026-08-12T19:19:37.831Z,63439.02,66.87,OVERBOUGHT,FLAT,YES,YES,30s,1.00,0.00,0.50,NEUTRAL,1.00,NORMAL,18.51,RANGING,NO,⛔ ADX too high (18.51) - Market trending (RANGING); Max ADX for entry: 6
2026-08-12T19:19:47.812Z,63439.02,67.17,OVERBOUGHT,FLAT,YES,YES,1m,1.00,0.00,0.50,NEUTRAL,1.00,NORMAL,16.93,RANGING,NO,⛔ ADX too high (16.93) - Market trending (RANGING); Max ADX for entry: 6
2026-08-12T19:25:57.835Z,63324.80,19.76,EXTREME_OVERSOLD,FLAT,YES,YES,10s,1.00,0.00,0.50,NEUTRAL,1.00,NORMAL,13.43,RANGING,NO,⛔ ADX too high (13.43) - Market trending (RANGING); Max ADX for entry: 6
2026-08-12T19:26:07.823Z,63310.35,18.10,EXTREME_OVERSOLD,FLAT,YES,YES,10s,1.00,0.00,0.50,NEUTRAL,1.00,NORMAL,95.86,EXTREME_TREND,NO,⛔ ADX too high (95.86) - Market trending (EXTREME_TREND); Max ADX for entry: 6
2026-08-12T19:26:18.274Z,63334.08,28.03,EXTREME_OVERSOLD,RISING,YES,YES,1m,1.00,0.00,0.50,NEUTRAL,1.00,NORMAL,42.09,TRENDING,NO,⛔ ADX too high (42.09) - Market trending (TRENDING); Max ADX for entry: 6
2026-08-12T19:26:27.823Z,63335.02,28.37,EXTREME_OVERSOLD,FLAT,YES,YES,5m,1.00,0.00,0.50,NEUTRAL,1.00,NORMAL,99.93,EXTREME_TREND,NO,⛔ ADX too high (99.93) - Market trending (EXTREME_TREND); Max ADX for entry: 6
2026-08-12T19:26:38.270Z,63335.01,28.36,EXTREME_OVERSOLD,FLAT,YES,YES,30s,1.00,0.00,0.50,NEUTRAL,1.00,NORMAL,97.02,EXTREME_TREND,NO,⛔ ADX too high (97.02) - Market trending (EXTREME_TREND); Max ADX for entry: 6
2026-08-12T19:26:47.821Z,63338.90,29.75,EXTREME_OVERSOLD,FLAT,YES,YES,10s,1.00,0.00,0.50,NEUTRAL,1.00,NORMAL,99.35,EXTREME_TREND,NO,⛔ ADX too high (99.35) - Market trending (EXTREME_TREND); Max ADX for entry: 6
2026-08-12T19:26:57.825Z,63349.99,34.51,OVERSOLD,RISING,YES,YES,5m,1.00,0.00,0.50,NEUTRAL,1.00,NORMAL,30.30,TRENDING,NO,⛔ ADX too high (30.30) - Market trending (TRENDING); Max ADX for entry: 6
2026-08-12T19:27:07.820Z,63363.55,38.77,OVERSOLD,FLAT,YES,YES,10s,1.00,0.00,0.50,NEUTRAL,1.00,NORMAL,87.44,EXTREME_TREND,NO,⛔ ADX too high (87.44) - Market trending (EXTREME_TREND); Max ADX for entry: 6
2026-08-12T19:27:17.835Z,63384.00,43.88,NEUTRAL,RISING,YES,YES,5m,1.00,0.00,0.50,NEUTRAL,1.00,NORMAL,99.89,EXTREME_TREND,NO,⛔ ADX too high (99.89) - Market trending (EXTREME_TREND); Max ADX for entry: 6
2026-08-12T19:27:27.823Z,63391.99,45.66,NEUTRAL,RISING,YES,YES,5m,1.00,0.00,0.50,NEUTRAL,1.00,NORMAL,98.88,EXTREME_TREND,NO,⛔ ADX too high (98.88) - Market trending (EXTREME_TREND); Max ADX for entry: 6
2026-08-12T19:27:37.824Z,63391.99,45.65,NEUTRAL,FLAT,YES,YES,30s,1.00,0.00,0.50,NEUTRAL,1.00,NORMAL,98.78,EXTREME_TREND,NO,⛔ ADX too high (98.78) - Market trending (EXTREME_TREND); Max ADX for entry: 6
2026-08-12T19:27:47.826Z,63384.01,44.26,NEUTRAL,FALLING,YES,YES,1m,1.00,0.00,0.50,NEUTRAL,1.00,NORMAL,39.59,TRENDING,NO,⛔ ADX too high (39.59) - Market trending (TRENDING); Max ADX for entry: 6
2026-08-12T19:27:57.822Z,63372.23,41.64,NEUTRAL,FALLING,YES,YES,1m,1.00,0.00,0.50,NEUTRAL,1.00,NORMAL,99.82,EXTREME_TREND,NO,⛔ ADX too high (99.82) - Market trending (EXTREME_TREND); Max ADX for entry: 6
2026-08-12T19:28:07.824Z,63370.03,41.31,NEUTRAL,FLAT,YES,YES,10s,1.00,0.00,0.50,NEUTRAL,1.00,NORMAL,99.91,EXTREME_TREND,NO,⛔ ADX too high (99.91) - Market trending (EXTREME_TREND); Max ADX for entry: 6
2026-08-12T19:28:17.836Z,63368.28,41.04,NEUTRAL,FLAT,YES,YES,30s,0.70,0.00,0.50,NEUTRAL,1.00,NORMAL,98.60,EXTREME_TREND,NO,⛔ ADX too high (98.60) - Market trending (EXTREME_TREND); Max ADX for entry: 6
2026-08-12T19:28:27.820Z,63368.29,41.05,NEUTRAL,FLAT,YES,YES,30s,1.00,0.00,0.50,NEUTRAL,1.00,NORMAL,87.14,EXTREME_TREND,NO,⛔ ADX too high (87.14) - Market trending (EXTREME_TREND); Max ADX for entry: 6
2026-08-12T19:28:37.828Z,63368.28,41.54,NEUTRAL,FLAT,YES,YES,10s,1.00,0.00,0.50,NEUTRAL,1.00,NORMAL,10.16,RANGING,NO,⛔ ADX too high (10.16) - Market trending (RANGING); Max ADX for entry: 6
2026-08-12T19:28:47.820Z,63374.38,43.59,NEUTRAL,FLAT,YES,YES,10s,1.00,0.00,0.50,NEUTRAL,1.00,NORMAL,99.20,EXTREME_TREND,NO,⛔ ADX too high (99.20) - Market trending (EXTREME_TREND); Max ADX for entry: 6
2026-08-12T19:28:57.821Z,63381.03,45.50,NEUTRAL,RISING,YES,YES,5m,1.00,0.00,0.50,NEUTRAL,1.00,NORMAL,99.91,EXTREME_TREND,NO,⛔ ADX too high (99.91) - Market trending (EXTREME_TREND); Max ADX for entry: 6
2026-08-12T19:29:07.829Z,63385.74,50.14,NEUTRAL,FLAT,YES,YES,10s,1.00,0.00,0.50,NEUTRAL,1.00,NORMAL,99.59,EXTREME_TREND,NO,⛔ ADX too high (99.59) - Market trending (EXTREME_TREND); Max ADX for entry: 6
2026-08-12T19:29:17.826Z,63382.13,49.45,NEUTRAL,FLAT,YES,YES,10s,1.00,0.00,0.50,NEUTRAL,1.00,NORMAL,26.64,TRENDING,NO,⛔ ADX too high (26.64) - Market trending (TRENDING); Max ADX for entry: 6
2026-08-12T19:29:27.825Z,63377.83,48.65,NEUTRAL,FLAT,YES,YES,1m,1.00,0.00,0.50,NEUTRAL,1.00,NORMAL,95.78,EXTREME_TREND,NO,⛔ ADX too high (95.78) - Market trending (EXTREME_TREND); Max ADX for entry: 6
2026-08-12T19:29:37.842Z,63377.83,48.65,NEUTRAL,FLAT,YES,YES,30s,1.00,0.00,0.50,NEUTRAL,1.00,NORMAL,99.20,EXTREME_TREND,NO,⛔ ADX too high (99.20) - Market trending (EXTREME_TREND); Max ADX for entry: 6
2026-08-12T19:29:47.827Z,63377.83,49.43,NEUTRAL,FLAT,YES,YES,30s,1.00,0.00,0.50,NEUTRAL,1.00,NORMAL,61.24,STRONG_TREND,NO,⛔ ADX too high (61.24) - Market trending (STRONG_TREND); Max ADX for entry: 6
2026-08-12T19:29:57.824Z,63380.38,50.07,NEUTRAL,FLAT,YES,YES,10s,1.00,0.00,0.50,NEUTRAL,1.00,NORMAL,94.73,EXTREME_TREND,NO,⛔ ADX too high (94.73) - Market trending (EXTREME_TREND); Max ADX for entry: 6
2026-08-12T19:30:07.824Z,63380.37,51.90,NEUTRAL,FLAT,YES,YES,30s,1.00,0.00,0.50,NEUTRAL,1.00,NORMAL,95.52,EXTREME_TREND,NO,⛔ ADX too high (95.52) - Market trending (EXTREME_TREND); Max ADX for entry: 6
2026-08-12T19:30:17.824Z,63376.92,58.41,NEUTRAL,RISING,YES,YES,30s,1.00,0.00,0.50,NEUTRAL,1.00,NORMAL,98.46,EXTREME_TREND,NO,⛔ ADX too high (98.46) - Market trending (EXTREME_TREND); Max ADX for entry: 6
2026-08-12T19:30:27.824Z,63376.93,62.21,OVERBOUGHT,RISING,YES,YES,30s,1.00,0.00,0.50,NEUTRAL,1.00,NORMAL,12.87,RANGING,NO,⛔ ADX too high (12.87) - Market trending (RANGING); Max ADX for entry: 6
2026-08-12T19:30:37.828Z,63368.01,56.97,NEUTRAL,FALLING,YES,YES,5m,1.00,0.00,0.50,NEUTRAL,1.00,NORMAL,50.15,STRONG_TREND,NO,⛔ ADX too high (50.15) - Market trending (STRONG_TREND); Max ADX for entry: 6
2026-08-12T19:30:47.829Z,63368.01,62.31,OVERBOUGHT,RISING,YES,YES,30s,1.00,0.00,0.50,NEUTRAL,1.00,NORMAL,99.59,EXTREME_TREND,NO,⛔ ADX too high (99.59) - Market trending (EXTREME_TREND); Max ADX for entry: 6
2026-08-12T22:34:58.189Z,63419.39,26.20,EXTREME_OVERSOLD,FLAT,YES,YES,10s,1.00,0.00,0.50,NEUTRAL,1.00,NORMAL,99.34,EXTREME_TREND,NO,⛔ ADX too high (99.34) - Market trending (EXTREME_TREND); Max ADX for entry: 6
2026-08-12T22:35:08.192Z,63435.99,34.08,OVERSOLD,RISING,YES,YES,5m,1.00,0.00,0.50,NEUTRAL,1.00,NORMAL,77.06,EXTREME_TREND,NO,⛔ ADX too high (77.06) - Market trending (EXTREME_TREND); Max ADX for entry: 6
2026-08-12T22:35:18.641Z,63439.99,35.65,OVERSOLD,FLAT,YES,YES,10s,1.00,0.00,0.50,NEUTRAL,1.00,NORMAL,99.82,EXTREME_TREND,NO,⛔ ADX too high (99.82) - Market trending (EXTREME_TREND); Max ADX for entry: 6
2026-08-12T22:35:28.195Z,63405.05,31.55,OVERSOLD,FLAT,YES,YES,10s,1.00,0.00,0.50,NEUTRAL,1.00,NORMAL,88.16,EXTREME_TREND,NO,⛔ ADX too high (88.16) - Market trending (EXTREME_TREND); Max ADX for entry: 6
2026-08-12T22:35:38.193Z,63403.47,27.78,EXTREME_OVERSOLD,FALLING,YES,YES,30s,1.00,0.00,0.50,NEUTRAL,1.00,NORMAL,99.24,EXTREME_TREND,NO,⛔ ADX too high (99.24) - Market trending (EXTREME_TREND); Max ADX for entry: 6
2026-08-12T22:35:48.189Z,63390.24,24.81,EXTREME_OVERSOLD,FALLING,NO,NO,none,0.00,0.00,0.50,NEUTRAL,1.00,NORMAL,6.05,RANGING,NO,⛔ ADX too high (6.05) - Market trending (RANGING); Max ADX for entry: 6
2026-08-12T22:35:58.194Z,63384.69,24.21,EXTREME_OVERSOLD,FLAT,NO,NO,none,0.00,0.00,0.50,NEUTRAL,1.00,NORMAL,99.56,EXTREME_TREND,NO,⛔ ADX too high (99.56) - Market trending (EXTREME_TREND); Max ADX for entry: 6
2026-08-12T22:36:08.190Z,63387.02,23.94,EXTREME_OVERSOLD,FLAT,YES,YES,30s,1.00,0.00,0.50,NEUTRAL,1.00,NORMAL,49.05,TRENDING,NO,⛔ ADX too high (49.05) - Market trending (TRENDING); Max ADX for entry: 6
2026-08-12T22:36:18.193Z,63387.02,21.82,EXTREME_OVERSOLD,FLAT,YES,YES,30s,1.00,0.00,0.50,NEUTRAL,1.00,NORMAL,98.34,EXTREME_TREND,NO,⛔ ADX too high (98.34) - Market trending (EXTREME_TREND); Max ADX for entry: 6
2026-08-12T22:51:38.218Z,63419.83,61.57,OVERBOUGHT,FLAT,YES,YES,10s,1.00,0.00,0.50,NEUTRAL,1.00,NORMAL,45.60,TRENDING,NO,⛔ ADX too high (45.60) - Market trending (TRENDING); Max ADX for entry: 6
2026-08-12T22:51:48.227Z,63419.83,52.05,NEUTRAL,FALLING,YES,YES,1m,1.00,0.00,0.50,NEUTRAL,1.00,NORMAL,63.92,STRONG_TREND,NO,⛔ ADX too high (63.92) - Market trending (STRONG_TREND); Max ADX for entry: 6
2026-08-12T22:51:58.222Z,63419.83,52.06,NEUTRAL,FLAT,YES,YES,30s,1.00,0.00,0.50,NEUTRAL,1.00,NORMAL,25.37,TRENDING,NO,⛔ ADX too high (25.37) - Market trending (TRENDING); Max ADX for entry: 6
2026-08-12T22:52:08.220Z,63419.82,54.55,NEUTRAL,RISING,YES,YES,5m,1.00,0.00,0.50,NEUTRAL,1.00,NORMAL,11.07,RANGING,NO,⛔ ADX too high (11.07) - Market trending (RANGING); Max ADX for entry: 6
2026-08-12T22:52:18.223Z,63419.83,54.55,NEUTRAL,FLAT,YES,YES,10s,1.00,0.00,0.50,NEUTRAL,1.00,NORMAL,49.18,TRENDING,NO,⛔ ADX too high (49.18) - Market trending (TRENDING); Max ADX for entry: 6
2026-08-12T22:52:28.224Z,63419.83,71.09,EXTREME_OVERBOUGHT,FLAT,YES,YES,1m,1.00,0.00,0.50,NEUTRAL,1.00,NORMAL,20.22,TRANSITION,NO,⛔ ADX too high (20.22) - Market trending (TRANSITION); Max ADX for entry: 6
2026-08-12T22:52:38.220Z,63428.73,69.12,OVERBOUGHT,FLAT,YES,YES,10s,1.00,0.00,0.50,NEUTRAL,1.00,NORMAL,26.84,TRENDING,NO,⛔ ADX too high (26.84) - Market trending (TRENDING); Max ADX for entry: 6
2026-08-12T22:52:48.222Z,63422.01,64.26,OVERBOUGHT,RISING,YES,YES,10s,1.00,0.00,0.50,NEUTRAL,1.00,NORMAL,72.17,STRONG_TREND,NO,⛔ ADX too high (72.17) - Market trending (STRONG_TREND); Max ADX for entry: 6
2026-08-12T22:52:58.223Z,63422.01,64.26,OVERBOUGHT,FLAT,YES,YES,30s,1.00,0.00,0.50,NEUTRAL,1.00,NORMAL,95.87,EXTREME_TREND,NO,⛔ ADX too high (95.87) - Market trending (EXTREME_TREND); Max ADX for entry: 6
2026-08-12T22:53:08.222Z,63422.01,64.26,OVERBOUGHT,FLAT,YES,YES,10s,1.00,0.00,0.50,NEUTRAL,1.00,NORMAL,11.60,RANGING,NO,⛔ ADX too high (11.60) - Market trending (RANGING); Max ADX for entry: 6
2026-08-12T22:53:18.227Z,63420.74,64.12,OVERBOUGHT,FALLING,YES,YES,1m,1.00,0.00,0.50,NEUTRAL,1.00,NORMAL,29.09,TRENDING,NO,⛔ ADX too high (29.09) - Market trending (TRENDING); Max ADX for entry: 6
2026-08-12T22:53:28.225Z,63420.74,66.06,OVERBOUGHT,RISING,YES,YES,30s,1.00,0.00,0.50,NEUTRAL,1.00,NORMAL,100.00,EXTREME_TREND,NO,⛔ ADX too high (100.00) - Market trending (EXTREME_TREND); Max ADX for entry: 6
2026-08-12T22:53:38.233Z,63415.13,61.24,OVERBOUGHT,FALLING,YES,YES,5m,1.00,0.00,0.50,NEUTRAL,1.00,NORMAL,94.37,EXTREME_TREND,NO,⛔ ADX too high (94.37) - Market trending (EXTREME_TREND); Max ADX for entry: 6
2026-08-12T22:53:48.229Z,63415.12,62.73,OVERBOUGHT,FLAT,YES,YES,30s,1.00,0.00,0.50,NEUTRAL,1.00,NORMAL,95.14,EXTREME_TREND,NO,⛔ ADX too high (95.14) - Market trending (EXTREME_TREND); Max ADX for entry: 6
2026-08-12T22:53:58.223Z,63415.13,59.45,NEUTRAL,FALLING,YES,YES,10s,1.00,0.00,0.50,NEUTRAL,1.00,NORMAL,50.68,STRONG_TREND,NO,⛔ ADX too high (50.68) - Market trending (STRONG_TREND); Max ADX for entry: 6
2026-08-12T22:54:08.226Z,63415.13,59.46,NEUTRAL,FLAT,YES,YES,1m,1.00,0.00,0.50,NEUTRAL,1.00,NORMAL,86.81,EXTREME_TREND,NO,⛔ ADX too high (86.81) - Market trending (EXTREME_TREND); Max ADX for entry: 6
2026-08-12T22:54:18.226Z,63415.13,53.21,NEUTRAL,FALLING,YES,YES,10s,1.00,0.75,0.50,NEUTRAL,1.00,NORMAL,3.70,RANGING,NO,RSI neutral (53.2)
2026-08-12T22:54:28.226Z,63415.13,52.07,NEUTRAL,FLAT,YES,YES,1m,1.00,0.00,0.50,NEUTRAL,1.00,NORMAL,60.27,STRONG_TREND,NO,⛔ ADX too high (60.27) - Market trending (STRONG_TREND); Max ADX for entry: 6
2026-08-12T22:54:38.229Z,63427.57,64.80,OVERBOUGHT,RISING,YES,YES,1h,1.00,0.00,0.50,NEUTRAL,1.00,NORMAL,90.66,EXTREME_TREND,NO,⛔ ADX too high (90.66) - Market trending (EXTREME_TREND); Max ADX for entry: 6
2026-08-12T22:54:48.225Z,63429.99,66.03,OVERBOUGHT,FLAT,YES,YES,30s,1.00,0.00,0.50,NEUTRAL,1.00,NORMAL,99.66,EXTREME_TREND,NO,⛔ ADX too high (99.66) - Market trending (EXTREME_TREND); Max ADX for entry: 6
2026-08-12T22:54:58.225Z,63432.92,67.43,OVERBOUGHT,RISING,YES,YES,1h,1.00,0.00,0.50,NEUTRAL,1.00,NORMAL,70.17,STRONG_TREND,NO,⛔ ADX too high (70.17) - Market trending (STRONG_TREND); Max ADX for entry: 6
2026-08-12T22:55:08.228Z,63432.92,67.44,OVERBOUGHT,FLAT,YES,YES,30s,1.00,0.00,0.50,NEUTRAL,1.00,NORMAL,100.00,EXTREME_TREND,NO,⛔ ADX too high (100.00) - Market trending (EXTREME_TREND); Max ADX for entry: 6
2026-08-12T22:55:18.226Z,63432.92,67.44,OVERBOUGHT,FLAT,YES,YES,30s,1.00,0.00,0.50,NEUTRAL,1.00,NORMAL,100.00,EXTREME_TREND,NO,⛔ ADX too high (100.00) - Market trending (EXTREME_TREND); Max ADX for entry: 6
2026-08-12T23:26:08.333Z,63401.80,37.37,OVERSOLD,FLAT,YES,YES,10s,1.00,0.00,0.50,NEUTRAL,1.00,NORMAL,99.04,EXTREME_TREND,NO,⛔ ADX too high (99.04) - Market trending (EXTREME_TREND); Max ADX for entry: 6
2026-08-12T23:26:18.333Z,63397.73,36.39,OVERSOLD,FLAT,YES,YES,30s,1.00,0.00,0.50,NEUTRAL,1.00,NORMAL,99.60,EXTREME_TREND,NO,⛔ ADX too high (99.60) - Market trending (EXTREME_TREND); Max ADX for entry: 6
2026-08-12T23:26:28.331Z,63394.01,35.15,OVERSOLD,FLAT,YES,YES,1m,1.00,0.00,0.50,NEUTRAL,1.00,NORMAL,96.97,EXTREME_TREND,NO,⛔ ADX too high (96.97) - Market trending (EXTREME_TREND); Max ADX for entry: 6
2026-08-12T23:26:38.332Z,63394.00,40.07,NEUTRAL,FLAT,YES,YES,30s,1.00,0.00,0.50,NEUTRAL,1.00,NORMAL,99.15,EXTREME_TREND,NO,⛔ ADX too high (99.15) - Market trending (EXTREME_TREND); Max ADX for entry: 6
2026-08-12T23:26:48.333Z,63394.01,42.26,NEUTRAL,RISING,YES,YES,30s,1.00,0.00,0.50,NEUTRAL,1.00,NORMAL,70.37,STRONG_TREND,NO,⛔ ADX too high (70.37) - Market trending (STRONG_TREND); Max ADX for entry: 6
2026-08-12T23:32:58.375Z,63449.91,77.11,EXTREME_OVERBOUGHT,FLAT,YES,YES,10s,1.00,0.00,0.50,NEUTRAL,1.00,NORMAL,98.91,EXTREME_TREND,NO,⛔ ADX too high (98.91) - Market trending (EXTREME_TREND); Max ADX for entry: 6
2026-08-12T23:33:08.343Z,63449.91,77.12,EXTREME_OVERBOUGHT,FLAT,YES,YES,30s,1.00,0.00,0.50,NEUTRAL,1.00,NORMAL,74.46,STRONG_TREND,NO,⛔ ADX too high (74.46) - Market trending (STRONG_TREND); Max ADX for entry: 6
2026-08-12T23:43:08.375Z,63400.00,33.87,OVERSOLD,FLAT,YES,YES,15m,1.00,0.00,0.50,NEUTRAL,1.00,NORMAL,69.21,STRONG_TREND,NO,⛔ ADX too high (69.21) - Market trending (STRONG_TREND); Max ADX for entry: 6
2026-08-12T23:43:18.372Z,63400.00,33.87,OVERSOLD,FLAT,YES,YES,30s,1.00,0.00,0.50,NEUTRAL,1.00,NORMAL,99.90,EXTREME_TREND,NO,⛔ ADX too high (99.90) - Market trending (EXTREME_TREND); Max ADX for entry: 6
2026-08-12T23:43:28.376Z,63400.00,33.87,OVERSOLD,FLAT,YES,YES,30s,1.00,0.00,0.50,NEUTRAL,1.00,NORMAL,47.51,TRENDING,NO,⛔ ADX too high (47.51) - Market trending (TRENDING); Max ADX for entry: 6
2026-08-12T23:43:38.376Z,63394.29,33.63,OVERSOLD,FLAT,YES,YES,10s,1.00,0.00,0.50,NEUTRAL,1.00,NORMAL,36.72,TRENDING,NO,⛔ ADX too high (36.72) - Market trending (TRENDING); Max ADX for entry: 6
2026-08-12T23:43:48.372Z,63395.56,33.99,OVERSOLD,FLAT,YES,YES,10s,1.00,0.00,0.50,NEUTRAL,1.00,NORMAL,19.31,RANGING,NO,⛔ ADX too high (19.31) - Market trending (RANGING); Max ADX for entry: 6
2026-08-12T23:43:58.382Z,63397.99,34.25,OVERSOLD,FLAT,YES,YES,30s,1.00,0.00,0.50,NEUTRAL,1.00,NORMAL,81.98,EXTREME_TREND,NO,⛔ ADX too high (81.98) - Market trending (EXTREME_TREND); Max ADX for entry: 6
2026-08-12T23:44:08.381Z,63390.00,31.66,OVERSOLD,FLAT,NO,NO,none,0.00,0.00,0.50,NEUTRAL,1.00,NORMAL,100.00,EXTREME_TREND,NO,⛔ ADX too high (100.00) - Market trending (EXTREME_TREND); Max ADX for entry: 6
2026-08-12T23:44:18.386Z,63390.00,29.59,EXTREME_OVERSOLD,FLAT,YES,YES,30s,1.00,0.00,0.50,NEUTRAL,1.00,NORMAL,100.00,EXTREME_TREND,NO,⛔ ADX too high (100.00) - Market trending (EXTREME_TREND); Max ADX for entry: 6
2026-08-12T23:44:28.389Z,63390.00,30.25,OVERSOLD,FLAT,YES,YES,30s,1.00,0.00,0.50,NEUTRAL,1.00,NORMAL,100.00,EXTREME_TREND,NO,⛔ ADX too high (100.00) - Market trending (EXTREME_TREND); Max ADX for entry: 6
2026-08-12T23:44:38.391Z,63390.00,30.25,OVERSOLD,FLAT,YES,YES,1m,1.00,0.00,0.50,NEUTRAL,1.00,NORMAL,11.07,RANGING,NO,⛔ ADX too high (11.07) - Market trending (RANGING); Max ADX for entry: 6
2026-08-12T23:51:38.403Z,63429.41,71.22,EXTREME_OVERBOUGHT,FALLING,YES,YES,1m,1.00,0.00,0.50,NEUTRAL,1.00,NORMAL,67.39,STRONG_TREND,NO,⛔ ADX too high (67.39) - Market trending (STRONG_TREND); Max ADX for entry: 6
2026-08-12T23:51:48.400Z,63434.86,69.27,OVERBOUGHT,FLAT,YES,YES,15m,1.00,0.00,0.50,NEUTRAL,1.00,NORMAL,51.78,STRONG_TREND,NO,⛔ ADX too high (51.78) - Market trending (STRONG_TREND); Max ADX for entry: 6
2026-08-12T23:51:58.399Z,63430.09,62.12,OVERBOUGHT,FALLING,YES,YES,30s,1.00,0.00,0.50,NEUTRAL,1.00,NORMAL,25.19,TRENDING,NO,⛔ ADX too high (25.19) - Market trending (TRENDING); Max ADX for entry: 6
2026-08-12T23:52:08.399Z,63425.17,69.40,OVERBOUGHT,RISING,YES,YES,5m,1.00,0.00,0.50,NEUTRAL,1.00,NORMAL,96.48,EXTREME_TREND,NO,⛔ ADX too high (96.48) - Market trending (EXTREME_TREND); Max ADX for entry: 6
2026-08-12T23:52:18.405Z,63425.18,69.41,OVERBOUGHT,FLAT,YES,YES,30s,1.00,0.00,0.50,NEUTRAL,1.00,NORMAL,99.41,EXTREME_TREND,NO,⛔ ADX too high (99.41) - Market trending (EXTREME_TREND); Max ADX for entry: 6
2026-08-12T23:52:28.400Z,63425.18,69.42,OVERBOUGHT,FLAT,YES,YES,30s,1.00,0.00,0.50,NEUTRAL,1.00,NORMAL,87.05,EXTREME_TREND,NO,⛔ ADX too high (87.05) - Market trending (EXTREME_TREND); Max ADX for entry: 6
2026-08-13T00:42:48.497Z,63519.29,21.72,EXTREME_OVERSOLD,RISING,YES,YES,1m,1.00,0.00,0.50,NEUTRAL,1.00,NORMAL,98.47,EXTREME_TREND,NO,⛔ ADX too high (98.47) - Market trending (EXTREME_TREND); Max ADX for entry: 6
2026-08-13T00:42:58.498Z,63519.28,25.49,EXTREME_OVERSOLD,RISING,YES,YES,10s,1.00,0.00,0.50,NEUTRAL,1.00,NORMAL,98.20,EXTREME_TREND,NO,⛔ ADX too high (98.20) - Market trending (EXTREME_TREND); Max ADX for entry: 6
2026-08-13T00:43:08.496Z,63519.54,23.02,EXTREME_OVERSOLD,FALLING,YES,YES,10s,1.00,0.00,0.50,NEUTRAL,1.00,NORMAL,62.14,STRONG_TREND,NO,⛔ ADX too high (62.14) - Market trending (STRONG_TREND); Max ADX for entry: 6
2026-08-13T00:43:18.496Z,63520.00,24.97,EXTREME_OVERSOLD,RISING,YES,YES,5m,1.00,0.00,0.50,NEUTRAL,1.00,NORMAL,94.79,EXTREME_TREND,NO,⛔ ADX too high (94.79) - Market trending (EXTREME_TREND); Max ADX for entry: 6
2026-08-13T00:43:28.497Z,63527.99,24.15,EXTREME_OVERSOLD,FLAT,YES,YES,5m,1.00,0.00,0.50,NEUTRAL,1.00,NORMAL,36.09,TRENDING,NO,⛔ ADX too high (36.09) - Market trending (TRENDING); Max ADX for entry: 6
2026-08-13T00:43:38.497Z,63552.66,36.40,OVERSOLD,RISING,YES,YES,5m,1.00,0.00,0.50,NEUTRAL,1.00,NORMAL,99.86,EXTREME_TREND,NO,⛔ ADX too high (99.86) - Market trending (EXTREME_TREND); Max ADX for entry: 6
2026-08-13T00:43:48.497Z,63552.67,36.40,OVERSOLD,FLAT,YES,YES,30s,1.00,0.00,0.50,NEUTRAL,1.00,NORMAL,99.08,EXTREME_TREND,NO,⛔ ADX too high (99.08) - Market trending (EXTREME_TREND); Max ADX for entry: 6
2026-08-13T00:43:58.497Z,63552.67,39.20,OVERSOLD,RISING,YES,YES,30s,1.00,0.00,0.50,NEUTRAL,1.00,NORMAL,14.71,RANGING,NO,⛔ ADX too high (14.71) - Market trending (RANGING); Max ADX for entry: 6
2026-08-13T00:44:08.499Z,63550.32,39.17,OVERSOLD,FLAT,YES,YES,1m,1.00,0.00,0.50,NEUTRAL,1.00,NORMAL,7.40,RANGING,NO,⛔ ADX too high (7.40) - Market trending (RANGING); Max ADX for entry: 6
2026-08-13T00:44:18.498Z,63542.05,36.87,OVERSOLD,FLAT,YES,YES,10s,1.00,0.00,0.50,NEUTRAL,1.00,NORMAL,99.89,EXTREME_TREND,NO,⛔ ADX too high (99.89) - Market trending (EXTREME_TREND); Max ADX for entry: 6
2026-08-13T00:44:28.498Z,63533.06,34.67,OVERSOLD,FLAT,YES,YES,10s,1.00,0.00,0.50,NEUTRAL,1.00,NORMAL,99.86,EXTREME_TREND,NO,⛔ ADX too high (99.86) - Market trending (EXTREME_TREND); Max ADX for entry: 6
2026-08-13T00:44:38.497Z,63520.01,31.90,OVERSOLD,FLAT,YES,YES,10s,1.00,0.00,0.50,NEUTRAL,1.00,NORMAL,99.90,EXTREME_TREND,NO,⛔ ADX too high (99.90) - Market trending (EXTREME_TREND); Max ADX for entry: 6
2026-08-13T00:44:48.504Z,63513.64,30.70,OVERSOLD,FLAT,YES,YES,10s,1.00,0.00,0.50,NEUTRAL,1.00,NORMAL,99.94,EXTREME_TREND,NO,⛔ ADX too high (99.94) - Market trending (EXTREME_TREND); Max ADX for entry: 6
2026-08-13T00:44:58.509Z,63515.70,31.52,OVERSOLD,FLAT,YES,YES,30s,1.00,0.00,0.50,NEUTRAL,1.00,NORMAL,99.55,EXTREME_TREND,NO,⛔ ADX too high (99.55) - Market trending (EXTREME_TREND); Max ADX for entry: 6
2026-08-13T00:45:08.498Z,63515.70,31.53,OVERSOLD,FLAT,YES,YES,30s,1.00,0.00,0.50,NEUTRAL,1.00,NORMAL,100.00,EXTREME_TREND,NO,⛔ ADX too high (100.00) - Market trending (EXTREME_TREND); Max ADX for entry: 6
2026-08-13T00:45:18.498Z,63515.71,31.53,OVERSOLD,FLAT,YES,YES,30s,1.00,0.00,0.50,NEUTRAL,1.00,NORMAL,22.44,TRANSITION,NO,⛔ ADX too high (22.44) - Market trending (TRANSITION); Max ADX for entry: 6
2026-08-13T00:45:28.497Z,63515.71,32.25,OVERSOLD,FLAT,YES,YES,1m,1.00,0.00,0.50,NEUTRAL,1.00,NORMAL,62.78,STRONG_TREND,NO,⛔ ADX too high (62.78) - Market trending (STRONG_TREND); Max ADX for entry: 6
2026-08-13T00:45:38.498Z,63515.64,32.88,OVERSOLD,FLAT,YES,YES,1m,1.00,0.00,0.50,NEUTRAL,1.00,NORMAL,14.71,RANGING,NO,⛔ ADX too high (14.71) - Market trending (RANGING); Max ADX for entry: 6
2026-08-13T00:45:48.497Z,63512.75,32.32,OVERSOLD,FLAT,YES,YES,1h,1.00,0.00,0.50,NEUTRAL,1.00,NORMAL,98.45,EXTREME_TREND,NO,⛔ ADX too high (98.45) - Market trending (EXTREME_TREND); Max ADX for entry: 6
2026-08-13T00:45:58.498Z,63512.74,32.32,OVERSOLD,FLAT,YES,YES,10s,1.00,0.00,0.50,NEUTRAL,1.00,NORMAL,89.42,EXTREME_TREND,NO,⛔ ADX too high (89.42) - Market trending (EXTREME_TREND); Max ADX for entry: 6
2026-08-13T00:46:08.498Z,63501.37,30.27,OVERSOLD,FLAT,YES,YES,1h,1.00,0.00,0.50,NEUTRAL,1.00,NORMAL,99.69,EXTREME_TREND,NO,⛔ ADX too high (99.69) - Market trending (EXTREME_TREND); Max ADX for entry: 6
2026-08-13T00:46:18.496Z,63501.37,30.26,OVERSOLD,FLAT,YES,YES,30s,1.00,0.00,0.50,NEUTRAL,1.00,NORMAL,99.52,EXTREME_TREND,NO,⛔ ADX too high (99.52) - Market trending (EXTREME_TREND); Max ADX for entry: 6
2026-08-13T00:46:28.498Z,63517.54,36.04,OVERSOLD,RISING,YES,YES,5m,1.00,0.00,0.50,NEUTRAL,1.00,NORMAL,99.66,EXTREME_TREND,NO,⛔ ADX too high (99.66) - Market trending (EXTREME_TREND); Max ADX for entry: 6
2026-08-13T00:46:38.512Z,63523.30,37.87,OVERSOLD,FLAT,YES,YES,10s,1.00,0.00,0.50,NEUTRAL,1.00,NORMAL,99.87,EXTREME_TREND,NO,⛔ ADX too high (99.87) - Market trending (EXTREME_TREND); Max ADX for entry: 6
2026-08-13T00:46:48.499Z,63529.99,44.60,NEUTRAL,FLAT,YES,YES,10s,1.00,0.00,0.50,NEUTRAL,1.00,NORMAL,99.87,EXTREME_TREND,NO,⛔ ADX too high (99.87) - Market trending (EXTREME_TREND); Max ADX for entry: 6
2026-08-13T00:46:58.501Z,63534.15,47.32,NEUTRAL,FLAT,YES,YES,10s,1.00,0.00,0.50,NEUTRAL,1.00,NORMAL,99.79,EXTREME_TREND,NO,⛔ ADX too high (99.79) - Market trending (EXTREME_TREND); Max ADX for entry: 6
2026-08-13T00:47:08.498Z,63540.21,52.90,NEUTRAL,RISING,YES,YES,15m,1.00,0.00,0.50,NEUTRAL,1.00,NORMAL,91.37,EXTREME_TREND,NO,⛔ ADX too high (91.37) - Market trending (EXTREME_TREND); Max ADX for entry: 6
2026-08-13T00:47:18.500Z,63542.00,61.51,OVERBOUGHT,RISING,YES,YES,30s,1.00,0.00,0.50,NEUTRAL,1.00,NORMAL,99.64,EXTREME_TREND,NO,⛔ ADX too high (99.64) - Market trending (EXTREME_TREND); Max ADX for entry: 6
2026-08-13T00:47:28.498Z,63543.81,61.96,OVERBOUGHT,FLAT,YES,YES,15m,1.00,0.00,0.50,NEUTRAL,1.00,NORMAL,7.40,RANGING,NO,⛔ ADX too high (7.40) - Market trending (RANGING); Max ADX for entry: 6
2026-08-13T00:47:38.501Z,63551.45,63.14,OVERBOUGHT,FLAT,YES,YES,10s,1.00,0.00,0.50,NEUTRAL,1.00,NORMAL,99.89,EXTREME_TREND,NO,⛔ ADX too high (99.89) - Market trending (EXTREME_TREND); Max ADX for entry: 6
2026-08-13T00:47:48.499Z,63556.61,61.97,OVERBOUGHT,FALLING,YES,YES,10s,1.00,0.00,0.50,NEUTRAL,1.00,NORMAL,99.84,EXTREME_TREND,NO,⛔ ADX too high (99.84) - Market trending (EXTREME_TREND); Max ADX for entry: 6
2026-08-13T00:47:58.500Z,63564.51,63.81,OVERBOUGHT,FLAT,YES,YES,15m,1.00,0.00,0.50,NEUTRAL,1.00,NORMAL,100.00,EXTREME_TREND,NO,⛔ ADX too high (100.00) - Market trending (EXTREME_TREND); Max ADX for entry: 6
2026-08-13T00:48:08.502Z,63569.99,64.92,OVERBOUGHT,FLAT,YES,YES,30s,0.75,0.00,0.50,NEUTRAL,1.00,NORMAL,99.84,EXTREME_TREND,NO,⛔ ADX too high (99.84) - Market trending (EXTREME_TREND); Max ADX for entry: 6
2026-08-13T00:48:18.505Z,63573.99,66.72,OVERBOUGHT,FLAT,NO,NO,none,0.00,0.00,0.50,NEUTRAL,1.00,NORMAL,99.03,EXTREME_TREND,NO,⛔ ADX too high (99.03) - Market trending (EXTREME_TREND); Max ADX for entry: 6
2026-08-13T00:48:28.501Z,63574.00,64.99,OVERBOUGHT,FLAT,YES,YES,10s,1.00,0.00,0.50,NEUTRAL,1.00,NORMAL,99.66,EXTREME_TREND,NO,⛔ ADX too high (99.66) - Market trending (EXTREME_TREND); Max ADX for entry: 6
2026-08-13T00:48:38.500Z,63577.99,59.54,NEUTRAL,FALLING,NO,NO,none,0.00,0.00,0.50,NEUTRAL,1.00,NORMAL,98.56,EXTREME_TREND,NO,⛔ ADX too high (98.56) - Market trending (EXTREME_TREND); Max ADX for entry: 6
2026-08-13T00:48:48.501Z,63588.00,62.37,OVERBOUGHT,FLAT,YES,YES,10s,1.00,0.00,0.50,NEUTRAL,1.00,NORMAL,99.72,EXTREME_TREND,NO,⛔ ADX too high (99.72) - Market trending (EXTREME_TREND); Max ADX for entry: 6
2026-08-13T00:48:58.500Z,63591.57,63.29,OVERBOUGHT,FLAT,YES,YES,30s,0.85,0.00,0.50,NEUTRAL,1.00,NORMAL,98.41,EXTREME_TREND,NO,⛔ ADX too high (98.41) - Market trending (EXTREME_TREND); Max ADX for entry: 6
2026-08-13T00:49:08.500Z,63580.44,59.71,NEUTRAL,FALLING,YES,YES,30s,1.00,0.00,0.50,NEUTRAL,1.00,NORMAL,99.13,EXTREME_TREND,NO,⛔ ADX too high (99.13) - Market trending (EXTREME_TREND); Max ADX for entry: 6
2026-08-13T00:49:18.503Z,63578.31,62.17,OVERBOUGHT,FLAT,YES,YES,1m,1.00,0.00,0.50,NEUTRAL,1.00,NORMAL,99.87,EXTREME_TREND,NO,⛔ ADX too high (99.87) - Market trending (EXTREME_TREND); Max ADX for entry: 6
2026-08-13T00:49:28.501Z,63571.02,62.19,OVERBOUGHT,FLAT,YES,YES,10s,1.00,0.00,0.50,NEUTRAL,1.00,NORMAL,52.53,STRONG_TREND,NO,⛔ ADX too high (52.53) - Market trending (STRONG_TREND); Max ADX for entry: 6
2026-08-13T00:49:38.500Z,63571.02,67.88,OVERBOUGHT,FLAT,YES,YES,30s,1.00,0.00,0.50,NEUTRAL,1.00,NORMAL,91.32,EXTREME_TREND,NO,⛔ ADX too high (91.32) - Market trending (EXTREME_TREND); Max ADX for entry: 6
2026-08-13T00:49:48.502Z,63578.67,72.59,EXTREME_OVERBOUGHT,FLAT,YES,YES,10s,1.00,0.00,0.50,NEUTRAL,1.00,NORMAL,99.62,EXTREME_TREND,NO,⛔ ADX too high (99.62) - Market trending (EXTREME_TREND); Max ADX for entry: 6
2026-08-13T00:49:58.500Z,63578.67,72.19,EXTREME_OVERBOUGHT,FLAT,YES,YES,30s,1.00,0.00,0.50,NEUTRAL,1.00,NORMAL,99.86,EXTREME_TREND,NO,⛔ ADX too high (99.86) - Market trending (EXTREME_TREND); Max ADX for entry: 6
2026-08-13T00:50:08.502Z,63578.67,72.19,EXTREME_OVERBOUGHT,FLAT,YES,YES,30s,1.00,0.00,0.50,NEUTRAL,1.00,NORMAL,54.57,STRONG_TREND,NO,⛔ ADX too high (54.57) - Market trending (STRONG_TREND); Max ADX for entry: 6
2026-08-13T02:02:58.619Z,63466.96,41.56,NEUTRAL,FLAT,YES,YES,10s,1.00,0.00,0.50,NEUTRAL,1.00,NORMAL,99.06,EXTREME_TREND,NO,⛔ ADX too high (99.06) - Market trending (EXTREME_TREND); Max ADX for entry: 6
2026-08-13T02:03:08.617Z,63472.00,48.17,NEUTRAL,FLAT,YES,YES,10s,1.00,0.00,0.50,NEUTRAL,1.00,NORMAL,99.78,EXTREME_TREND,NO,⛔ ADX too high (99.78) - Market trending (EXTREME_TREND); Max ADX for entry: 6
2026-08-13T02:03:18.615Z,63471.99,48.15,NEUTRAL,FLAT,YES,YES,30s,1.00,0.00,0.50,NEUTRAL,1.00,NORMAL,100.00,EXTREME_TREND,NO,⛔ ADX too high (100.00) - Market trending (EXTREME_TREND); Max ADX for entry: 6
2026-08-13T02:03:28.623Z,63472.83,48.92,NEUTRAL,RISING,YES,YES,5m,1.00,0.00,0.50,NEUTRAL,1.00,NORMAL,99.87,EXTREME_TREND,NO,⛔ ADX too high (99.87) - Market trending (EXTREME_TREND); Max ADX for entry: 6
2026-08-13T02:03:38.619Z,63473.66,50.75,NEUTRAL,FLAT,YES,YES,10s,1.00,0.00,0.50,NEUTRAL,1.00,NORMAL,61.37,STRONG_TREND,NO,⛔ ADX too high (61.37) - Market trending (STRONG_TREND); Max ADX for entry: 6
2026-08-13T02:03:48.617Z,63473.65,50.75,NEUTRAL,FLAT,YES,YES,30s,1.00,0.00,0.50,NEUTRAL,1.00,NORMAL,17.14,RANGING,NO,⛔ ADX too high (17.14) - Market trending (RANGING); Max ADX for entry: 6
2026-08-13T02:03:58.617Z,63462.00,45.88,NEUTRAL,FLAT,YES,YES,10s,1.00,0.00,0.50,NEUTRAL,1.00,NORMAL,99.91,EXTREME_TREND,NO,⛔ ADX too high (99.91) - Market trending (EXTREME_TREND); Max ADX for entry: 6
2026-08-13T02:04:08.620Z,63452.47,43.88,NEUTRAL,FLAT,YES,YES,10s,1.00,0.00,0.50,NEUTRAL,1.00,NORMAL,99.64,EXTREME_TREND,NO,⛔ ADX too high (99.64) - Market trending (EXTREME_TREND); Max ADX for entry: 6
2026-08-13T02:04:18.618Z,63452.46,45.13,NEUTRAL,RISING,YES,YES,30s,1.00,0.00,0.50,NEUTRAL,1.00,NORMAL,96.94,EXTREME_TREND,NO,⛔ ADX too high (96.94) - Market trending (EXTREME_TREND); Max ADX for entry: 6
2026-08-13T02:04:28.621Z,63452.47,45.96,NEUTRAL,FLAT,YES,YES,30s,1.00,0.00,0.50,NEUTRAL,1.00,NORMAL,57.37,STRONG_TREND,NO,⛔ ADX too high (57.37) - Market trending (STRONG_TREND); Max ADX for entry: 6
2026-08-13T02:04:38.622Z,63452.47,47.64,NEUTRAL,FLAT,YES,YES,1m,1.00,0.75,0.50,NEUTRAL,1.00,NORMAL,3.70,RANGING,NO,RSI neutral (47.6)
2026-08-13T02:04:48.617Z,63450.66,47.67,NEUTRAL,FLAT,YES,YES,10s,1.00,0.00,0.50,NEUTRAL,1.00,NORMAL,99.37,EXTREME_TREND,NO,⛔ ADX too high (99.37) - Market trending (EXTREME_TREND); Max ADX for entry: 6
2026-08-13T02:04:58.621Z,63444.00,45.10,NEUTRAL,FLAT,YES,YES,10s,1.00,0.00,0.50,NEUTRAL,1.00,NORMAL,99.80,EXTREME_TREND,NO,⛔ ADX too high (99.80) - Market trending (EXTREME_TREND); Max ADX for entry: 6
2026-08-13T02:05:08.618Z,63444.00,42.68,NEUTRAL,FALLING,YES,YES,30s,1.00,0.00,0.50,NEUTRAL,1.00,NORMAL,99.14,EXTREME_TREND,NO,⛔ ADX too high (99.14) - Market trending (EXTREME_TREND); Max ADX for entry: 6
2026-08-13T02:05:18.620Z,63444.01,34.03,OVERSOLD,FLAT,YES,YES,10s,1.00,0.00,0.50,NEUTRAL,1.00,NORMAL,10.53,RANGING,NO,⛔ ADX too high (10.53) - Market trending (RANGING); Max ADX for entry: 6
2026-08-13T02:05:28.619Z,63444.01,34.49,OVERSOLD,FLAT,YES,YES,1m,1.00,0.00,0.50,NEUTRAL,1.00,NORMAL,51.48,STRONG_TREND,NO,⛔ ADX too high (51.48) - Market trending (STRONG_TREND); Max ADX for entry: 6
2026-08-13T02:05:38.620Z,63444.00,34.49,OVERSOLD,FLAT,YES,YES,1m,1.00,0.00,0.50,NEUTRAL,1.00,NORMAL,41.39,TRENDING,NO,⛔ ADX too high (41.39) - Market trending (TRENDING); Max ADX for entry: 6
2026-08-13T02:05:48.618Z,63444.01,34.49,OVERSOLD,FLAT,YES,YES,1m,1.00,0.00,0.50,NEUTRAL,1.00,NORMAL,46.49,TRENDING,NO,⛔ ADX too high (46.49) - Market trending (TRENDING); Max ADX for entry: 6
2026-08-13T02:05:58.619Z,63444.01,41.32,NEUTRAL,RISING,YES,YES,5m,1.00,0.00,0.50,NEUTRAL,1.00,NORMAL,16.16,RANGING,NO,⛔ ADX too high (16.16) - Market trending (RANGING); Max ADX for entry: 6
2026-08-13T02:06:08.621Z,63442.00,42.37,NEUTRAL,RISING,YES,YES,10s,1.00,0.00,0.50,NEUTRAL,1.00,NORMAL,97.79,EXTREME_TREND,NO,⛔ ADX too high (97.79) - Market trending (EXTREME_TREND); Max ADX for entry: 6
2026-08-13T02:06:18.619Z,63442.01,43.05,NEUTRAL,FLAT,YES,YES,10s,1.00,0.00,0.50,NEUTRAL,1.00,NORMAL,95.78,EXTREME_TREND,NO,⛔ ADX too high (95.78) - Market trending (EXTREME_TREND); Max ADX for entry: 6
2026-08-13T02:06:28.619Z,63440.77,42.37,NEUTRAL,FLAT,NO,NO,none,0.00,0.00,0.50,NEUTRAL,1.00,NORMAL,100.00,EXTREME_TREND,NO,⛔ ADX too high (100.00) - Market trending (EXTREME_TREND); Max ADX for entry: 6
2026-08-13T02:06:38.620Z,63440.78,42.66,NEUTRAL,FLAT,YES,YES,30s,1.00,0.00,0.50,NEUTRAL,1.00,NORMAL,97.35,EXTREME_TREND,NO,⛔ ADX too high (97.35) - Market trending (EXTREME_TREND); Max ADX for entry: 6
2026-08-13T02:06:48.619Z,63440.01,42.24,NEUTRAL,FLAT,NO,NO,none,0.00,0.00,0.50,NEUTRAL,1.00,NORMAL,18.02,RANGING,NO,⛔ ADX too high (18.02) - Market trending (RANGING); Max ADX for entry: 6
2026-08-13T02:06:58.621Z,63428.09,36.69,OVERSOLD,FALLING,NO,NO,none,0.00,0.00,0.50,NEUTRAL,1.00,NORMAL,92.80,EXTREME_TREND,NO,⛔ ADX too high (92.80) - Market trending (EXTREME_TREND); Max ADX for entry: 6
2026-08-13T02:07:08.621Z,63426.59,29.78,EXTREME_OVERSOLD,FALLING,YES,YES,10s,1.00,0.00,0.50,NEUTRAL,1.00,NORMAL,100.00,EXTREME_TREND,NO,⛔ ADX too high (100.00) - Market trending (EXTREME_TREND); Max ADX for entry: 6
2026-08-13T02:07:18.619Z,63433.99,35.47,OVERSOLD,FLAT,YES,YES,10s,1.00,0.00,0.50,NEUTRAL,1.00,NORMAL,81.79,EXTREME_TREND,NO,⛔ ADX too high (81.79) - Market trending (EXTREME_TREND); Max ADX for entry: 6
2026-08-13T02:07:28.621Z,63433.99,35.47,OVERSOLD,FLAT,YES,YES,30s,1.00,0.00,0.50,NEUTRAL,1.00,NORMAL,96.10,EXTREME_TREND,NO,⛔ ADX too high (96.10) - Market trending (EXTREME_TREND); Max ADX for entry: 6
2026-08-13T02:07:38.621Z,63440.00,39.46,OVERSOLD,RISING,YES,YES,1m,1.00,0.00,0.50,NEUTRAL,1.00,NORMAL,12.12,RANGING,NO,⛔ ADX too high (12.12) - Market trending (RANGING); Max ADX for entry: 6
2026-08-13T02:07:48.618Z,63440.00,35.86,OVERSOLD,FALLING,YES,YES,30s,1.00,0.00,0.50,NEUTRAL,1.00,NORMAL,99.23,EXTREME_TREND,NO,⛔ ADX too high (99.23) - Market trending (EXTREME_TREND); Max ADX for entry: 6
2026-08-13T02:07:58.621Z,63434.01,33.01,OVERSOLD,FLAT,YES,YES,10s,1.00,0.00,0.50,NEUTRAL,1.00,NORMAL,99.79,EXTREME_TREND,NO,⛔ ADX too high (99.79) - Market trending (EXTREME_TREND); Max ADX for entry: 6
2026-08-13T02:08:08.621Z,63438.98,32.96,OVERSOLD,FLAT,YES,YES,10s,1.00,0.00,0.50,NEUTRAL,1.00,NORMAL,15.27,RANGING,NO,⛔ ADX too high (15.27) - Market trending (RANGING); Max ADX for entry: 6
2026-08-13T02:08:18.622Z,63445.44,39.06,OVERSOLD,RISING,YES,YES,10s,1.00,0.00,0.50,NEUTRAL,1.00,NORMAL,99.77,EXTREME_TREND,NO,⛔ ADX too high (99.77) - Market trending (EXTREME_TREND); Max ADX for entry: 6
2026-08-13T02:08:28.622Z,63445.43,32.09,OVERSOLD,FALLING,YES,YES,10s,1.00,0.00,0.50,NEUTRAL,1.00,NORMAL,98.87,EXTREME_TREND,NO,⛔ ADX too high (98.87) - Market trending (EXTREME_TREND); Max ADX for entry: 6
2026-08-13T02:08:38.620Z,63455.99,40.11,NEUTRAL,RISING,YES,YES,5m,1.00,0.00,0.50,NEUTRAL,1.00,NORMAL,99.82,EXTREME_TREND,NO,⛔ ADX too high (99.82) - Market trending (EXTREME_TREND); Max ADX for entry: 6
2026-08-13T02:08:48.624Z,63458.93,48.09,NEUTRAL,RISING,YES,YES,5m,1.00,0.00,0.50,NEUTRAL,1.00,NORMAL,100.00,EXTREME_TREND,NO,⛔ ADX too high (100.00) - Market trending (EXTREME_TREND); Max ADX for entry: 6
2026-08-13T02:08:58.620Z,63459.99,48.77,NEUTRAL,FLAT,YES,YES,5m,1.00,0.00,0.50,NEUTRAL,1.00,NORMAL,96.87,EXTREME_TREND,NO,⛔ ADX too high (96.87) - Market trending (EXTREME_TREND); Max ADX for entry: 6
2026-08-13T02:09:08.621Z,63460.00,55.22,NEUTRAL,RISING,YES,YES,30s,1.00,0.00,0.50,NEUTRAL,1.00,NORMAL,97.55,EXTREME_TREND,NO,⛔ ADX too high (97.55) - Market trending (EXTREME_TREND); Max ADX for entry: 6
2026-08-13T02:09:18.622Z,63464.02,57.59,NEUTRAL,FLAT,YES,YES,10s,1.00,0.00,0.50,NEUTRAL,1.00,NORMAL,100.00,EXTREME_TREND,NO,⛔ ADX too high (100.00) - Market trending (EXTREME_TREND); Max ADX for entry: 6
2026-08-13T02:09:28.623Z,63470.95,61.13,OVERBOUGHT,FLAT,YES,YES,15m,1.00,0.00,0.50,NEUTRAL,1.00,NORMAL,100.00,EXTREME_TREND,NO,⛔ ADX too high (100.00) - Market trending (EXTREME_TREND); Max ADX for entry: 6
2026-08-13T02:09:38.624Z,63473.69,62.37,OVERBOUGHT,FLAT,YES,YES,10s,1.00,0.00,0.50,NEUTRAL,1.00,NORMAL,100.00,EXTREME_TREND,NO,⛔ ADX too high (100.00) - Market trending (EXTREME_TREND); Max ADX for entry: 6
2026-08-13T02:09:48.625Z,63475.99,65.18,OVERBOUGHT,RISING,YES,YES,15m,1.00,0.00,0.50,NEUTRAL,1.00,NORMAL,99.71,EXTREME_TREND,NO,⛔ ADX too high (99.71) - Market trending (EXTREME_TREND); Max ADX for entry: 6
2026-08-13T02:09:58.623Z,63476.00,70.10,EXTREME_OVERBOUGHT,RISING,YES,YES,30s,1.00,0.00,0.50,NEUTRAL,1.00,NORMAL,97.69,EXTREME_TREND,NO,⛔ ADX too high (97.69) - Market trending (EXTREME_TREND); Max ADX for entry: 6
2026-08-13T02:10:08.627Z,63480.00,71.53,EXTREME_OVERBOUGHT,FLAT,YES,YES,10s,1.00,0.00,0.50,NEUTRAL,1.00,NORMAL,95.93,EXTREME_TREND,NO,⛔ ADX too high (95.93) - Market trending (EXTREME_TREND); Max ADX for entry: 6
2026-08-13T02:10:18.624Z,63462.00,58.86,NEUTRAL,FALLING,YES,YES,5m,1.00,0.00,0.50,NEUTRAL,1.00,NORMAL,60.78,STRONG_TREND,NO,⛔ ADX too high (60.78) - Market trending (STRONG_TREND); Max ADX for entry: 6
2026-08-13T02:10:28.625Z,63452.01,53.59,NEUTRAL,FLAT,YES,YES,10s,1.00,0.00,0.50,NEUTRAL,1.00,NORMAL,100.00,EXTREME_TREND,NO,⛔ ADX too high (100.00) - Market trending (EXTREME_TREND); Max ADX for entry: 6
2026-08-13T02:10:38.627Z,63452.00,53.58,NEUTRAL,FLAT,YES,YES,30s,1.00,0.00,0.50,NEUTRAL,1.00,NORMAL,98.96,EXTREME_TREND,NO,⛔ ADX too high (98.96) - Market trending (EXTREME_TREND); Max ADX for entry: 6
2026-08-13T02:10:48.629Z,63457.99,55.95,NEUTRAL,RISING,YES,YES,30s,1.00,0.00,0.50,NEUTRAL,1.00,NORMAL,21.87,TRANSITION,NO,⛔ ADX too high (21.87) - Market trending (TRANSITION); Max ADX for entry: 6
2026-08-13T02:10:58.626Z,63454.01,54.12,NEUTRAL,FLAT,YES,YES,10s,1.00,0.00,0.50,NEUTRAL,1.00,NORMAL,6.49,RANGING,NO,⛔ ADX too high (6.49) - Market trending (RANGING); Max ADX for entry: 6
2026-08-13T02:11:08.628Z,63452.57,54.37,NEUTRAL,FLAT,YES,YES,30s,1.00,0.00,0.50,NEUTRAL,1.00,NORMAL,97.79,EXTREME_TREND,NO,⛔ ADX too high (97.79) - Market trending (EXTREME_TREND); Max ADX for entry: 6
2026-08-13T02:11:18.627Z,63444.30,50.89,NEUTRAL,FLAT,YES,YES,10s,1.00,0.00,0.50,NEUTRAL,1.00,NORMAL,99.70,EXTREME_TREND,NO,⛔ ADX too high (99.70) - Market trending (EXTREME_TREND); Max ADX for entry: 6
2026-08-13T02:11:28.630Z,63444.30,51.38,NEUTRAL,FLAT,YES,YES,30s,1.00,0.00,0.50,NEUTRAL,1.00,NORMAL,99.96,EXTREME_TREND,NO,⛔ ADX too high (99.96) - Market trending (EXTREME_TREND); Max ADX for entry: 6
2026-08-13T02:11:38.630Z,63444.31,51.38,NEUTRAL,FLAT,YES,YES,30s,1.00,0.75,0.50,NEUTRAL,1.00,NORMAL,3.70,RANGING,NO,RSI neutral (51.4)
2026-08-13T02:11:48.629Z,63444.30,51.69,NEUTRAL,FLAT,YES,YES,1m,1.00,0.00,0.50,NEUTRAL,1.00,NORMAL,66.52,STRONG_TREND,NO,⛔ ADX too high (66.52) - Market trending (STRONG_TREND); Max ADX for entry: 6
2026-08-13T02:20:28.645Z,63449.14,28.98,EXTREME_OVERSOLD,FALLING,YES,YES,1m,1.00,0.00,0.50,NEUTRAL,1.00,NORMAL,69.90,STRONG_TREND,NO,⛔ ADX too high (69.90) - Market trending (STRONG_TREND); Max ADX for entry: 6
2026-08-13T02:20:38.643Z,63449.14,35.01,OVERSOLD,RISING,YES,YES,1m,1.00,0.00,0.50,NEUTRAL,1.00,NORMAL,27.70,TRENDING,NO,⛔ ADX too high (27.70) - Market trending (TRENDING); Max ADX for entry: 6
2026-08-13T02:20:48.648Z,63447.91,41.87,NEUTRAL,FLAT,YES,YES,15m,1.00,0.00,0.50,NEUTRAL,1.00,NORMAL,16.91,RANGING,NO,⛔ ADX too high (16.91) - Market trending (RANGING); Max ADX for entry: 6
2026-08-13T02:20:58.645Z,63447.91,48.16,NEUTRAL,FLAT,YES,YES,30s,1.00,0.00,0.50,NEUTRAL,1.00,NORMAL,96.77,EXTREME_TREND,NO,⛔ ADX too high (96.77) - Market trending (EXTREME_TREND); Max ADX for entry: 6
2026-08-13T02:21:08.648Z,63457.99,62.50,OVERBOUGHT,RISING,YES,YES,10s,1.00,0.00,0.50,NEUTRAL,1.00,NORMAL,100.00,EXTREME_TREND,NO,⛔ ADX too high (100.00) - Market trending (EXTREME_TREND); Max ADX for entry: 6
2026-08-13T02:21:18.647Z,63458.00,62.54,OVERBOUGHT,FLAT,YES,YES,10s,1.00,0.00,0.50,NEUTRAL,1.00,NORMAL,99.70,EXTREME_TREND,NO,⛔ ADX too high (99.70) - Market trending (EXTREME_TREND); Max ADX for entry: 6
2026-08-13T02:21:28.650Z,63458.00,63.89,OVERBOUGHT,FLAT,YES,YES,10s,1.00,0.00,0.50,NEUTRAL,1.00,NORMAL,23.67,TRANSITION,NO,⛔ ADX too high (23.67) - Market trending (TRANSITION); Max ADX for entry: 6
2026-08-13T03:00:58.724Z,63562.76,43.94,NEUTRAL,RISING,YES,YES,5m,1.00,0.00,0.50,NEUTRAL,1.00,NORMAL,97.49,EXTREME_TREND,NO,⛔ ADX too high (97.49) - Market trending (EXTREME_TREND); Max ADX for entry: 6
2026-08-13T03:01:08.725Z,63562.76,43.95,NEUTRAL,FLAT,YES,YES,30s,1.00,0.00,0.50,NEUTRAL,1.00,NORMAL,99.62,EXTREME_TREND,NO,⛔ ADX too high (99.62) - Market trending (EXTREME_TREND); Max ADX for entry: 6
2026-08-13T03:01:18.723Z,63563.99,45.25,NEUTRAL,FLAT,YES,YES,10s,1.00,0.00,0.50,NEUTRAL,1.00,NORMAL,98.30,EXTREME_TREND,NO,⛔ ADX too high (98.30) - Market trending (EXTREME_TREND); Max ADX for entry: 6
2026-08-13T03:01:28.726Z,63566.23,47.48,NEUTRAL,FLAT,YES,YES,10s,1.00,0.00,0.50,NEUTRAL,1.00,NORMAL,99.05,EXTREME_TREND,NO,⛔ ADX too high (99.05) - Market trending (EXTREME_TREND); Max ADX for entry: 6
2026-08-13T03:01:38.724Z,63564.81,41.06,NEUTRAL,FLAT,YES,YES,30s,1.00,0.00,0.50,NEUTRAL,1.00,NORMAL,21.26,TRANSITION,NO,⛔ ADX too high (21.26) - Market trending (TRANSITION); Max ADX for entry: 6
2026-08-13T03:01:48.725Z,63560.01,40.43,NEUTRAL,RISING,YES,YES,10s,1.00,0.00,0.50,NEUTRAL,1.00,NORMAL,99.08,EXTREME_TREND,NO,⛔ ADX too high (99.08) - Market trending (EXTREME_TREND); Max ADX for entry: 6
2026-08-13T03:01:58.723Z,63560.00,41.44,NEUTRAL,FLAT,YES,YES,30s,1.00,0.00,0.50,NEUTRAL,1.00,NORMAL,8.62,RANGING,NO,⛔ ADX too high (8.62) - Market trending (RANGING); Max ADX for entry: 6
2026-08-13T03:02:08.725Z,63552.03,39.35,OVERSOLD,FALLING,YES,YES,15m,1.00,0.00,0.50,NEUTRAL,1.00,NORMAL,74.81,STRONG_TREND,NO,⛔ ADX too high (74.81) - Market trending (STRONG_TREND); Max ADX for entry: 6
2026-08-13T03:02:18.726Z,63552.02,44.66,NEUTRAL,RISING,YES,YES,30s,1.00,0.00,0.50,NEUTRAL,1.00,NORMAL,99.65,EXTREME_TREND,NO,⛔ ADX too high (99.65) - Market trending (EXTREME_TREND); Max ADX for entry: 6
2026-08-13T03:02:28.728Z,63552.03,44.67,NEUTRAL,FLAT,YES,YES,30s,1.00,0.00,0.50,NEUTRAL,1.00,NORMAL,68.91,STRONG_TREND,NO,⛔ ADX too high (68.91) - Market trending (STRONG_TREND); Max ADX for entry: 6
2026-08-13T03:02:38.727Z,63552.03,44.67,NEUTRAL,FLAT,YES,YES,1m,1.00,0.00,0.50,NEUTRAL,1.00,NORMAL,100.00,EXTREME_TREND,NO,⛔ ADX too high (100.00) - Market trending (EXTREME_TREND); Max ADX for entry: 6
2026-08-13T03:02:48.730Z,63552.02,44.66,NEUTRAL,FLAT,YES,YES,1m,1.00,0.00,0.50,NEUTRAL,1.00,NORMAL,11.07,RANGING,NO,⛔ ADX too high (11.07) - Market trending (RANGING); Max ADX for entry: 6
2026-08-13T03:02:58.725Z,63552.03,44.68,NEUTRAL,FLAT,YES,YES,1m,1.00,0.00,0.50,NEUTRAL,1.00,NORMAL,7.93,RANGING,NO,⛔ ADX too high (7.93) - Market trending (RANGING); Max ADX for entry: 6
2026-08-13T03:03:08.731Z,63552.03,52.83,NEUTRAL,RISING,YES,YES,5m,1.00,0.00,0.50,NEUTRAL,1.00,NORMAL,64.69,STRONG_TREND,NO,⛔ ADX too high (64.69) - Market trending (STRONG_TREND); Max ADX for entry: 6
2026-08-13T03:03:18.728Z,63552.02,52.80,NEUTRAL,FLAT,YES,YES,5m,1.00,0.00,0.50,NEUTRAL,1.00,NORMAL,6.46,RANGING,NO,⛔ ADX too high (6.46) - Market trending (RANGING); Max ADX for entry: 6
2026-08-13T03:03:28.731Z,63552.02,52.80,NEUTRAL,FLAT,YES,YES,5m,1.00,0.00,0.50,NEUTRAL,1.00,NORMAL,80.94,EXTREME_TREND,NO,⛔ ADX too high (80.94) - Market trending (EXTREME_TREND); Max ADX for entry: 6
2026-08-13T03:03:38.730Z,63547.09,46.43,NEUTRAL,FLAT,YES,YES,10s,1.00,0.00,0.50,NEUTRAL,1.00,NORMAL,99.67,EXTREME_TREND,NO,⛔ ADX too high (99.67) - Market trending (EXTREME_TREND); Max ADX for entry: 6
2026-08-13T03:03:48.731Z,63545.05,44.23,NEUTRAL,FALLING,YES,YES,15m,1.00,0.00,0.50,NEUTRAL,1.00,NORMAL,98.51,EXTREME_TREND,NO,⛔ ADX too high (98.51) - Market trending (EXTREME_TREND); Max ADX for entry: 6
2026-08-13T03:03:58.731Z,63538.01,37.99,OVERSOLD,FLAT,YES,YES,10s,1.00,0.00,0.50,NEUTRAL,1.00,NORMAL,99.68,EXTREME_TREND,NO,⛔ ADX too high (99.68) - Market trending (EXTREME_TREND); Max ADX for entry: 6
2026-08-13T03:04:08.732Z,63533.85,35.07,OVERSOLD,FALLING,YES,YES,15m,1.00,0.00,0.50,NEUTRAL,1.00,NORMAL,99.02,EXTREME_TREND,NO,⛔ ADX too high (99.02) - Market trending (EXTREME_TREND); Max ADX for entry: 6
2026-08-13T03:04:18.730Z,63531.07,33.35,OVERSOLD,FALLING,YES,YES,15m,1.00,0.00,0.50,NEUTRAL,1.00,NORMAL,97.29,EXTREME_TREND,NO,⛔ ADX too high (97.29) - Market trending (EXTREME_TREND); Max ADX for entry: 6
2026-08-13T03:04:28.732Z,63531.07,33.33,OVERSOLD,FLAT,YES,YES,30s,1.00,0.00,0.50,NEUTRAL,1.00,NORMAL,92.12,EXTREME_TREND,NO,⛔ ADX too high (92.12) - Market trending (EXTREME_TREND); Max ADX for entry: 6
2026-08-13T04:40:58.911Z,63681.88,62.09,OVERBOUGHT,FLAT,YES,YES,1m,1.00,0.00,0.50,NEUTRAL,1.00,NORMAL,17.10,RANGING,NO,⛔ ADX too high (17.10) - Market trending (RANGING); Max ADX for entry: 6
2026-08-13T04:41:08.909Z,63681.87,61.22,OVERBOUGHT,FLAT,YES,YES,5m,1.00,0.00,0.50,NEUTRAL,1.00,NORMAL,61.55,STRONG_TREND,NO,⛔ ADX too high (61.55) - Market trending (STRONG_TREND); Max ADX for entry: 6
2026-08-13T04:41:18.912Z,63681.88,61.23,OVERBOUGHT,FLAT,YES,YES,5m,1.00,0.00,0.50,NEUTRAL,1.00,NORMAL,66.14,STRONG_TREND,NO,⛔ ADX too high (66.14) - Market trending (STRONG_TREND); Max ADX for entry: 6
2026-08-13T04:41:28.910Z,63688.00,58.35,NEUTRAL,FALLING,YES,YES,10s,1.00,0.00,0.50,NEUTRAL,1.00,NORMAL,99.36,EXTREME_TREND,NO,⛔ ADX too high (99.36) - Market trending (EXTREME_TREND); Max ADX for entry: 6
2026-08-13T04:41:38.913Z,63688.00,50.81,NEUTRAL,FLAT,YES,YES,10s,1.00,0.00,0.50,NEUTRAL,1.00,NORMAL,98.63,EXTREME_TREND,NO,⛔ ADX too high (98.63) - Market trending (EXTREME_TREND); Max ADX for entry: 6
2026-08-13T04:41:48.911Z,63688.01,50.82,NEUTRAL,FLAT,YES,YES,30s,1.00,0.00,0.50,NEUTRAL,1.00,NORMAL,7.94,RANGING,NO,⛔ ADX too high (7.94) - Market trending (RANGING); Max ADX for entry: 6
2026-08-13T04:41:58.912Z,63688.00,50.82,NEUTRAL,FLAT,YES,YES,10s,1.00,0.00,0.50,NEUTRAL,1.00,NORMAL,40.49,TRENDING,NO,⛔ ADX too high (40.49) - Market trending (TRENDING); Max ADX for entry: 6
2026-08-13T04:42:08.915Z,63688.01,42.20,NEUTRAL,FLAT,YES,YES,1m,1.00,0.00,0.50,NEUTRAL,1.00,NORMAL,6.86,RANGING,NO,⛔ ADX too high (6.86) - Market trending (RANGING); Max ADX for entry: 6
2026-08-13T04:42:18.914Z,63688.01,42.19,NEUTRAL,FLAT,YES,YES,1m,1.00,0.00,0.50,NEUTRAL,1.00,NORMAL,6.59,RANGING,NO,⛔ ADX too high (6.59) - Market trending (RANGING); Max ADX for entry: 6
2026-08-13T04:48:08.917Z,63752.29,60.36,OVERBOUGHT,FLAT,YES,YES,10s,1.00,0.00,0.50,NEUTRAL,1.00,NORMAL,89.43,EXTREME_TREND,NO,⛔ ADX too high (89.43) - Market trending (EXTREME_TREND); Max ADX for entry: 6
2026-08-13T04:48:18.919Z,63751.59,60.21,OVERBOUGHT,FLAT,YES,YES,30s,1.00,0.00,0.50,NEUTRAL,1.00,NORMAL,15.50,RANGING,NO,⛔ ADX too high (15.50) - Market trending (RANGING); Max ADX for entry: 6
2026-08-13T04:48:28.919Z,63732.42,55.51,NEUTRAL,FALLING,YES,YES,5m,1.00,0.00,0.50,NEUTRAL,1.00,NORMAL,99.72,EXTREME_TREND,NO,⛔ ADX too high (99.72) - Market trending (EXTREME_TREND); Max ADX for entry: 6
2026-08-13T04:48:38.918Z,63732.41,54.68,NEUTRAL,FLAT,YES,YES,30s,1.00,0.00,0.50,NEUTRAL,1.00,NORMAL,99.79,EXTREME_TREND,NO,⛔ ADX too high (99.79) - Market trending (EXTREME_TREND); Max ADX for entry: 6
2026-08-13T04:48:48.920Z,63729.93,54.21,NEUTRAL,FLAT,YES,YES,5m,1.00,0.00,0.50,NEUTRAL,1.00,NORMAL,7.40,RANGING,NO,⛔ ADX too high (7.40) - Market trending (RANGING); Max ADX for entry: 6
2026-08-13T04:48:58.917Z,63726.00,53.49,NEUTRAL,FLAT,YES,YES,5m,1.00,0.00,0.50,NEUTRAL,1.00,NORMAL,99.65,EXTREME_TREND,NO,⛔ ADX too high (99.65) - Market trending (EXTREME_TREND); Max ADX for entry: 6
2026-08-13T04:49:08.920Z,63726.01,54.54,NEUTRAL,RISING,YES,YES,30s,1.00,0.00,0.50,NEUTRAL,1.00,NORMAL,98.47,EXTREME_TREND,NO,⛔ ADX too high (98.47) - Market trending (EXTREME_TREND); Max ADX for entry: 6
2026-08-13T04:49:18.919Z,63726.00,55.14,NEUTRAL,FLAT,YES,YES,30s,1.00,0.00,0.50,NEUTRAL,1.00,NORMAL,69.30,STRONG_TREND,NO,⛔ ADX too high (69.30) - Market trending (STRONG_TREND); Max ADX for entry: 6
2026-08-13T04:49:28.918Z,63726.00,55.14,NEUTRAL,FLAT,YES,YES,1m,1.00,0.00,0.50,NEUTRAL,1.00,NORMAL,60.71,STRONG_TREND,NO,⛔ ADX too high (60.71) - Market trending (STRONG_TREND); Max ADX for entry: 6
2026-08-13T04:49:38.918Z,63722.68,54.50,NEUTRAL,FLAT,YES,YES,5m,1.00,0.00,0.50,NEUTRAL,1.00,NORMAL,43.19,TRENDING,NO,⛔ ADX too high (43.19) - Market trending (TRENDING); Max ADX for entry: 6
2026-08-13T04:49:48.921Z,63722.69,54.50,NEUTRAL,FLAT,YES,YES,30s,1.00,0.00,0.50,NEUTRAL,1.00,NORMAL,92.14,EXTREME_TREND,NO,⛔ ADX too high (92.14) - Market trending (EXTREME_TREND); Max ADX for entry: 6
2026-08-13T04:49:58.921Z,63722.69,54.53,NEUTRAL,FLAT,YES,YES,30s,1.00,0.00,0.50,NEUTRAL,1.00,NORMAL,25.14,TRENDING,NO,⛔ ADX too high (25.14) - Market trending (TRENDING); Max ADX for entry: 6
2026-08-13T04:50:08.921Z,63730.00,55.65,NEUTRAL,FLAT,NO,NO,none,0.00,0.00,0.50,NEUTRAL,1.00,NORMAL,99.73,EXTREME_TREND,NO,⛔ ADX too high (99.73) - Market trending (EXTREME_TREND); Max ADX for entry: 6
2026-08-13T04:50:18.921Z,63730.00,54.81,NEUTRAL,FLAT,YES,YES,30s,1.00,0.00,0.50,NEUTRAL,1.00,NORMAL,99.34,EXTREME_TREND,NO,⛔ ADX too high (99.34) - Market trending (EXTREME_TREND); Max ADX for entry: 6
2026-08-13T04:50:28.922Z,63730.00,54.81,NEUTRAL,FLAT,YES,YES,30s,1.00,0.00,0.50,NEUTRAL,1.00,NORMAL,33.46,TRENDING,NO,⛔ ADX too high (33.46) - Market trending (TRENDING); Max ADX for entry: 6
2026-08-13T04:50:38.919Z,63730.00,50.00,NEUTRAL,FALLING,YES,YES,1m,1.00,0.75,0.50,NEUTRAL,1.00,NORMAL,4.70,RANGING,NO,RSI neutral (50.0)
2026-08-13T04:50:48.922Z,63737.99,52.21,NEUTRAL,RISING,NO,NO,none,0.00,0.00,0.50,NEUTRAL,1.00,NORMAL,95.68,EXTREME_TREND,NO,⛔ ADX too high (95.68) - Market trending (EXTREME_TREND); Max ADX for entry: 6
2026-08-13T04:50:58.923Z,63737.98,44.17,NEUTRAL,FALLING,YES,YES,30s,1.00,0.00,0.50,NEUTRAL,1.00,NORMAL,100.00,EXTREME_TREND,NO,⛔ ADX too high (100.00) - Market trending (EXTREME_TREND); Max ADX for entry: 6
2026-08-13T04:51:08.924Z,63737.99,49.19,NEUTRAL,RISING,YES,YES,30s,1.00,0.00,0.50,NEUTRAL,1.00,NORMAL,9.73,RANGING,NO,⛔ ADX too high (9.73) - Market trending (RANGING); Max ADX for entry: 6
2026-08-13T04:51:18.922Z,63737.99,46.76,NEUTRAL,FALLING,YES,YES,1m,1.00,0.00,0.50,NEUTRAL,1.00,NORMAL,63.98,STRONG_TREND,NO,⛔ ADX too high (63.98) - Market trending (STRONG_TREND); Max ADX for entry: 6
2026-08-13T04:51:28.925Z,63737.98,49.74,NEUTRAL,RISING,YES,YES,1m,1.00,0.00,0.50,NEUTRAL,1.00,NORMAL,11.07,RANGING,NO,⛔ ADX too high (11.07) - Market trending (RANGING); Max ADX for entry: 6
2026-08-13T04:51:38.925Z,63737.99,51.60,NEUTRAL,FLAT,YES,YES,10s,1.00,0.00,0.50,NEUTRAL,1.00,NORMAL,19.02,RANGING,NO,⛔ ADX too high (19.02) - Market trending (RANGING); Max ADX for entry: 6
2026-08-13T04:51:48.923Z,63737.99,49.35,NEUTRAL,FALLING,YES,YES,5m,1.00,0.00,0.50,NEUTRAL,1.00,NORMAL,6.56,RANGING,NO,⛔ ADX too high (6.56) - Market trending (RANGING); Max ADX for entry: 6
2026-08-13T04:51:58.923Z,63737.98,45.20,NEUTRAL,FLAT,YES,YES,5m,1.00,0.00,0.50,NEUTRAL,1.00,NORMAL,8.02,RANGING,NO,⛔ ADX too high (8.02) - Market trending (RANGING); Max ADX for entry: 6
2026-08-13T04:52:08.922Z,63746.26,53.33,NEUTRAL,RISING,NO,NO,none,0.00,0.00,0.50,NEUTRAL,1.00,NORMAL,98.50,EXTREME_TREND,NO,⛔ ADX too high (98.50) - Market trending (EXTREME_TREND); Max ADX for entry: 6
2026-08-13T04:52:18.923Z,63748.52,53.72,NEUTRAL,FLAT,YES,YES,10s,1.00,0.00,0.50,NEUTRAL,1.00,NORMAL,100.00,EXTREME_TREND,NO,⛔ ADX too high (100.00) - Market trending (EXTREME_TREND); Max ADX for entry: 6
2026-08-13T04:52:28.924Z,63732.01,42.67,NEUTRAL,FALLING,YES,YES,15m,1.00,0.00,0.50,NEUTRAL,1.00,NORMAL,81.31,EXTREME_TREND,NO,⛔ ADX too high (81.31) - Market trending (EXTREME_TREND); Max ADX for entry: 6
2026-08-13T04:52:38.924Z,63732.01,42.67,NEUTRAL,FLAT,YES,YES,30s,1.00,0.00,0.50,NEUTRAL,1.00,NORMAL,100.00,EXTREME_TREND,NO,⛔ ADX too high (100.00) - Market trending (EXTREME_TREND); Max ADX for entry: 6
2026-08-13T04:52:48.925Z,63728.01,33.49,OVERSOLD,FALLING,YES,YES,15m,1.00,0.00,0.50,NEUTRAL,1.00,NORMAL,98.87,EXTREME_TREND,NO,⛔ ADX too high (98.87) - Market trending (EXTREME_TREND); Max ADX for entry: 6
2026-08-13T04:52:58.926Z,63719.99,31.89,OVERSOLD,RISING,YES,YES,30s,1.00,0.00,0.50,NEUTRAL,1.00,NORMAL,99.71,EXTREME_TREND,NO,⛔ ADX too high (99.71) - Market trending (EXTREME_TREND); Max ADX for entry: 6
2026-08-13T04:53:08.937Z,63718.00,30.26,OVERSOLD,FLAT,YES,YES,30s,1.00,0.00,0.50,NEUTRAL,1.00,NORMAL,96.90,EXTREME_TREND,NO,⛔ ADX too high (96.90) - Market trending (EXTREME_TREND); Max ADX for entry: 6
2026-08-13T04:53:18.927Z,63718.00,30.51,OVERSOLD,FLAT,YES,YES,30s,1.00,0.00,0.50,NEUTRAL,1.00,NORMAL,14.79,RANGING,NO,⛔ ADX too high (14.79) - Market trending (RANGING); Max ADX for entry: 6
2026-08-13T04:53:28.925Z,63718.01,39.24,OVERSOLD,RISING,YES,YES,1m,1.00,0.00,0.50,NEUTRAL,1.00,NORMAL,20.71,TRANSITION,NO,⛔ ADX too high (20.71) - Market trending (TRANSITION); Max ADX for entry: 6
2026-08-13T04:53:38.928Z,63718.00,39.25,OVERSOLD,FLAT,YES,YES,1m,1.00,0.00,0.50,NEUTRAL,1.00,NORMAL,61.45,STRONG_TREND,NO,⛔ ADX too high (61.45) - Market trending (STRONG_TREND); Max ADX for entry: 6
2026-08-13T04:53:48.924Z,63718.00,40.75,NEUTRAL,RISING,YES,YES,30s,1.00,0.00,0.50,NEUTRAL,1.00,NORMAL,20.84,TRANSITION,NO,⛔ ADX too high (20.84) - Market trending (TRANSITION); Max ADX for entry: 6
2026-08-13T04:53:58.928Z,63718.01,43.41,NEUTRAL,FLAT,YES,YES,5m,1.00,0.00,0.50,NEUTRAL,1.00,NORMAL,9.61,RANGING,NO,⛔ ADX too high (9.61) - Market trending (RANGING); Max ADX for entry: 6
2026-08-13T04:54:08.926Z,63718.01,43.40,NEUTRAL,FLAT,YES,YES,10s,1.00,0.00,0.50,NEUTRAL,1.00,NORMAL,8.33,RANGING,NO,⛔ ADX too high (8.33) - Market trending (RANGING); Max ADX for entry: 6
2026-08-13T04:54:18.929Z,63718.00,43.40,NEUTRAL,FLAT,YES,YES,10s,1.00,0.00,0.50,NEUTRAL,1.00,NORMAL,35.24,TRENDING,NO,⛔ ADX too high (35.24) - Market trending (TRENDING); Max ADX for entry: 6
2026-08-13T04:54:28.927Z,63732.87,54.56,NEUTRAL,RISING,YES,YES,10s,0.85,0.00,0.50,NEUTRAL,1.00,NORMAL,100.00,EXTREME_TREND,NO,⛔ ADX too high (100.00) - Market trending (EXTREME_TREND); Max ADX for entry: 6
2026-08-13T04:54:38.929Z,63732.88,57.08,NEUTRAL,RISING,YES,YES,10s,1.00,0.00,0.50,NEUTRAL,1.00,NORMAL,99.83,EXTREME_TREND,NO,⛔ ADX too high (99.83) - Market trending (EXTREME_TREND); Max ADX for entry: 6
2026-08-13T04:54:48.928Z,63739.99,60.93,OVERBOUGHT,FLAT,YES,YES,10s,1.00,0.00,0.50,NEUTRAL,1.00,NORMAL,99.57,EXTREME_TREND,NO,⛔ ADX too high (99.57) - Market trending (EXTREME_TREND); Max ADX for entry: 6
2026-08-13T04:54:58.931Z,63739.99,60.93,OVERBOUGHT,FLAT,YES,YES,10s,1.00,0.00,0.50,NEUTRAL,1.00,NORMAL,99.57,EXTREME_TREND,NO,⛔ ADX too high (99.57) - Market trending (EXTREME_TREND); Max ADX for entry: 6
2026-08-13T04:55:08.929Z,63744.36,59.42,NEUTRAL,RISING,NO,NO,none,0.00,0.35,0.50,NEUTRAL,1.00,NORMAL,4.89,RANGING,NO,RSI overbought (59.4); No slowdown detected - waiting for momentum to fade; Confidence too low (35% < 50%)
2026-08-13T04:55:18.932Z,63744.36,59.42,NEUTRAL,FLAT,YES,YES,30s,1.00,0.00,0.50,NEUTRAL,1.00,NORMAL,98.94,EXTREME_TREND,NO,⛔ ADX too high (98.94) - Market trending (EXTREME_TREND); Max ADX for entry: 6
2026-08-13T04:55:28.928Z,63748.52,61.52,OVERBOUGHT,FLAT,YES,YES,30s,1.00,0.00,0.50,NEUTRAL,1.00,NORMAL,95.80,EXTREME_TREND,NO,⛔ ADX too high (95.80) - Market trending (EXTREME_TREND); Max ADX for entry: 6
2026-08-13T04:55:38.934Z,63726.46,48.27,NEUTRAL,FALLING,YES,YES,15m,1.00,0.00,0.50,NEUTRAL,1.00,NORMAL,45.76,TRENDING,NO,⛔ ADX too high (45.76) - Market trending (TRENDING); Max ADX for entry: 6
2026-08-13T04:55:48.932Z,63733.75,47.92,NEUTRAL,FLAT,YES,YES,30s,1.00,0.00,0.50,NEUTRAL,1.00,NORMAL,99.19,EXTREME_TREND,NO,⛔ ADX too high (99.19) - Market trending (EXTREME_TREND); Max ADX for entry: 6
2026-08-13T04:55:58.931Z,63733.79,47.94,NEUTRAL,FLAT,YES,YES,30s,1.00,0.00,0.50,NEUTRAL,1.00,NORMAL,100.00,EXTREME_TREND,NO,⛔ ADX too high (100.00) - Market trending (EXTREME_TREND); Max ADX for entry: 6
2026-08-13T04:56:08.936Z,63733.80,47.94,NEUTRAL,FLAT,YES,YES,10s,1.00,0.00,0.50,NEUTRAL,1.00,NORMAL,49.77,TRENDING,NO,⛔ ADX too high (49.77) - Market trending (TRENDING); Max ADX for entry: 6
2026-08-13T04:56:18.931Z,63733.80,47.94,NEUTRAL,FLAT,YES,YES,10s,1.00,0.00,0.50,NEUTRAL,1.00,NORMAL,54.37,STRONG_TREND,NO,⛔ ADX too high (54.37) - Market trending (STRONG_TREND); Max ADX for entry: 6
2026-08-13T04:56:28.931Z,63733.76,47.93,NEUTRAL,FLAT,YES,YES,1m,1.00,0.00,0.50,NEUTRAL,1.00,NORMAL,24.75,TRANSITION,NO,⛔ ADX too high (24.75) - Market trending (TRANSITION); Max ADX for entry: 6
2026-08-13T04:56:38.934Z,63732.48,47.33,NEUTRAL,FLAT,YES,YES,10s,1.00,0.00,0.50,NEUTRAL,1.00,NORMAL,98.96,EXTREME_TREND,NO,⛔ ADX too high (98.96) - Market trending (EXTREME_TREND); Max ADX for entry: 6
2026-08-13T04:56:48.931Z,63730.00,46.22,NEUTRAL,FLAT,YES,YES,10s,1.00,0.00,0.50,NEUTRAL,1.00,NORMAL,98.28,EXTREME_TREND,NO,⛔ ADX too high (98.28) - Market trending (EXTREME_TREND); Max ADX for entry: 6
2026-08-13T04:56:58.935Z,63730.00,46.22,NEUTRAL,FLAT,YES,YES,30s,1.00,0.00,0.50,NEUTRAL,1.00,NORMAL,99.62,EXTREME_TREND,NO,⛔ ADX too high (99.62) - Market trending (EXTREME_TREND); Max ADX for entry: 6
2026-08-13T04:57:08.932Z,63729.99,41.64,NEUTRAL,FLAT,YES,YES,30s,1.00,0.00,0.50,NEUTRAL,1.00,NORMAL,54.96,STRONG_TREND,NO,⛔ ADX too high (54.96) - Market trending (STRONG_TREND); Max ADX for entry: 6
2026-08-13T04:57:18.932Z,63731.20,41.01,NEUTRAL,FLAT,YES,YES,1m,1.00,0.00,0.50,NEUTRAL,1.00,NORMAL,68.34,STRONG_TREND,NO,⛔ ADX too high (68.34) - Market trending (STRONG_TREND); Max ADX for entry: 6
2026-08-13T04:57:28.931Z,63731.21,49.50,NEUTRAL,RISING,YES,YES,30s,1.00,0.00,0.50,NEUTRAL,1.00,NORMAL,97.46,EXTREME_TREND,NO,⛔ ADX too high (97.46) - Market trending (EXTREME_TREND); Max ADX for entry: 6
2026-08-13T04:57:38.934Z,63731.21,49.50,NEUTRAL,FLAT,YES,YES,30s,1.00,0.00,0.50,NEUTRAL,1.00,NORMAL,62.29,STRONG_TREND,NO,⛔ ADX too high (62.29) - Market trending (STRONG_TREND); Max ADX for entry: 6
2026-08-13T07:56:14.697Z,63861.36,90.53,EXTREME_OVERBOUGHT,FLAT,YES,YES,5m,1.00,0.00,0.50,NEUTRAL,1.00,NORMAL,27.73,TRENDING,NO,⛔ ADX too high (27.73) - Market trending (TRENDING); Max ADX for entry: 6
2026-08-13T07:56:24.688Z,63861.36,90.53,EXTREME_OVERBOUGHT,FLAT,YES,YES,5m,1.00,0.00,0.50,NEUTRAL,1.00,NORMAL,16.27,RANGING,NO,⛔ ADX too high (16.27) - Market trending (RANGING); Max ADX for entry: 6
2026-08-13T07:56:34.685Z,63861.35,90.51,EXTREME_OVERBOUGHT,FLAT,YES,YES,5m,1.00,0.00,0.50,NEUTRAL,1.00,NORMAL,57.54,STRONG_TREND,NO,⛔ ADX too high (57.54) - Market trending (STRONG_TREND); Max ADX for entry: 6
2026-08-13T07:56:44.664Z,63861.36,90.78,EXTREME_OVERBOUGHT,FLAT,YES,YES,30s,1.00,0.00,0.50,NEUTRAL,1.00,NORMAL,31.95,TRENDING,NO,⛔ ADX too high (31.95) - Market trending (TRENDING); Max ADX for entry: 6
2026-08-13T07:56:54.680Z,63861.36,90.80,EXTREME_OVERBOUGHT,FLAT,YES,YES,10s,1.00,0.00,0.50,NEUTRAL,1.00,NORMAL,60.13,STRONG_TREND,NO,⛔ ADX too high (60.13) - Market trending (STRONG_TREND); Max ADX for entry: 6
2026-08-13T08:29:34.726Z,63784.61,29.39,EXTREME_OVERSOLD,RISING,YES,YES,10s,1.00,0.00,0.50,NEUTRAL,1.00,NORMAL,44.00,TRENDING,NO,⛔ ADX too high (44.00) - Market trending (TRENDING); Max ADX for entry: 6
2026-08-13T08:29:44.724Z,63784.61,29.38,EXTREME_OVERSOLD,FLAT,YES,YES,30s,1.00,0.00,0.50,NEUTRAL,1.00,NORMAL,71.06,STRONG_TREND,NO,⛔ ADX too high (71.06) - Market trending (STRONG_TREND); Max ADX for entry: 6
2026-08-13T08:29:54.726Z,63784.61,29.39,EXTREME_OVERSOLD,FLAT,YES,YES,1m,1.00,0.00,0.50,NEUTRAL,1.00,NORMAL,100.00,EXTREME_TREND,NO,⛔ ADX too high (100.00) - Market trending (EXTREME_TREND); Max ADX for entry: 6
2026-08-13T08:30:04.728Z,63784.60,29.38,EXTREME_OVERSOLD,FLAT,YES,YES,1m,1.00,0.00,0.50,NEUTRAL,1.00,NORMAL,8.53,RANGING,NO,⛔ ADX too high (8.53) - Market trending (RANGING); Max ADX for entry: 6
2026-08-13T08:30:14.727Z,63781.65,27.23,EXTREME_OVERSOLD,FALLING,NO,NO,none,0.00,0.00,0.50,NEUTRAL,1.00,NORMAL,71.97,STRONG_TREND,NO,⛔ ADX too high (71.97) - Market trending (STRONG_TREND); Max ADX for entry: 6
2026-08-13T08:30:24.720Z,63781.66,27.22,EXTREME_OVERSOLD,FLAT,YES,YES,30s,1.00,0.00,0.50,NEUTRAL,1.00,NORMAL,99.54,EXTREME_TREND,NO,⛔ ADX too high (99.54) - Market trending (EXTREME_TREND); Max ADX for entry: 6
2026-08-13T08:30:34.728Z,63781.65,27.22,EXTREME_OVERSOLD,FLAT,YES,YES,30s,1.00,0.00,0.50,NEUTRAL,1.00,NORMAL,99.84,EXTREME_TREND,NO,⛔ ADX too high (99.84) - Market trending (EXTREME_TREND); Max ADX for entry: 6
2026-08-13T08:30:44.723Z,63781.65,27.22,EXTREME_OVERSOLD,FLAT,YES,YES,10s,1.00,0.00,0.50,NEUTRAL,1.00,NORMAL,21.84,TRANSITION,NO,⛔ ADX too high (21.84) - Market trending (TRANSITION); Max ADX for entry: 6
2026-08-13T08:30:54.727Z,63781.66,27.21,EXTREME_OVERSOLD,FLAT,YES,YES,10s,1.00,0.00,0.50,NEUTRAL,1.00,NORMAL,15.92,RANGING,NO,⛔ ADX too high (15.92) - Market trending (RANGING); Max ADX for entry: 6
2026-08-13T08:31:04.727Z,63785.50,33.57,OVERSOLD,RISING,YES,YES,5m,1.00,0.00,0.50,NEUTRAL,1.00,NORMAL,42.67,TRENDING,NO,⛔ ADX too high (42.67) - Market trending (TRENDING); Max ADX for entry: 6
2026-08-13T08:31:14.707Z,63788.89,38.30,OVERSOLD,FLAT,YES,YES,10s,1.00,0.00,0.50,NEUTRAL,1.00,NORMAL,99.14,EXTREME_TREND,NO,⛔ ADX too high (99.14) - Market trending (EXTREME_TREND); Max ADX for entry: 6
2026-08-13T08:31:24.728Z,63793.60,43.88,NEUTRAL,FLAT,YES,YES,30s,1.00,0.00,0.50,NEUTRAL,1.00,NORMAL,97.06,EXTREME_TREND,NO,⛔ ADX too high (97.06) - Market trending (EXTREME_TREND); Max ADX for entry: 6
2026-08-13T08:31:34.727Z,63793.60,43.87,NEUTRAL,FLAT,YES,YES,10s,1.00,0.00,0.50,NEUTRAL,1.00,NORMAL,98.78,EXTREME_TREND,NO,⛔ ADX too high (98.78) - Market trending (EXTREME_TREND); Max ADX for entry: 6
2026-08-13T08:31:44.707Z,63797.40,51.83,NEUTRAL,FLAT,YES,YES,10s,1.00,0.00,0.50,NEUTRAL,1.00,NORMAL,54.46,STRONG_TREND,NO,⛔ ADX too high (54.46) - Market trending (STRONG_TREND); Max ADX for entry: 6
2026-08-13T08:31:54.727Z,63797.40,45.02,NEUTRAL,FLAT,YES,YES,30s,1.00,0.00,0.50,NEUTRAL,1.00,NORMAL,98.75,EXTREME_TREND,NO,⛔ ADX too high (98.75) - Market trending (EXTREME_TREND); Max ADX for entry: 6
2026-08-13T08:32:04.729Z,63797.40,45.02,NEUTRAL,FLAT,YES,YES,30s,1.00,0.00,0.50,NEUTRAL,1.00,NORMAL,54.46,STRONG_TREND,NO,⛔ ADX too high (54.46) - Market trending (STRONG_TREND); Max ADX for entry: 6
2026-08-13T08:32:14.711Z,63797.40,45.03,NEUTRAL,FLAT,YES,YES,30s,1.00,0.00,0.50,NEUTRAL,1.00,NORMAL,53.39,STRONG_TREND,NO,⛔ ADX too high (53.39) - Market trending (STRONG_TREND); Max ADX for entry: 6
2026-08-13T08:32:24.729Z,63797.40,45.04,NEUTRAL,FLAT,YES,YES,1m,1.00,0.00,0.50,NEUTRAL,1.00,NORMAL,29.09,TRENDING,NO,⛔ ADX too high (29.09) - Market trending (TRENDING); Max ADX for entry: 6
2026-08-13T08:32:34.733Z,63797.39,45.01,NEUTRAL,FLAT,YES,YES,10s,1.00,0.00,0.50,NEUTRAL,1.00,NORMAL,6.72,RANGING,NO,⛔ ADX too high (6.72) - Market trending (RANGING); Max ADX for entry: 6
2026-08-13T08:32:44.715Z,63779.99,32.49,OVERSOLD,FALLING,NO,NO,none,0.00,0.00,0.50,NEUTRAL,1.00,NORMAL,21.74,TRANSITION,NO,⛔ ADX too high (21.74) - Market trending (TRANSITION); Max ADX for entry: 6
2026-08-13T08:32:54.730Z,63780.00,34.66,OVERSOLD,FLAT,YES,YES,30s,1.00,0.00,0.50,NEUTRAL,1.00,NORMAL,99.80,EXTREME_TREND,NO,⛔ ADX too high (99.80) - Market trending (EXTREME_TREND); Max ADX for entry: 6
2026-08-13T08:33:04.734Z,63775.00,33.83,OVERSOLD,FLAT,NO,NO,none,0.00,0.00,0.50,NEUTRAL,1.00,NORMAL,99.41,EXTREME_TREND,NO,⛔ ADX too high (99.41) - Market trending (EXTREME_TREND); Max ADX for entry: 6
2026-08-13T08:33:14.715Z,63775.00,33.84,OVERSOLD,FLAT,YES,YES,30s,1.00,0.00,0.50,NEUTRAL,1.00,NORMAL,99.84,EXTREME_TREND,NO,⛔ ADX too high (99.84) - Market trending (EXTREME_TREND); Max ADX for entry: 6
2026-08-13T08:33:24.735Z,63774.99,33.82,OVERSOLD,FLAT,YES,YES,10s,1.00,0.00,0.50,NEUTRAL,1.00,NORMAL,97.94,EXTREME_TREND,NO,⛔ ADX too high (97.94) - Market trending (EXTREME_TREND); Max ADX for entry: 6
2026-08-13T08:33:34.736Z,63775.00,33.83,OVERSOLD,FLAT,YES,YES,1m,1.00,0.00,0.50,NEUTRAL,1.00,NORMAL,63.70,STRONG_TREND,NO,⛔ ADX too high (63.70) - Market trending (STRONG_TREND); Max ADX for entry: 6
2026-08-13T08:33:44.715Z,63774.99,33.82,OVERSOLD,FLAT,YES,YES,10s,1.00,0.00,0.50,NEUTRAL,1.00,NORMAL,13.33,RANGING,NO,⛔ ADX too high (13.33) - Market trending (RANGING); Max ADX for entry: 6
2026-08-13T08:33:54.735Z,63775.00,35.23,OVERSOLD,FLAT,YES,YES,1m,1.00,0.00,0.50,NEUTRAL,1.00,NORMAL,18.32,RANGING,NO,⛔ ADX too high (18.32) - Market trending (RANGING); Max ADX for entry: 6
2026-08-13T08:34:04.735Z,63775.00,35.23,OVERSOLD,FLAT,YES,YES,5m,1.00,0.00,0.50,NEUTRAL,1.00,NORMAL,32.44,TRENDING,NO,⛔ ADX too high (32.44) - Market trending (TRENDING); Max ADX for entry: 6
2026-08-13T09:02:04.787Z,63762.00,55.98,NEUTRAL,FALLING,YES,YES,5m,1.00,0.00,0.50,NEUTRAL,1.00,NORMAL,94.13,EXTREME_TREND,NO,⛔ ADX too high (94.13) - Market trending (EXTREME_TREND); Max ADX for entry: 6
2026-08-13T09:02:14.772Z,63762.00,55.98,NEUTRAL,FLAT,YES,YES,30s,1.00,0.00,0.50,NEUTRAL,1.00,NORMAL,99.39,EXTREME_TREND,NO,⛔ ADX too high (99.39) - Market trending (EXTREME_TREND); Max ADX for entry: 6
2026-08-13T09:02:24.785Z,63752.26,35.35,OVERSOLD,FALLING,YES,YES,10s,1.00,0.00,0.50,NEUTRAL,1.00,NORMAL,98.12,EXTREME_TREND,NO,⛔ ADX too high (98.12) - Market trending (EXTREME_TREND); Max ADX for entry: 6
2026-08-13T09:02:34.790Z,63752.25,35.33,OVERSOLD,FLAT,YES,YES,10s,1.00,0.00,0.50,NEUTRAL,1.00,NORMAL,87.47,EXTREME_TREND,NO,⛔ ADX too high (87.47) - Market trending (EXTREME_TREND); Max ADX for entry: 6
2026-08-13T09:02:44.773Z,63747.41,29.87,EXTREME_OVERSOLD,FALLING,NO,NO,none,0.00,0.00,0.50,NEUTRAL,1.00,NORMAL,87.47,EXTREME_TREND,NO,⛔ ADX too high (87.47) - Market trending (EXTREME_TREND); Max ADX for entry: 6
2026-08-13T09:02:54.771Z,63747.41,29.89,EXTREME_OVERSOLD,FLAT,YES,YES,10s,1.00,0.00,0.50,NEUTRAL,1.00,NORMAL,99.30,EXTREME_TREND,NO,⛔ ADX too high (99.30) - Market trending (EXTREME_TREND); Max ADX for entry: 6
2026-08-13T09:03:04.790Z,63747.41,29.89,EXTREME_OVERSOLD,FLAT,YES,YES,30s,1.00,0.00,0.50,NEUTRAL,1.00,NORMAL,97.71,EXTREME_TREND,NO,⛔ ADX too high (97.71) - Market trending (EXTREME_TREND); Max ADX for entry: 6
2026-08-13T09:03:14.774Z,63736.70,22.27,EXTREME_OVERSOLD,FALLING,NO,NO,none,0.00,0.00,0.50,NEUTRAL,1.00,NORMAL,56.18,STRONG_TREND,NO,⛔ ADX too high (56.18) - Market trending (STRONG_TREND); Max ADX for entry: 6
2026-08-13T09:03:24.772Z,63733.59,20.76,EXTREME_OVERSOLD,FALLING,NO,NO,none,0.00,0.00,0.50,NEUTRAL,1.00,NORMAL,99.65,EXTREME_TREND,NO,⛔ ADX too high (99.65) - Market trending (EXTREME_TREND); Max ADX for entry: 6
2026-08-13T09:03:34.788Z,63733.59,20.80,EXTREME_OVERSOLD,FLAT,YES,YES,30s,1.00,0.00,0.50,NEUTRAL,1.00,NORMAL,99.60,EXTREME_TREND,NO,⛔ ADX too high (99.60) - Market trending (EXTREME_TREND); Max ADX for entry: 6
2026-08-13T09:03:44.776Z,63733.58,20.80,EXTREME_OVERSOLD,FLAT,YES,YES,30s,1.00,0.00,0.50,NEUTRAL,1.00,NORMAL,97.93,EXTREME_TREND,NO,⛔ ADX too high (97.93) - Market trending (EXTREME_TREND); Max ADX for entry: 6
2026-08-13T09:03:54.773Z,63734.86,22.97,EXTREME_OVERSOLD,RISING,YES,YES,10s,1.00,0.00,0.50,NEUTRAL,1.00,NORMAL,7.56,RANGING,NO,⛔ ADX too high (7.56) - Market trending (RANGING); Max ADX for entry: 6
2026-08-13T09:04:04.791Z,63733.59,22.36,EXTREME_OVERSOLD,FLAT,YES,YES,30s,1.00,0.00,0.50,NEUTRAL,1.00,NORMAL,84.57,EXTREME_TREND,NO,⛔ ADX too high (84.57) - Market trending (EXTREME_TREND); Max ADX for entry: 6
2026-08-13T09:04:14.778Z,63718.49,17.00,EXTREME_OVERSOLD,FALLING,NO,NO,none,0.00,0.00,0.50,NEUTRAL,1.00,NORMAL,98.44,EXTREME_TREND,NO,⛔ ADX too high (98.44) - Market trending (EXTREME_TREND); Max ADX for entry: 6
2026-08-13T09:04:24.773Z,63718.49,16.99,EXTREME_OVERSOLD,FLAT,YES,YES,30s,1.00,0.00,0.50,NEUTRAL,1.00,NORMAL,99.73,EXTREME_TREND,NO,⛔ ADX too high (99.73) - Market trending (EXTREME_TREND); Max ADX for entry: 6
2026-08-13T09:04:34.791Z,63724.87,24.62,EXTREME_OVERSOLD,FLAT,YES,YES,30s,1.00,0.00,0.50,NEUTRAL,1.00,NORMAL,75.41,EXTREME_TREND,NO,⛔ ADX too high (75.41) - Market trending (EXTREME_TREND); Max ADX for entry: 6
2026-08-13T09:04:44.778Z,63724.87,24.62,EXTREME_OVERSOLD,FLAT,YES,YES,30s,1.00,0.00,0.50,NEUTRAL,1.00,NORMAL,99.26,EXTREME_TREND,NO,⛔ ADX too high (99.26) - Market trending (EXTREME_TREND); Max ADX for entry: 6
2026-08-13T09:04:54.777Z,63724.88,16.44,EXTREME_OVERSOLD,FALLING,YES,YES,1m,1.00,0.00,0.50,NEUTRAL,1.00,NORMAL,7.63,RANGING,NO,⛔ ADX too high (7.63) - Market trending (RANGING); Max ADX for entry: 6
2026-08-13T09:05:04.792Z,63724.88,13.73,EXTREME_OVERSOLD,FALLING,YES,YES,1m,1.00,0.00,0.50,NEUTRAL,1.00,NORMAL,61.25,STRONG_TREND,NO,⛔ ADX too high (61.25) - Market trending (STRONG_TREND); Max ADX for entry: 6
2026-08-13T09:05:14.780Z,63724.88,13.71,EXTREME_OVERSOLD,FLAT,YES,YES,1m,1.00,0.00,0.50,NEUTRAL,1.00,NORMAL,65.37,STRONG_TREND,NO,⛔ ADX too high (65.37) - Market trending (STRONG_TREND); Max ADX for entry: 6
2026-08-13T09:05:24.775Z,63724.87,13.68,EXTREME_OVERSOLD,FLAT,YES,YES,5m,1.00,0.00,0.50,NEUTRAL,1.00,NORMAL,83.64,EXTREME_TREND,NO,⛔ ADX too high (83.64) - Market trending (EXTREME_TREND); Max ADX for entry: 6
2026-08-13T09:05:34.795Z,63718.50,12.36,EXTREME_OVERSOLD,FALLING,NO,NO,none,0.00,0.00,0.50,NEUTRAL,1.00,NORMAL,21.36,TRANSITION,NO,⛔ ADX too high (21.36) - Market trending (TRANSITION); Max ADX for entry: 6
2026-08-13T09:05:44.778Z,63718.00,12.25,EXTREME_OVERSOLD,FLAT,YES,YES,30s,1.00,0.00,0.50,NEUTRAL,1.00,NORMAL,99.80,EXTREME_TREND,NO,⛔ ADX too high (99.80) - Market trending (EXTREME_TREND); Max ADX for entry: 6
2026-08-13T09:05:54.794Z,63712.00,11.26,EXTREME_OVERSOLD,FLAT,YES,YES,10s,1.00,0.00,0.50,NEUTRAL,1.00,NORMAL,99.96,EXTREME_TREND,NO,⛔ ADX too high (99.96) - Market trending (EXTREME_TREND); Max ADX for entry: 6
2026-08-13T09:06:04.797Z,63710.71,11.06,EXTREME_OVERSOLD,FLAT,YES,YES,30s,1.00,0.00,0.50,NEUTRAL,1.00,NORMAL,99.63,EXTREME_TREND,NO,⛔ ADX too high (99.63) - Market trending (EXTREME_TREND); Max ADX for entry: 6
2026-08-13T09:06:14.780Z,63710.71,11.05,EXTREME_OVERSOLD,FLAT,YES,YES,30s,1.00,0.00,0.50,NEUTRAL,1.00,NORMAL,100.00,EXTREME_TREND,NO,⛔ ADX too high (100.00) - Market trending (EXTREME_TREND); Max ADX for entry: 6
2026-08-13T09:06:24.778Z,63710.01,10.95,EXTREME_OVERSOLD,FLAT,YES,YES,10s,1.00,0.00,0.50,NEUTRAL,1.00,NORMAL,14.01,RANGING,NO,⛔ ADX too high (14.01) - Market trending (RANGING); Max ADX for entry: 6
2026-08-13T09:06:34.797Z,63710.00,10.94,EXTREME_OVERSOLD,FLAT,YES,YES,10s,1.00,0.00,0.50,NEUTRAL,1.00,NORMAL,92.42,EXTREME_TREND,NO,⛔ ADX too high (92.42) - Market trending (EXTREME_TREND); Max ADX for entry: 6
2026-08-13T09:06:44.782Z,63709.95,10.93,EXTREME_OVERSOLD,FLAT,YES,YES,10s,1.00,0.00,0.50,NEUTRAL,1.00,NORMAL,56.35,STRONG_TREND,NO,⛔ ADX too high (56.35) - Market trending (STRONG_TREND); Max ADX for entry: 6
2026-08-13T09:06:54.780Z,63709.96,11.24,EXTREME_OVERSOLD,FLAT,YES,YES,10s,1.00,0.00,0.50,NEUTRAL,1.00,NORMAL,71.07,STRONG_TREND,NO,⛔ ADX too high (71.07) - Market trending (STRONG_TREND); Max ADX for entry: 6
2026-08-13T09:07:04.801Z,63708.03,11.69,EXTREME_OVERSOLD,FLAT,YES,YES,10s,1.00,0.00,0.50,NEUTRAL,1.00,NORMAL,18.80,RANGING,NO,⛔ ADX too high (18.80) - Market trending (RANGING); Max ADX for entry: 6
2026-08-13T09:07:14.782Z,63708.03,11.67,EXTREME_OVERSOLD,FLAT,YES,YES,30s,1.00,0.00,0.50,NEUTRAL,1.00,NORMAL,97.71,EXTREME_TREND,NO,⛔ ADX too high (97.71) - Market trending (EXTREME_TREND); Max ADX for entry: 6
2026-08-13T09:07:24.782Z,63708.04,13.54,EXTREME_OVERSOLD,FLAT,YES,YES,30s,1.00,0.00,0.50,NEUTRAL,1.00,NORMAL,83.80,EXTREME_TREND,NO,⛔ ADX too high (83.80) - Market trending (EXTREME_TREND); Max ADX for entry: 6
2026-08-13T09:07:34.799Z,63700.01,11.96,EXTREME_OVERSOLD,FLAT,YES,YES,10s,1.00,0.00,0.50,NEUTRAL,1.00,NORMAL,8.97,RANGING,NO,⛔ ADX too high (8.97) - Market trending (RANGING); Max ADX for entry: 6
2026-08-13T09:07:44.782Z,63700.01,12.83,EXTREME_OVERSOLD,FLAT,YES,YES,30s,1.00,0.00,0.50,NEUTRAL,1.00,NORMAL,98.99,EXTREME_TREND,NO,⛔ ADX too high (98.99) - Market trending (EXTREME_TREND); Max ADX for entry: 6
2026-08-13T09:07:54.780Z,63700.01,12.83,EXTREME_OVERSOLD,FLAT,YES,YES,30s,1.00,0.00,0.50,NEUTRAL,1.00,NORMAL,33.46,TRENDING,NO,⛔ ADX too high (33.46) - Market trending (TRENDING); Max ADX for entry: 6
2026-08-13T09:54:44.881Z,63764.82,87.28,EXTREME_OVERBOUGHT,FLAT,YES,YES,30s,1.00,0.00,0.50,NEUTRAL,1.00,NORMAL,99.22,EXTREME_TREND,NO,⛔ ADX too high (99.22) - Market trending (EXTREME_TREND); Max ADX for entry: 6
2026-08-13T09:54:54.909Z,63764.81,87.28,EXTREME_OVERBOUGHT,FLAT,YES,YES,10s,1.00,0.00,0.50,NEUTRAL,1.00,NORMAL,61.22,STRONG_TREND,NO,⛔ ADX too high (61.22) - Market trending (STRONG_TREND); Max ADX for entry: 6
2026-08-13T10:04:54.923Z,63681.73,33.45,OVERSOLD,FALLING,NO,NO,none,0.00,0.00,0.50,NEUTRAL,1.00,NORMAL,99.94,EXTREME_TREND,NO,⛔ ADX too high (99.94) - Market trending (EXTREME_TREND); Max ADX for entry: 6
2026-08-13T10:05:04.922Z,63693.56,27.85,EXTREME_OVERSOLD,FALLING,YES,YES,10s,1.00,0.00,0.50,NEUTRAL,1.00,NORMAL,44.09,TRENDING,NO,⛔ ADX too high (44.09) - Market trending (TRENDING); Max ADX for entry: 6
2026-08-13T10:05:14.924Z,63637.39,24.39,EXTREME_OVERSOLD,FALLING,NO,NO,none,0.00,0.00,0.50,NEUTRAL,1.00,NORMAL,34.28,TRENDING,NO,⛔ ADX too high (34.28) - Market trending (TRENDING); Max ADX for entry: 6
2026-08-13T10:05:24.903Z,63657.24,29.14,EXTREME_OVERSOLD,RISING,YES,YES,30s,1.00,0.00,0.50,NEUTRAL,1.00,NORMAL,93.22,EXTREME_TREND,NO,⛔ ADX too high (93.22) - Market trending (EXTREME_TREND); Max ADX for entry: 6
2026-08-13T10:05:34.910Z,63673.99,33.68,OVERSOLD,RISING,YES,YES,30s,1.00,0.00,0.50,NEUTRAL,1.00,NORMAL,6.59,RANGING,NO,⛔ ADX too high (6.59) - Market trending (RANGING); Max ADX for entry: 6
2026-08-13T10:05:44.925Z,63673.99,34.92,OVERSOLD,FLAT,YES,YES,30s,1.00,0.00,0.50,NEUTRAL,1.00,NORMAL,99.89,EXTREME_TREND,NO,⛔ ADX too high (99.89) - Market trending (EXTREME_TREND); Max ADX for entry: 6
2026-08-13T10:05:54.923Z,63686.30,36.52,OVERSOLD,RISING,YES,YES,5m,1.00,0.00,0.50,NEUTRAL,1.00,NORMAL,99.66,EXTREME_TREND,NO,⛔ ADX too high (99.66) - Market trending (EXTREME_TREND); Max ADX for entry: 6
2026-08-13T10:06:04.925Z,63696.00,37.51,OVERSOLD,RISING,YES,YES,5m,1.00,0.00,0.50,NEUTRAL,1.00,NORMAL,99.82,EXTREME_TREND,NO,⛔ ADX too high (99.82) - Market trending (EXTREME_TREND); Max ADX for entry: 6
2026-08-13T10:06:14.924Z,63718.88,42.69,NEUTRAL,RISING,YES,YES,5m,1.00,0.00,0.50,NEUTRAL,1.00,NORMAL,100.00,EXTREME_TREND,NO,⛔ ADX too high (100.00) - Market trending (EXTREME_TREND); Max ADX for entry: 6
2026-08-13T10:06:24.913Z,63729.77,44.78,NEUTRAL,FLAT,YES,YES,10s,1.00,0.00,0.50,NEUTRAL,1.00,NORMAL,100.00,EXTREME_TREND,NO,⛔ ADX too high (100.00) - Market trending (EXTREME_TREND); Max ADX for entry: 6
2026-08-13T10:06:34.932Z,63730.00,45.70,NEUTRAL,FLAT,YES,YES,30s,1.00,0.00,0.50,NEUTRAL,1.00,NORMAL,100.00,EXTREME_TREND,NO,⛔ ADX too high (100.00) - Market trending (EXTREME_TREND); Max ADX for entry: 6
2026-08-13T10:06:44.926Z,63729.99,46.00,NEUTRAL,FLAT,YES,YES,10s,1.00,0.00,0.50,NEUTRAL,1.00,NORMAL,94.36,EXTREME_TREND,NO,⛔ ADX too high (94.36) - Market trending (EXTREME_TREND); Max ADX for entry: 6
2026-08-13T10:06:54.927Z,63730.00,46.11,NEUTRAL,FLAT,YES,YES,10s,1.00,0.00,0.50,NEUTRAL,1.00,NORMAL,86.30,EXTREME_TREND,NO,⛔ ADX too high (86.30) - Market trending (EXTREME_TREND); Max ADX for entry: 6
2026-08-13T10:07:04.927Z,63740.00,47.83,NEUTRAL,RISING,YES,YES,5m,1.00,0.00,0.50,NEUTRAL,1.00,NORMAL,22.64,TRANSITION,NO,⛔ ADX too high (22.64) - Market trending (TRANSITION); Max ADX for entry: 6
2026-08-13T10:07:14.926Z,63729.76,46.53,NEUTRAL,FLAT,YES,YES,1m,1.00,0.00,0.50,NEUTRAL,1.00,NORMAL,98.21,EXTREME_TREND,NO,⛔ ADX too high (98.21) - Market trending (EXTREME_TREND); Max ADX for entry: 6
2026-08-13T10:07:24.925Z,63729.77,53.27,NEUTRAL,FLAT,YES,YES,30s,1.00,0.00,0.50,NEUTRAL,1.00,NORMAL,42.20,TRENDING,NO,⛔ ADX too high (42.20) - Market trending (TRENDING); Max ADX for entry: 6
2026-08-13T10:07:34.926Z,63729.76,52.92,NEUTRAL,FLAT,YES,YES,30s,1.00,0.00,0.50,NEUTRAL,1.00,NORMAL,98.99,EXTREME_TREND,NO,⛔ ADX too high (98.99) - Market trending (EXTREME_TREND); Max ADX for entry: 6
2026-08-13T10:07:44.917Z,63729.77,54.27,NEUTRAL,FLAT,YES,YES,1m,1.00,0.00,0.50,NEUTRAL,1.00,NORMAL,61.51,STRONG_TREND,NO,⛔ ADX too high (61.51) - Market trending (STRONG_TREND); Max ADX for entry: 6
2026-08-13T10:07:54.927Z,63720.05,51.15,NEUTRAL,FLAT,YES,YES,10s,1.00,0.00,0.50,NEUTRAL,1.00,NORMAL,6.72,RANGING,NO,⛔ ADX too high (6.72) - Market trending (RANGING); Max ADX for entry: 6
2026-08-13T10:08:04.925Z,63708.00,52.05,NEUTRAL,RISING,YES,YES,10s,1.00,0.00,0.50,NEUTRAL,1.00,NORMAL,100.00,EXTREME_TREND,NO,⛔ ADX too high (100.00) - Market trending (EXTREME_TREND); Max ADX for entry: 6
2026-08-13T10:08:14.935Z,63706.90,52.21,NEUTRAL,FLAT,YES,YES,10s,1.00,0.00,0.50,NEUTRAL,1.00,NORMAL,99.87,EXTREME_TREND,NO,⛔ ADX too high (99.87) - Market trending (EXTREME_TREND); Max ADX for entry: 6
2026-08-13T10:08:24.927Z,63706.90,52.21,NEUTRAL,FLAT,YES,YES,10s,1.00,0.00,0.50,NEUTRAL,1.00,NORMAL,99.74,EXTREME_TREND,NO,⛔ ADX too high (99.74) - Market trending (EXTREME_TREND); Max ADX for entry: 6
2026-08-13T10:08:34.915Z,63636.00,43.22,NEUTRAL,FALLING,NO,NO,none,0.00,0.00,0.50,NEUTRAL,1.00,NORMAL,7.50,RANGING,NO,⛔ ADX too high (7.50) - Market trending (RANGING); Max ADX for entry: 6
2026-08-13T10:08:44.929Z,63636.01,43.06,NEUTRAL,FLAT,YES,YES,30s,1.00,0.00,0.50,NEUTRAL,1.00,NORMAL,99.98,EXTREME_TREND,NO,⛔ ADX too high (99.98) - Market trending (EXTREME_TREND); Max ADX for entry: 6
2026-08-13T10:08:54.916Z,63636.01,43.06,NEUTRAL,FLAT,YES,YES,10s,1.00,0.00,0.50,NEUTRAL,1.00,NORMAL,98.89,EXTREME_TREND,NO,⛔ ADX too high (98.89) - Market trending (EXTREME_TREND); Max ADX for entry: 6
2026-08-13T11:42:05.076Z,63452.29,61.28,OVERBOUGHT,FALLING,YES,YES,30s,1.00,0.00,0.50,NEUTRAL,1.00,NORMAL,98.23,EXTREME_TREND,NO,⛔ ADX too high (98.23) - Market trending (EXTREME_TREND); Max ADX for entry: 6
2026-08-13T11:42:15.085Z,63449.36,59.38,NEUTRAL,FLAT,YES,YES,10s,1.00,0.00,0.50,NEUTRAL,1.00,NORMAL,98.21,EXTREME_TREND,NO,⛔ ADX too high (98.21) - Market trending (EXTREME_TREND); Max ADX for entry: 6
2026-08-13T11:42:25.087Z,63432.08,51.13,NEUTRAL,FLAT,YES,YES,10s,1.00,0.00,0.50,NEUTRAL,1.00,NORMAL,99.73,EXTREME_TREND,NO,⛔ ADX too high (99.73) - Market trending (EXTREME_TREND); Max ADX for entry: 6
2026-08-13T11:42:35.083Z,63430.21,48.55,NEUTRAL,FLAT,YES,YES,30s,0.96,0.00,0.50,NEUTRAL,1.00,NORMAL,99.53,EXTREME_TREND,NO,⛔ ADX too high (99.53) - Market trending (EXTREME_TREND); Max ADX for entry: 6
2026-08-13T11:42:45.086Z,63430.12,48.53,NEUTRAL,FLAT,YES,YES,30s,1.00,0.00,0.50,NEUTRAL,1.00,NORMAL,99.59,EXTREME_TREND,NO,⛔ ADX too high (99.59) - Market trending (EXTREME_TREND); Max ADX for entry: 6
2026-08-13T11:42:55.073Z,63426.00,44.31,NEUTRAL,FALLING,YES,YES,1m,0.79,0.00,0.50,NEUTRAL,1.00,NORMAL,99.13,EXTREME_TREND,NO,⛔ ADX too high (99.13) - Market trending (EXTREME_TREND); Max ADX for entry: 6
2026-08-13T11:43:05.085Z,63418.59,42.09,NEUTRAL,FALLING,NO,NO,none,0.00,0.00,0.50,NEUTRAL,1.00,NORMAL,99.23,EXTREME_TREND,NO,⛔ ADX too high (99.23) - Market trending (EXTREME_TREND); Max ADX for entry: 6
2026-08-13T11:43:15.083Z,63418.59,37.00,OVERSOLD,FALLING,YES,YES,10s,1.00,0.00,0.50,NEUTRAL,1.00,NORMAL,99.90,EXTREME_TREND,NO,⛔ ADX too high (99.90) - Market trending (EXTREME_TREND); Max ADX for entry: 6
2026-08-13T11:43:25.076Z,63423.26,39.08,OVERSOLD,RISING,YES,YES,30s,1.00,0.00,0.50,NEUTRAL,1.00,NORMAL,97.24,EXTREME_TREND,NO,⛔ ADX too high (97.24) - Market trending (EXTREME_TREND); Max ADX for entry: 6
2026-08-13T11:43:35.089Z,63439.45,45.37,NEUTRAL,FLAT,YES,YES,10s,1.00,0.00,0.50,NEUTRAL,1.00,NORMAL,99.91,EXTREME_TREND,NO,⛔ ADX too high (99.91) - Market trending (EXTREME_TREND); Max ADX for entry: 6
2026-08-13T11:43:45.091Z,63439.45,45.38,NEUTRAL,FLAT,YES,YES,30s,1.00,0.00,0.50,NEUTRAL,1.00,NORMAL,98.97,EXTREME_TREND,NO,⛔ ADX too high (98.97) - Market trending (EXTREME_TREND); Max ADX for entry: 6
2026-08-13T11:43:55.092Z,63439.44,45.37,NEUTRAL,FLAT,YES,YES,30s,1.00,0.00,0.50,NEUTRAL,1.00,NORMAL,13.57,RANGING,NO,⛔ ADX too high (13.57) - Market trending (RANGING); Max ADX for entry: 6
2026-08-13T11:44:05.082Z,63429.37,42.64,NEUTRAL,FLAT,YES,YES,1m,1.00,0.00,0.50,NEUTRAL,1.00,NORMAL,99.33,EXTREME_TREND,NO,⛔ ADX too high (99.33) - Market trending (EXTREME_TREND); Max ADX for entry: 6
2026-08-13T11:44:15.090Z,63429.38,42.64,NEUTRAL,FLAT,YES,YES,30s,1.00,0.00,0.50,NEUTRAL,1.00,NORMAL,99.61,EXTREME_TREND,NO,⛔ ADX too high (99.61) - Market trending (EXTREME_TREND); Max ADX for entry: 6
2026-08-13T11:44:25.091Z,63439.45,44.50,NEUTRAL,FLAT,YES,YES,10s,1.00,0.00,0.50,NEUTRAL,1.00,NORMAL,99.29,EXTREME_TREND,NO,⛔ ADX too high (99.29) - Market trending (EXTREME_TREND); Max ADX for entry: 6
2026-08-13T11:44:35.093Z,63445.99,39.68,OVERSOLD,FALLING,YES,YES,5m,1.00,0.00,0.50,NEUTRAL,1.00,NORMAL,99.46,EXTREME_TREND,NO,⛔ ADX too high (99.46) - Market trending (EXTREME_TREND); Max ADX for entry: 6
2026-08-13T11:44:45.093Z,63450.00,42.15,NEUTRAL,RISING,YES,YES,5m,1.00,0.00,0.50,NEUTRAL,1.00,NORMAL,100.00,EXTREME_TREND,NO,⛔ ADX too high (100.00) - Market trending (EXTREME_TREND); Max ADX for entry: 6
2026-08-13T11:44:55.082Z,63449.99,44.03,NEUTRAL,RISING,YES,YES,30s,1.00,0.00,0.50,NEUTRAL,1.00,NORMAL,99.38,EXTREME_TREND,NO,⛔ ADX too high (99.38) - Market trending (EXTREME_TREND); Max ADX for entry: 6
2026-08-13T11:45:05.093Z,63465.65,47.54,NEUTRAL,FALLING,YES,YES,30s,1.00,0.00,0.50,NEUTRAL,1.00,NORMAL,98.35,EXTREME_TREND,NO,⛔ ADX too high (98.35) - Market trending (EXTREME_TREND); Max ADX for entry: 6
2026-08-13T11:45:15.083Z,63464.01,50.22,NEUTRAL,RISING,YES,YES,30s,1.00,0.00,0.50,NEUTRAL,1.00,NORMAL,26.68,TRENDING,NO,⛔ ADX too high (26.68) - Market trending (TRENDING); Max ADX for entry: 6
2026-08-13T11:45:25.095Z,63468.18,50.73,NEUTRAL,RISING,YES,YES,1h,1.00,0.00,0.50,NEUTRAL,1.00,NORMAL,24.45,TRANSITION,NO,⛔ ADX too high (24.45) - Market trending (TRANSITION); Max ADX for entry: 6
2026-08-13T11:45:35.097Z,63468.19,50.73,NEUTRAL,FLAT,YES,YES,10s,1.00,0.00,0.50,NEUTRAL,1.00,NORMAL,99.84,EXTREME_TREND,NO,⛔ ADX too high (99.84) - Market trending (EXTREME_TREND); Max ADX for entry: 6
2026-08-13T11:45:45.084Z,63471.55,54.31,NEUTRAL,RISING,YES,YES,1h,1.00,0.00,0.50,NEUTRAL,1.00,NORMAL,99.53,EXTREME_TREND,NO,⛔ ADX too high (99.53) - Market trending (EXTREME_TREND); Max ADX for entry: 6
2026-08-13T11:45:55.083Z,63471.55,54.31,NEUTRAL,FLAT,YES,YES,30s,1.00,0.00,0.50,NEUTRAL,1.00,NORMAL,97.01,EXTREME_TREND,NO,⛔ ADX too high (97.01) - Market trending (EXTREME_TREND); Max ADX for entry: 6
2026-08-13T11:46:05.084Z,63476.14,56.44,NEUTRAL,FLAT,YES,YES,10s,1.00,0.00,0.50,NEUTRAL,1.00,NORMAL,99.10,EXTREME_TREND,NO,⛔ ADX too high (99.10) - Market trending (EXTREME_TREND); Max ADX for entry: 6
2026-08-13T11:46:15.100Z,63476.14,56.44,NEUTRAL,FLAT,YES,YES,30s,1.00,0.00,0.50,NEUTRAL,1.00,NORMAL,56.09,STRONG_TREND,NO,⛔ ADX too high (56.09) - Market trending (STRONG_TREND); Max ADX for entry: 6
2026-08-13T11:46:25.101Z,63476.14,56.85,NEUTRAL,FLAT,YES,YES,30s,1.00,0.00,0.50,NEUTRAL,1.00,NORMAL,58.63,STRONG_TREND,NO,⛔ ADX too high (58.63) - Market trending (STRONG_TREND); Max ADX for entry: 6
2026-08-13T11:46:35.097Z,63476.13,61.37,OVERBOUGHT,RISING,YES,YES,10s,1.00,0.00,0.50,NEUTRAL,1.00,NORMAL,60.64,STRONG_TREND,NO,⛔ ADX too high (60.64) - Market trending (STRONG_TREND); Max ADX for entry: 6
2026-08-13T11:46:45.096Z,63476.14,62.91,OVERBOUGHT,FLAT,YES,YES,1m,1.00,0.00,0.50,NEUTRAL,1.00,NORMAL,61.16,STRONG_TREND,NO,⛔ ADX too high (61.16) - Market trending (STRONG_TREND); Max ADX for entry: 6
2026-08-13T11:46:55.098Z,63496.36,65.45,OVERBOUGHT,RISING,YES,YES,1h,1.00,0.00,0.50,NEUTRAL,1.00,NORMAL,99.93,EXTREME_TREND,NO,⛔ ADX too high (99.93) - Market trending (EXTREME_TREND); Max ADX for entry: 6
2026-08-13T11:47:05.089Z,63501.11,66.87,OVERBOUGHT,FLAT,YES,YES,30s,1.00,0.00,0.50,NEUTRAL,1.00,NORMAL,96.86,EXTREME_TREND,NO,⛔ ADX too high (96.86) - Market trending (EXTREME_TREND); Max ADX for entry: 6
2026-08-13T11:47:15.103Z,63502.39,67.87,OVERBOUGHT,FLAT,YES,YES,30s,1.00,0.00,0.50,NEUTRAL,1.00,NORMAL,92.64,EXTREME_TREND,NO,⛔ ADX too high (92.64) - Market trending (EXTREME_TREND); Max ADX for entry: 6
2026-08-13T11:47:25.091Z,63502.40,76.83,EXTREME_OVERBOUGHT,FLAT,YES,YES,30s,1.00,0.00,0.50,NEUTRAL,1.00,NORMAL,78.20,EXTREME_TREND,NO,⛔ ADX too high (78.20) - Market trending (EXTREME_TREND); Max ADX for entry: 6
2026-08-13T11:47:35.106Z,63502.39,77.93,EXTREME_OVERBOUGHT,FLAT,YES,YES,30s,1.00,0.00,0.50,NEUTRAL,1.00,NORMAL,17.01,RANGING,NO,⛔ ADX too high (17.01) - Market trending (RANGING); Max ADX for entry: 6
2026-08-13T14:57:55.433Z,63880.28,42.29,NEUTRAL,RISING,YES,YES,30s,1.00,0.00,0.50,NEUTRAL,1.00,NORMAL,22.79,TRANSITION,NO,⛔ ADX too high (22.79) - Market trending (TRANSITION); Max ADX for entry: 6
2026-08-13T14:58:05.443Z,63880.27,42.89,NEUTRAL,FLAT,YES,YES,1m,1.00,0.00,0.50,NEUTRAL,1.00,NORMAL,72.51,STRONG_TREND,NO,⛔ ADX too high (72.51) - Market trending (STRONG_TREND); Max ADX for entry: 6
2026-08-13T14:58:15.432Z,63874.79,42.25,NEUTRAL,FLAT,YES,YES,1h,1.00,0.00,0.50,NEUTRAL,1.00,NORMAL,99.16,EXTREME_TREND,NO,⛔ ADX too high (99.16) - Market trending (EXTREME_TREND); Max ADX for entry: 6
2026-08-13T14:58:25.445Z,63866.83,39.08,OVERSOLD,FLAT,YES,YES,10s,1.00,0.00,0.50,NEUTRAL,1.00,NORMAL,98.14,EXTREME_TREND,NO,⛔ ADX too high (98.14) - Market trending (EXTREME_TREND); Max ADX for entry: 6
2026-08-13T14:58:35.442Z,63859.06,37.52,OVERSOLD,RISING,YES,YES,10s,1.00,0.00,0.50,NEUTRAL,1.00,NORMAL,28.16,TRENDING,NO,⛔ ADX too high (28.16) - Market trending (TRENDING); Max ADX for entry: 6
2026-08-13T14:58:45.434Z,63883.82,46.48,NEUTRAL,RISING,YES,YES,10s,1.00,0.00,0.50,NEUTRAL,1.00,NORMAL,99.90,EXTREME_TREND,NO,⛔ ADX too high (99.90) - Market trending (EXTREME_TREND); Max ADX for entry: 6
2026-08-13T14:58:55.432Z,63883.82,46.01,NEUTRAL,FLAT,YES,YES,30s,1.00,0.00,0.50,NEUTRAL,1.00,NORMAL,99.69,EXTREME_TREND,NO,⛔ ADX too high (99.69) - Market trending (EXTREME_TREND); Max ADX for entry: 6
2026-08-13T14:59:05.430Z,63880.01,45.25,NEUTRAL,FLAT,YES,YES,10s,1.00,0.00,0.50,NEUTRAL,1.00,NORMAL,95.60,EXTREME_TREND,NO,⛔ ADX too high (95.60) - Market trending (EXTREME_TREND); Max ADX for entry: 6
2026-08-13T14:59:15.445Z,63879.12,46.19,NEUTRAL,RISING,YES,YES,30s,1.00,0.00,0.50,NEUTRAL,1.00,NORMAL,94.80,EXTREME_TREND,NO,⛔ ADX too high (94.80) - Market trending (EXTREME_TREND); Max ADX for entry: 6
2026-08-13T14:59:25.434Z,63881.42,47.04,NEUTRAL,FLAT,YES,YES,10s,1.00,0.00,0.50,NEUTRAL,1.00,NORMAL,96.74,EXTREME_TREND,NO,⛔ ADX too high (96.74) - Market trending (EXTREME_TREND); Max ADX for entry: 6
2026-08-13T14:59:35.435Z,63881.43,45.97,NEUTRAL,FLAT,YES,YES,10s,1.00,0.75,0.50,NEUTRAL,1.00,NORMAL,5.90,RANGING,NO,RSI neutral (46.0)
2026-08-13T14:59:45.452Z,63879.30,43.80,NEUTRAL,FALLING,YES,YES,30s,1.00,0.00,0.50,NEUTRAL,1.00,NORMAL,96.64,EXTREME_TREND,NO,⛔ ADX too high (96.64) - Market trending (EXTREME_TREND); Max ADX for entry: 6
2026-08-13T14:59:55.439Z,63870.59,41.25,NEUTRAL,FLAT,YES,YES,10s,1.00,0.00,0.50,NEUTRAL,1.00,NORMAL,99.45,EXTREME_TREND,NO,⛔ ADX too high (99.45) - Market trending (EXTREME_TREND); Max ADX for entry: 6
2026-08-13T15:00:05.441Z,63884.00,43.13,NEUTRAL,RISING,YES,YES,5m,1.00,0.00,0.50,NEUTRAL,1.00,NORMAL,16.94,RANGING,NO,⛔ ADX too high (16.94) - Market trending (RANGING); Max ADX for entry: 6
2026-08-13T15:00:15.449Z,63874.60,42.23,NEUTRAL,RISING,YES,YES,10s,1.00,0.00,0.50,NEUTRAL,1.00,NORMAL,72.34,STRONG_TREND,NO,⛔ ADX too high (72.34) - Market trending (STRONG_TREND); Max ADX for entry: 6
2026-08-13T15:00:25.443Z,63888.54,46.42,NEUTRAL,RISING,YES,YES,5m,1.00,0.00,0.50,NEUTRAL,1.00,NORMAL,99.75,EXTREME_TREND,NO,⛔ ADX too high (99.75) - Market trending (EXTREME_TREND); Max ADX for entry: 6
2026-08-13T15:00:35.437Z,63892.00,48.20,NEUTRAL,RISING,YES,YES,5m,1.00,0.00,0.50,NEUTRAL,1.00,NORMAL,99.98,EXTREME_TREND,NO,⛔ ADX too high (99.98) - Market trending (EXTREME_TREND); Max ADX for entry: 6
2026-08-13T15:00:45.448Z,63894.00,50.53,NEUTRAL,RISING,YES,YES,10s,1.00,0.00,0.50,NEUTRAL,1.00,NORMAL,100.00,EXTREME_TREND,NO,⛔ ADX too high (100.00) - Market trending (EXTREME_TREND); Max ADX for entry: 6
2026-08-13T15:00:55.439Z,63899.99,52.51,NEUTRAL,RISING,YES,YES,15m,1.00,0.00,0.50,NEUTRAL,1.00,NORMAL,60.34,STRONG_TREND,NO,⛔ ADX too high (60.34) - Market trending (STRONG_TREND); Max ADX for entry: 6
2026-08-13T15:01:05.439Z,63922.32,57.30,NEUTRAL,RISING,YES,YES,15m,1.00,0.00,0.50,NEUTRAL,1.00,NORMAL,99.97,EXTREME_TREND,NO,⛔ ADX too high (99.97) - Market trending (EXTREME_TREND); Max ADX for entry: 6
2026-08-13T15:01:15.449Z,63922.31,58.35,NEUTRAL,FLAT,YES,YES,30s,1.00,0.00,0.50,NEUTRAL,1.00,NORMAL,99.75,EXTREME_TREND,NO,⛔ ADX too high (99.75) - Market trending (EXTREME_TREND); Max ADX for entry: 6
2026-08-13T15:57:55.601Z,63522.01,34.10,OVERSOLD,FALLING,NO,NO,none,0.00,0.00,0.50,NEUTRAL,1.00,NORMAL,80.19,EXTREME_TREND,NO,⛔ ADX too high (80.19) - Market trending (EXTREME_TREND); Max ADX for entry: 6
2026-08-13T15:58:05.697Z,63504.00,33.70,OVERSOLD,FLAT,NO,NO,none,0.00,0.00,0.50,NEUTRAL,1.00,NORMAL,99.99,EXTREME_TREND,NO,⛔ ADX too high (99.99) - Market trending (EXTREME_TREND); Max ADX for entry: 6
2026-08-13T19:07:15.959Z,63401.99,66.37,OVERBOUGHT,FLAT,YES,YES,10s,1.00,0.00,0.50,NEUTRAL,1.00,NORMAL,97.33,EXTREME_TREND,NO,⛔ ADX too high (97.33) - Market trending (EXTREME_TREND); Max ADX for entry: 6
2026-08-13T19:07:25.959Z,63396.91,64.73,OVERBOUGHT,FLAT,YES,YES,10s,1.00,0.00,0.50,NEUTRAL,1.00,NORMAL,98.63,EXTREME_TREND,NO,⛔ ADX too high (98.63) - Market trending (EXTREME_TREND); Max ADX for entry: 6
2026-08-13T19:07:35.966Z,63400.64,65.36,OVERBOUGHT,FLAT,YES,YES,10s,1.00,0.00,0.50,NEUTRAL,1.00,NORMAL,95.63,EXTREME_TREND,NO,⛔ ADX too high (95.63) - Market trending (EXTREME_TREND); Max ADX for entry: 6
2026-08-13T19:07:45.959Z,63410.00,64.66,OVERBOUGHT,FLAT,YES,YES,10s,1.00,0.00,0.50,NEUTRAL,1.00,NORMAL,99.69,EXTREME_TREND,NO,⛔ ADX too high (99.69) - Market trending (EXTREME_TREND); Max ADX for entry: 6
2026-08-13T19:07:55.973Z,63455.99,73.40,EXTREME_OVERBOUGHT,FLAT,NO,NO,none,0.00,0.00,0.50,NEUTRAL,1.00,NORMAL,99.94,EXTREME_TREND,NO,⛔ ADX too high (99.94) - Market trending (EXTREME_TREND); Max ADX for entry: 6
2026-08-13T19:08:05.958Z,63475.31,74.51,EXTREME_OVERBOUGHT,RISING,YES,YES,10s,1.00,0.00,0.50,NEUTRAL,1.00,NORMAL,78.67,EXTREME_TREND,NO,⛔ ADX too high (78.67) - Market trending (EXTREME_TREND); Max ADX for entry: 6
2026-08-13T19:08:15.976Z,63464.49,73.48,EXTREME_OVERBOUGHT,FLAT,YES,YES,30s,1.00,0.00,0.50,NEUTRAL,1.00,NORMAL,53.80,STRONG_TREND,NO,⛔ ADX too high (53.80) - Market trending (STRONG_TREND); Max ADX for entry: 6
2026-08-13T19:08:25.964Z,63482.95,73.33,EXTREME_OVERBOUGHT,FLAT,NO,NO,none,0.00,0.00,0.50,NEUTRAL,1.00,NORMAL,28.52,TRENDING,NO,⛔ ADX too high (28.52) - Market trending (TRENDING); Max ADX for entry: 6
2026-08-13T19:08:35.968Z,63495.68,77.00,EXTREME_OVERBOUGHT,FLAT,YES,YES,10s,1.00,0.00,0.50,NEUTRAL,1.00,NORMAL,88.32,EXTREME_TREND,NO,⛔ ADX too high (88.32) - Market trending (EXTREME_TREND); Max ADX for entry: 6
2026-08-13T19:08:45.961Z,63508.94,76.79,EXTREME_OVERBOUGHT,FLAT,YES,YES,10s,1.00,0.00,0.50,NEUTRAL,1.00,NORMAL,53.16,STRONG_TREND,NO,⛔ ADX too high (53.16) - Market trending (STRONG_TREND); Max ADX for entry: 6
2026-08-13T19:08:55.960Z,63510.13,76.87,EXTREME_OVERBOUGHT,FLAT,YES,YES,10s,1.00,0.00,0.50,NEUTRAL,1.00,NORMAL,99.28,EXTREME_TREND,NO,⛔ ADX too high (99.28) - Market trending (EXTREME_TREND); Max ADX for entry: 6
2026-08-13T19:09:05.964Z,63513.99,77.55,EXTREME_OVERBOUGHT,FLAT,YES,YES,10s,1.00,0.00,0.50,NEUTRAL,1.00,NORMAL,15.65,RANGING,NO,⛔ ADX too high (15.65) - Market trending (RANGING); Max ADX for entry: 6
2026-08-13T19:09:15.963Z,63510.73,77.01,EXTREME_OVERBOUGHT,FLAT,YES,YES,30s,1.00,0.00,0.50,NEUTRAL,1.00,NORMAL,32.01,TRENDING,NO,⛔ ADX too high (32.01) - Market trending (TRENDING); Max ADX for entry: 6
2026-08-13T19:09:25.961Z,63487.00,72.77,EXTREME_OVERBOUGHT,FLAT,YES,YES,1m,1.00,0.00,0.50,NEUTRAL,1.00,NORMAL,100.00,EXTREME_TREND,NO,⛔ ADX too high (100.00) - Market trending (EXTREME_TREND); Max ADX for entry: 6
2026-08-13T19:09:35.964Z,63468.01,70.31,EXTREME_OVERBOUGHT,FALLING,YES,YES,5m,1.00,0.00,0.50,NEUTRAL,1.00,NORMAL,99.88,EXTREME_TREND,NO,⛔ ADX too high (99.88) - Market trending (EXTREME_TREND); Max ADX for entry: 6
2026-08-13T19:09:45.962Z,63457.46,68.29,OVERBOUGHT,FLAT,YES,YES,5m,1.00,0.00,0.50,NEUTRAL,1.00,NORMAL,85.87,EXTREME_TREND,NO,⛔ ADX too high (85.87) - Market trending (EXTREME_TREND); Max ADX for entry: 6
2026-08-13T19:09:55.974Z,63473.66,69.64,OVERBOUGHT,FLAT,YES,YES,30s,1.00,0.00,0.50,NEUTRAL,1.00,NORMAL,81.82,EXTREME_TREND,NO,⛔ ADX too high (81.82) - Market trending (EXTREME_TREND); Max ADX for entry: 6
2026-08-13T19:10:06.013Z,63477.09,69.67,OVERBOUGHT,FLAT,YES,YES,10s,1.00,0.00,0.50,NEUTRAL,1.00,NORMAL,10.16,RANGING,NO,⛔ ADX too high (10.16) - Market trending (RANGING); Max ADX for entry: 6
2026-08-13T19:10:15.963Z,63472.01,68.54,OVERBOUGHT,FLAT,YES,YES,30s,1.00,0.00,0.50,NEUTRAL,1.00,NORMAL,97.61,EXTREME_TREND,NO,⛔ ADX too high (97.61) - Market trending (EXTREME_TREND); Max ADX for entry: 6
2026-08-13T19:10:25.959Z,63453.43,64.36,OVERBOUGHT,FLAT,YES,YES,10s,1.00,0.00,0.50,NEUTRAL,1.00,NORMAL,100.00,EXTREME_TREND,NO,⛔ ADX too high (100.00) - Market trending (EXTREME_TREND); Max ADX for entry: 6
2026-08-13T19:10:35.962Z,63456.00,63.33,OVERBOUGHT,FLAT,YES,YES,10s,1.00,0.00,0.50,NEUTRAL,1.00,NORMAL,98.40,EXTREME_TREND,NO,⛔ ADX too high (98.40) - Market trending (EXTREME_TREND); Max ADX for entry: 6
2026-08-13T20:52:46.177Z,63393.65,38.05,OVERSOLD,FLAT,YES,YES,30s,1.00,0.00,0.50,NEUTRAL,1.00,NORMAL,95.28,EXTREME_TREND,NO,⛔ ADX too high (95.28) - Market trending (EXTREME_TREND); Max ADX for entry: 6
2026-08-13T20:52:56.185Z,63393.66,38.04,OVERSOLD,FLAT,YES,YES,10s,1.00,0.00,0.50,NEUTRAL,1.00,NORMAL,25.66,TRENDING,NO,⛔ ADX too high (25.66) - Market trending (TRENDING); Max ADX for entry: 6
2026-08-13T20:53:06.179Z,63400.95,47.44,NEUTRAL,FLAT,YES,YES,5m,1.00,0.00,0.50,NEUTRAL,1.00,NORMAL,98.02,EXTREME_TREND,NO,⛔ ADX too high (98.02) - Market trending (EXTREME_TREND); Max ADX for entry: 6
2026-08-13T20:53:16.181Z,63400.95,47.44,NEUTRAL,FLAT,YES,YES,30s,1.00,0.00,0.50,NEUTRAL,1.00,NORMAL,95.90,EXTREME_TREND,NO,⛔ ADX too high (95.90) - Market trending (EXTREME_TREND); Max ADX for entry: 6
2026-08-13T20:53:26.177Z,63400.94,47.43,NEUTRAL,FLAT,YES,YES,10s,1.00,0.00,0.50,NEUTRAL,1.00,NORMAL,22.94,TRANSITION,NO,⛔ ADX too high (22.94) - Market trending (TRANSITION); Max ADX for entry: 6
2026-08-13T20:53:36.179Z,63403.36,49.94,NEUTRAL,FLAT,YES,YES,10s,1.00,0.00,0.50,NEUTRAL,1.00,NORMAL,96.56,EXTREME_TREND,NO,⛔ ADX too high (96.56) - Market trending (EXTREME_TREND); Max ADX for entry: 6
2026-08-13T20:53:46.180Z,63403.35,49.93,NEUTRAL,FLAT,YES,YES,30s,1.00,0.00,0.50,NEUTRAL,1.00,NORMAL,17.34,RANGING,NO,⛔ ADX too high (17.34) - Market trending (RANGING); Max ADX for entry: 6
2026-08-13T20:53:56.175Z,63406.00,52.41,NEUTRAL,RISING,YES,YES,30s,1.00,0.00,0.50,NEUTRAL,1.00,NORMAL,63.42,STRONG_TREND,NO,⛔ ADX too high (63.42) - Market trending (STRONG_TREND); Max ADX for entry: 6
2026-08-13T20:54:06.180Z,63406.00,52.41,NEUTRAL,FLAT,YES,YES,30s,1.00,0.00,0.50,NEUTRAL,1.00,NORMAL,97.50,EXTREME_TREND,NO,⛔ ADX too high (97.50) - Market trending (EXTREME_TREND); Max ADX for entry: 6
2026-08-13T20:54:16.194Z,63406.00,52.42,NEUTRAL,FLAT,YES,YES,30s,1.00,0.00,0.50,NEUTRAL,1.00,NORMAL,32.44,TRENDING,NO,⛔ ADX too high (32.44) - Market trending (TRENDING); Max ADX for entry: 6
2026-08-13T20:54:26.180Z,63400.95,47.88,NEUTRAL,FLAT,YES,YES,10s,1.00,0.00,0.50,NEUTRAL,1.00,NORMAL,99.54,EXTREME_TREND,NO,⛔ ADX too high (99.54) - Market trending (EXTREME_TREND); Max ADX for entry: 6
2026-08-13T20:54:36.181Z,63390.00,40.30,NEUTRAL,FLAT,YES,YES,10s,1.00,0.00,0.50,NEUTRAL,1.00,NORMAL,99.69,EXTREME_TREND,NO,⛔ ADX too high (99.69) - Market trending (EXTREME_TREND); Max ADX for entry: 6
2026-08-13T20:54:46.179Z,63390.00,40.30,NEUTRAL,FLAT,YES,YES,30s,1.00,0.00,0.50,NEUTRAL,1.00,NORMAL,99.86,EXTREME_TREND,NO,⛔ ADX too high (99.86) - Market trending (EXTREME_TREND); Max ADX for entry: 6
2026-08-13T20:54:56.180Z,63382.51,36.37,OVERSOLD,FLAT,NO,NO,none,0.00,0.00,0.50,NEUTRAL,1.00,NORMAL,99.11,EXTREME_TREND,NO,⛔ ADX too high (99.11) - Market trending (EXTREME_TREND); Max ADX for entry: 6
2026-08-13T20:55:06.180Z,63391.10,51.70,NEUTRAL,FLAT,YES,YES,10s,1.00,0.00,0.50,NEUTRAL,1.00,NORMAL,70.77,STRONG_TREND,NO,⛔ ADX too high (70.77) - Market trending (STRONG_TREND); Max ADX for entry: 6
2026-08-13T20:55:16.189Z,63391.99,52.37,NEUTRAL,FLAT,YES,YES,30s,1.00,0.00,0.50,NEUTRAL,1.00,NORMAL,19.47,RANGING,NO,⛔ ADX too high (19.47) - Market trending (RANGING); Max ADX for entry: 6
2026-08-13T20:55:26.180Z,63393.90,53.78,NEUTRAL,FLAT,YES,YES,1m,1.00,0.00,0.50,NEUTRAL,1.00,NORMAL,98.19,EXTREME_TREND,NO,⛔ ADX too high (98.19) - Market trending (EXTREME_TREND); Max ADX for entry: 6
2026-08-13T20:55:36.187Z,63393.90,53.78,NEUTRAL,FLAT,YES,YES,10s,1.00,0.00,0.50,NEUTRAL,1.00,NORMAL,64.18,STRONG_TREND,NO,⛔ ADX too high (64.18) - Market trending (STRONG_TREND); Max ADX for entry: 6
2026-08-13T20:55:46.186Z,63398.35,56.75,NEUTRAL,FLAT,YES,YES,15m,1.00,0.00,0.50,NEUTRAL,1.00,NORMAL,98.71,EXTREME_TREND,NO,⛔ ADX too high (98.71) - Market trending (EXTREME_TREND); Max ADX for entry: 6
2026-08-13T20:55:56.184Z,63398.36,53.71,NEUTRAL,FLAT,YES,YES,10s,1.00,0.00,0.50,NEUTRAL,1.00,NORMAL,99.85,EXTREME_TREND,NO,⛔ ADX too high (99.85) - Market trending (EXTREME_TREND); Max ADX for entry: 6
2026-08-13T20:56:06.182Z,63398.36,50.30,NEUTRAL,FLAT,YES,YES,30s,1.00,0.00,0.50,NEUTRAL,1.00,NORMAL,9.47,RANGING,NO,⛔ ADX too high (9.47) - Market trending (RANGING); Max ADX for entry: 6
2026-08-13T20:56:16.192Z,63398.35,50.29,NEUTRAL,FLAT,YES,YES,10s,1.00,0.00,0.50,NEUTRAL,1.00,NORMAL,56.54,STRONG_TREND,NO,⛔ ADX too high (56.54) - Market trending (STRONG_TREND); Max ADX for entry: 6
2026-08-13T20:56:26.182Z,63398.35,50.29,NEUTRAL,FLAT,YES,YES,10s,1.00,0.00,0.50,NEUTRAL,1.00,NORMAL,56.17,STRONG_TREND,NO,⛔ ADX too high (56.17) - Market trending (STRONG_TREND); Max ADX for entry: 6
2026-08-13T20:56:36.182Z,63398.36,55.85,NEUTRAL,FLAT,YES,YES,10s,1.00,0.00,0.50,NEUTRAL,1.00,NORMAL,69.54,STRONG_TREND,NO,⛔ ADX too high (69.54) - Market trending (STRONG_TREND); Max ADX for entry: 6
2026-08-13T20:56:46.181Z,63401.88,58.53,NEUTRAL,RISING,YES,YES,10s,1.00,0.00,0.50,NEUTRAL,1.00,NORMAL,25.25,TRENDING,NO,⛔ ADX too high (25.25) - Market trending (TRENDING); Max ADX for entry: 6
2026-08-13T20:56:56.184Z,63401.87,58.52,NEUTRAL,FLAT,YES,YES,30s,1.00,0.00,0.50,NEUTRAL,1.00,NORMAL,98.66,EXTREME_TREND,NO,⛔ ADX too high (98.66) - Market trending (EXTREME_TREND); Max ADX for entry: 6
2026-08-13T20:57:06.182Z,63401.88,58.53,NEUTRAL,FLAT,YES,YES,30s,1.00,0.00,0.50,NEUTRAL,1.00,NORMAL,20.84,TRANSITION,NO,⛔ ADX too high (20.84) - Market trending (TRANSITION); Max ADX for entry: 6
2026-08-13T20:57:16.183Z,63401.88,58.53,NEUTRAL,FLAT,YES,YES,1m,1.00,0.00,0.50,NEUTRAL,1.00,NORMAL,60.27,STRONG_TREND,NO,⛔ ADX too high (60.27) - Market trending (STRONG_TREND); Max ADX for entry: 6
2026-08-13T20:57:26.196Z,63403.49,59.64,NEUTRAL,FLAT,YES,YES,10s,1.00,0.00,0.50,NEUTRAL,1.00,NORMAL,96.47,EXTREME_TREND,NO,⛔ ADX too high (96.47) - Market trending (EXTREME_TREND); Max ADX for entry: 6
2026-08-13T20:57:36.185Z,63403.99,58.86,NEUTRAL,FLAT,YES,YES,15m,1.00,0.00,0.50,NEUTRAL,1.00,NORMAL,97.64,EXTREME_TREND,NO,⛔ ADX too high (97.64) - Market trending (EXTREME_TREND); Max ADX for entry: 6
2026-08-13T20:57:46.196Z,63403.99,58.86,NEUTRAL,FLAT,YES,YES,30s,1.00,0.00,0.50,NEUTRAL,1.00,NORMAL,99.29,EXTREME_TREND,NO,⛔ ADX too high (99.29) - Market trending (EXTREME_TREND); Max ADX for entry: 6
2026-08-13T20:57:56.187Z,63406.00,60.23,OVERBOUGHT,FLAT,YES,YES,10s,1.00,0.00,0.50,NEUTRAL,1.00,NORMAL,97.70,EXTREME_TREND,NO,⛔ ADX too high (97.70) - Market trending (EXTREME_TREND); Max ADX for entry: 6
2026-08-13T20:58:06.186Z,63406.00,54.76,NEUTRAL,FLAT,YES,YES,30s,1.00,0.00,0.50,NEUTRAL,1.00,NORMAL,6.24,RANGING,NO,⛔ ADX too high (6.24) - Market trending (RANGING); Max ADX for entry: 6
2026-08-13T20:58:16.186Z,63406.00,54.76,NEUTRAL,FLAT,YES,YES,30s,1.00,0.00,0.50,NEUTRAL,1.00,NORMAL,21.02,TRANSITION,NO,⛔ ADX too high (21.02) - Market trending (TRANSITION); Max ADX for entry: 6
2026-08-13T20:58:26.207Z,63405.99,54.76,NEUTRAL,FLAT,YES,YES,1m,1.00,0.00,0.50,NEUTRAL,1.00,NORMAL,13.26,RANGING,NO,⛔ ADX too high (13.26) - Market trending (RANGING); Max ADX for entry: 6
2026-08-13T20:58:36.188Z,63405.99,52.60,NEUTRAL,FLAT,YES,YES,1m,1.00,0.00,0.50,NEUTRAL,1.00,NORMAL,18.40,RANGING,NO,⛔ ADX too high (18.40) - Market trending (RANGING); Max ADX for entry: 6
2026-08-13T20:58:46.186Z,63407.25,53.76,NEUTRAL,FLAT,YES,YES,15m,1.00,0.00,0.50,NEUTRAL,1.00,NORMAL,96.16,EXTREME_TREND,NO,⛔ ADX too high (96.16) - Market trending (EXTREME_TREND); Max ADX for entry: 6
2026-08-13T20:58:56.189Z,63415.56,58.31,NEUTRAL,FALLING,YES,YES,15m,1.00,0.00,0.50,NEUTRAL,1.00,NORMAL,99.70,EXTREME_TREND,NO,⛔ ADX too high (99.70) - Market trending (EXTREME_TREND); Max ADX for entry: 6
2026-08-13T20:59:06.190Z,63415.55,58.31,NEUTRAL,FLAT,YES,YES,30s,1.00,0.00,0.50,NEUTRAL,1.00,NORMAL,99.92,EXTREME_TREND,NO,⛔ ADX too high (99.92) - Market trending (EXTREME_TREND); Max ADX for entry: 6
2026-08-13T20:59:16.188Z,63415.56,58.32,NEUTRAL,FLAT,YES,YES,10s,1.00,0.00,0.50,NEUTRAL,1.00,NORMAL,11.07,RANGING,NO,⛔ ADX too high (11.07) - Market trending (RANGING); Max ADX for entry: 6
2026-08-13T20:59:26.188Z,63415.56,63.93,OVERBOUGHT,FLAT,YES,YES,10s,1.00,0.00,0.50,NEUTRAL,1.00,NORMAL,8.80,RANGING,NO,⛔ ADX too high (8.80) - Market trending (RANGING); Max ADX for entry: 6
2026-08-13T20:59:36.189Z,63415.56,80.81,EXTREME_OVERBOUGHT,FLAT,YES,YES,1m,1.00,0.00,0.50,NEUTRAL,1.00,NORMAL,11.74,RANGING,NO,⛔ ADX too high (11.74) - Market trending (RANGING); Max ADX for entry: 6
2026-08-13T20:59:46.191Z,63415.55,80.81,EXTREME_OVERBOUGHT,FLAT,YES,YES,10s,1.00,0.00,0.50,NEUTRAL,1.00,NORMAL,100.00,EXTREME_TREND,NO,⛔ ADX too high (100.00) - Market trending (EXTREME_TREND); Max ADX for entry: 6
2026-08-13T20:59:56.188Z,63415.56,98.67,EXTREME_OVERBOUGHT,FLAT,YES,YES,10s,1.00,0.00,0.50,NEUTRAL,1.00,NORMAL,33.46,TRENDING,NO,⛔ ADX too high (33.46) - Market trending (TRENDING); Max ADX for entry: 6
2026-08-13T21:00:06.187Z,63400.01,60.91,OVERBOUGHT,FALLING,YES,YES,5m,1.00,0.00,0.50,NEUTRAL,1.00,NORMAL,99.24,EXTREME_TREND,NO,⛔ ADX too high (99.24) - Market trending (EXTREME_TREND); Max ADX for entry: 6
2026-08-13T21:00:16.190Z,63400.01,60.02,OVERBOUGHT,FLAT,YES,YES,30s,1.00,0.00,0.50,NEUTRAL,1.00,NORMAL,99.31,EXTREME_TREND,NO,⛔ ADX too high (99.31) - Market trending (EXTREME_TREND); Max ADX for entry: 6
2026-08-13T21:00:26.187Z,63400.01,58.01,NEUTRAL,FLAT,YES,YES,30s,1.00,0.00,0.50,NEUTRAL,1.00,NORMAL,6.38,RANGING,NO,⛔ ADX too high (6.38) - Market trending (RANGING); Max ADX for entry: 6
2026-08-13T21:00:36.188Z,63400.01,58.01,NEUTRAL,FLAT,YES,YES,10s,1.00,0.00,0.50,NEUTRAL,1.00,NORMAL,16.66,RANGING,NO,⛔ ADX too high (16.66) - Market trending (RANGING); Max ADX for entry: 6
2026-08-13T21:00:46.191Z,63400.01,52.47,NEUTRAL,FLAT,YES,YES,1m,1.00,0.00,0.50,NEUTRAL,1.00,NORMAL,100.00,EXTREME_TREND,NO,⛔ ADX too high (100.00) - Market trending (EXTREME_TREND); Max ADX for entry: 6
2026-08-13T21:00:56.191Z,63400.01,52.45,NEUTRAL,FLAT,YES,YES,30s,1.00,0.75,0.50,NEUTRAL,1.00,NORMAL,5.70,RANGING,NO,RSI neutral (52.5)
2026-08-13T21:01:06.188Z,63400.01,52.45,NEUTRAL,FLAT,YES,YES,5m,1.00,0.00,0.50,NEUTRAL,1.00,NORMAL,72.05,STRONG_TREND,NO,⛔ ADX too high (72.05) - Market trending (STRONG_TREND); Max ADX for entry: 6
2026-08-13T21:01:16.192Z,63400.01,52.47,NEUTRAL,FLAT,YES,YES,10s,1.00,0.75,0.50,NEUTRAL,1.00,NORMAL,3.70,RANGING,NO,RSI neutral (52.5)
2026-08-13T21:01:26.196Z,63400.01,52.47,NEUTRAL,FLAT,YES,YES,10s,1.00,0.00,0.50,NEUTRAL,1.00,NORMAL,84.32,EXTREME_TREND,NO,⛔ ADX too high (84.32) - Market trending (EXTREME_TREND); Max ADX for entry: 6
2026-08-13T21:01:36.192Z,63400.01,52.45,NEUTRAL,FLAT,YES,YES,10s,1.00,0.75,0.50,NEUTRAL,1.00,NORMAL,3.70,RANGING,NO,RSI neutral (52.5)
2026-08-13T21:01:46.194Z,63400.01,46.89,NEUTRAL,FALLING,YES,YES,30s,1.00,0.75,0.50,NEUTRAL,1.00,NORMAL,3.70,RANGING,NO,RSI neutral (46.9)
2026-08-13T21:01:56.195Z,63400.00,46.89,NEUTRAL,FLAT,YES,YES,5m,1.00,0.00,0.50,NEUTRAL,1.00,NORMAL,34.42,TRENDING,NO,⛔ ADX too high (34.42) - Market trending (TRENDING); Max ADX for entry: 6
2026-08-13T21:02:06.197Z,63400.01,46.89,NEUTRAL,FLAT,YES,YES,10s,1.00,0.00,0.50,NEUTRAL,1.00,NORMAL,10.14,RANGING,NO,⛔ ADX too high (10.14) - Market trending (RANGING); Max ADX for entry: 6
2026-08-13T21:02:16.198Z,63399.02,47.09,NEUTRAL,FLAT,YES,YES,10s,1.00,0.00,0.50,NEUTRAL,1.00,NORMAL,13.25,RANGING,NO,⛔ ADX too high (13.25) - Market trending (RANGING); Max ADX for entry: 6
2026-08-13T21:02:26.196Z,63409.73,55.36,NEUTRAL,FLAT,YES,YES,10s,1.00,0.00,0.50,NEUTRAL,1.00,NORMAL,99.83,EXTREME_TREND,NO,⛔ ADX too high (99.83) - Market trending (EXTREME_TREND); Max ADX for entry: 6
2026-08-13T21:02:36.196Z,63411.76,56.50,NEUTRAL,FLAT,NO,NO,none,0.00,0.00,0.50,NEUTRAL,1.00,NORMAL,96.98,EXTREME_TREND,NO,⛔ ADX too high (96.98) - Market trending (EXTREME_TREND); Max ADX for entry: 6
2026-08-13T21:02:46.198Z,63415.16,58.83,NEUTRAL,FLAT,NO,NO,none,0.00,0.00,0.50,NEUTRAL,1.00,NORMAL,99.74,EXTREME_TREND,NO,⛔ ADX too high (99.74) - Market trending (EXTREME_TREND); Max ADX for entry: 6
2026-08-13T21:02:56.200Z,63416.95,58.69,NEUTRAL,FLAT,NO,NO,none,0.00,0.00,0.50,NEUTRAL,1.00,NORMAL,95.44,EXTREME_TREND,NO,⛔ ADX too high (95.44) - Market trending (EXTREME_TREND); Max ADX for entry: 6
2026-08-13T21:03:06.198Z,63424.45,63.09,OVERBOUGHT,FLAT,NO,NO,none,0.00,0.00,0.50,NEUTRAL,1.00,NORMAL,99.79,EXTREME_TREND,NO,⛔ ADX too high (99.79) - Market trending (EXTREME_TREND); Max ADX for entry: 6
2026-08-13T21:03:16.203Z,63454.46,74.11,EXTREME_OVERBOUGHT,FLAT,YES,YES,10s,1.00,0.00,0.50,NEUTRAL,1.00,NORMAL,99.42,EXTREME_TREND,NO,⛔ ADX too high (99.42) - Market trending (EXTREME_TREND); Max ADX for entry: 6
2026-08-13T21:03:26.200Z,63454.46,74.11,EXTREME_OVERBOUGHT,FLAT,YES,YES,30s,1.00,0.00,0.50,NEUTRAL,1.00,NORMAL,99.65,EXTREME_TREND,NO,⛔ ADX too high (99.65) - Market trending (EXTREME_TREND); Max ADX for entry: 6
2026-08-13T21:03:36.199Z,63448.01,69.64,OVERBOUGHT,FLAT,YES,YES,30s,1.00,0.00,0.50,NEUTRAL,1.00,NORMAL,99.60,EXTREME_TREND,NO,⛔ ADX too high (99.60) - Market trending (EXTREME_TREND); Max ADX for entry: 6
2026-08-13T21:03:46.201Z,63454.51,71.06,EXTREME_OVERBOUGHT,FLAT,NO,NO,none,0.00,0.00,0.50,NEUTRAL,1.00,NORMAL,72.49,STRONG_TREND,NO,⛔ ADX too high (72.49) - Market trending (STRONG_TREND); Max ADX for entry: 6
2026-08-13T21:03:56.201Z,63454.52,68.76,OVERBOUGHT,FLAT,YES,YES,10s,1.00,0.00,0.50,NEUTRAL,1.00,NORMAL,99.92,EXTREME_TREND,NO,⛔ ADX too high (99.92) - Market trending (EXTREME_TREND); Max ADX for entry: 6
2026-08-13T21:04:06.198Z,63454.52,68.77,OVERBOUGHT,FLAT,YES,YES,30s,1.00,0.00,0.50,NEUTRAL,1.00,NORMAL,99.92,EXTREME_TREND,NO,⛔ ADX too high (99.92) - Market trending (EXTREME_TREND); Max ADX for entry: 6
2026-08-13T21:04:16.200Z,63454.51,68.76,OVERBOUGHT,FLAT,YES,YES,10s,1.00,0.00,0.50,NEUTRAL,1.00,NORMAL,37.06,TRENDING,NO,⛔ ADX too high (37.06) - Market trending (TRENDING); Max ADX for entry: 6
2026-08-13T21:04:26.204Z,63454.52,68.76,OVERBOUGHT,FLAT,YES,YES,5m,1.00,0.00,0.50,NEUTRAL,1.00,NORMAL,6.72,RANGING,NO,⛔ ADX too high (6.72) - Market trending (RANGING); Max ADX for entry: 6
2026-08-13T21:04:36.198Z,63454.51,68.76,OVERBOUGHT,FLAT,YES,YES,1m,1.00,0.00,0.50,NEUTRAL,1.00,NORMAL,100.00,EXTREME_TREND,NO,⛔ ADX too high (100.00) - Market trending (EXTREME_TREND); Max ADX for entry: 6
2026-08-13T21:04:46.201Z,63454.52,68.76,OVERBOUGHT,FLAT,YES,YES,5m,1.00,0.00,0.50,NEUTRAL,1.00,NORMAL,12.60,RANGING,NO,⛔ ADX too high (12.60) - Market trending (RANGING); Max ADX for entry: 6
2026-08-13T21:04:56.201Z,63454.52,68.75,OVERBOUGHT,FLAT,YES,YES,5m,1.00,0.00,0.50,NEUTRAL,1.00,NORMAL,56.47,STRONG_TREND,NO,⛔ ADX too high (56.47) - Market trending (STRONG_TREND); Max ADX for entry: 6
2026-08-13T21:05:06.199Z,63454.52,80.84,EXTREME_OVERBOUGHT,FLAT,YES,YES,30s,1.00,0.00,0.50,NEUTRAL,1.00,NORMAL,8.11,RANGING,NO,⛔ ADX too high (8.11) - Market trending (RANGING); Max ADX for entry: 6
2026-08-13T21:05:16.202Z,63455.00,80.96,EXTREME_OVERBOUGHT,FLAT,YES,YES,5m,0.96,0.00,0.50,NEUTRAL,1.00,NORMAL,95.46,EXTREME_TREND,NO,⛔ ADX too high (95.46) - Market trending (EXTREME_TREND); Max ADX for entry: 6
2026-08-13T21:05:26.204Z,63462.38,82.44,EXTREME_OVERBOUGHT,FLAT,NO,NO,none,0.00,0.00,0.50,NEUTRAL,1.00,NORMAL,99.56,EXTREME_TREND,NO,⛔ ADX too high (99.56) - Market trending (EXTREME_TREND); Max ADX for entry: 6
2026-08-13T21:05:36.200Z,63462.39,82.44,EXTREME_OVERBOUGHT,FLAT,YES,YES,30s,1.00,0.00,0.50,NEUTRAL,1.00,NORMAL,61.12,STRONG_TREND,NO,⛔ ADX too high (61.12) - Market trending (STRONG_TREND); Max ADX for entry: 6
2026-08-13T21:05:46.205Z,63462.38,82.42,EXTREME_OVERBOUGHT,FLAT,YES,YES,30s,1.00,0.00,0.50,NEUTRAL,1.00,NORMAL,22.83,TRANSITION,NO,⛔ ADX too high (22.83) - Market trending (TRANSITION); Max ADX for entry: 6
2026-08-13T21:05:56.206Z,63462.39,82.44,EXTREME_OVERBOUGHT,FLAT,YES,YES,10s,1.00,0.00,0.50,NEUTRAL,1.00,NORMAL,14.71,RANGING,NO,⛔ ADX too high (14.71) - Market trending (RANGING); Max ADX for entry: 6
2026-08-13T21:06:06.201Z,63462.39,82.44,EXTREME_OVERBOUGHT,FLAT,YES,YES,1m,1.00,0.00,0.50,NEUTRAL,1.00,NORMAL,7.94,RANGING,NO,⛔ ADX too high (7.94) - Market trending (RANGING); Max ADX for entry: 6
2026-08-13T21:06:16.207Z,63462.38,82.45,EXTREME_OVERBOUGHT,FLAT,YES,YES,1m,1.00,0.00,0.50,NEUTRAL,1.00,NORMAL,13.26,RANGING,NO,⛔ ADX too high (13.26) - Market trending (RANGING); Max ADX for entry: 6
2026-08-13T21:06:26.206Z,63462.39,82.46,EXTREME_OVERBOUGHT,FLAT,YES,YES,5m,1.00,0.00,0.50,NEUTRAL,1.00,NORMAL,82.47,EXTREME_TREND,NO,⛔ ADX too high (82.47) - Market trending (EXTREME_TREND); Max ADX for entry: 6
2026-08-13T21:06:36.203Z,63462.38,82.45,EXTREME_OVERBOUGHT,FLAT,YES,YES,5m,1.00,0.00,0.50,NEUTRAL,1.00,NORMAL,40.78,TRENDING,NO,⛔ ADX too high (40.78) - Market trending (TRENDING); Max ADX for entry: 6
2026-08-13T21:06:46.206Z,63462.39,82.45,EXTREME_OVERBOUGHT,FLAT,YES,YES,5m,1.00,0.00,0.50,NEUTRAL,1.00,NORMAL,14.71,RANGING,NO,⛔ ADX too high (14.71) - Market trending (RANGING); Max ADX for entry: 6
2026-08-13T21:06:56.208Z,63462.39,82.45,EXTREME_OVERBOUGHT,FLAT,YES,YES,5m,1.00,0.00,0.50,NEUTRAL,1.00,NORMAL,69.03,STRONG_TREND,NO,⛔ ADX too high (69.03) - Market trending (STRONG_TREND); Max ADX for entry: 6
2026-08-13T21:07:06.204Z,63467.04,83.25,EXTREME_OVERBOUGHT,FLAT,NO,NO,none,0.00,0.00,0.50,NEUTRAL,1.00,NORMAL,99.41,EXTREME_TREND,NO,⛔ ADX too high (99.41) - Market trending (EXTREME_TREND); Max ADX for entry: 6
2026-08-13T21:07:16.207Z,63467.99,91.58,EXTREME_OVERBOUGHT,FLAT,YES,YES,10s,1.00,0.00,0.50,NEUTRAL,1.00,NORMAL,95.73,EXTREME_TREND,NO,⛔ ADX too high (95.73) - Market trending (EXTREME_TREND); Max ADX for entry: 6
2026-08-13T21:07:26.209Z,63477.13,91.52,EXTREME_OVERBOUGHT,FLAT,YES,YES,10s,1.00,0.00,0.50,NEUTRAL,1.00,NORMAL,99.68,EXTREME_TREND,NO,⛔ ADX too high (99.68) - Market trending (EXTREME_TREND); Max ADX for entry: 6
2026-08-13T21:07:36.206Z,63477.12,91.33,EXTREME_OVERBOUGHT,FLAT,YES,YES,10s,1.00,0.00,0.50,NEUTRAL,1.00,NORMAL,7.40,RANGING,NO,⛔ ADX too high (7.40) - Market trending (RANGING); Max ADX for entry: 6
2026-08-13T21:07:46.211Z,63469.87,82.98,EXTREME_OVERBOUGHT,FLAT,YES,YES,1m,1.00,0.00,0.50,NEUTRAL,1.00,NORMAL,99.59,EXTREME_TREND,NO,⛔ ADX too high (99.59) - Market trending (EXTREME_TREND); Max ADX for entry: 6
2026-08-13T21:07:56.207Z,63469.87,82.60,EXTREME_OVERBOUGHT,FLAT,YES,YES,30s,1.00,0.00,0.50,NEUTRAL,1.00,NORMAL,82.33,EXTREME_TREND,NO,⛔ ADX too high (82.33) - Market trending (EXTREME_TREND); Max ADX for entry: 6
2026-08-13T21:08:06.208Z,63469.87,75.70,EXTREME_OVERBOUGHT,FALLING,YES,YES,30s,1.00,0.00,0.50,NEUTRAL,1.00,NORMAL,65.00,STRONG_TREND,NO,⛔ ADX too high (65.00) - Market trending (STRONG_TREND); Max ADX for entry: 6
2026-08-13T21:08:16.208Z,63469.88,67.64,OVERBOUGHT,FLAT,YES,YES,30s,1.00,0.00,0.50,NEUTRAL,1.00,NORMAL,18.02,RANGING,NO,⛔ ADX too high (18.02) - Market trending (RANGING); Max ADX for entry: 6
2026-08-13T21:08:26.210Z,63469.87,67.65,OVERBOUGHT,FLAT,YES,YES,1m,1.00,0.00,0.50,NEUTRAL,1.00,NORMAL,59.38,STRONG_TREND,NO,⛔ ADX too high (59.38) - Market trending (STRONG_TREND); Max ADX for entry: 6
2026-08-13T21:08:36.214Z,63469.88,79.39,EXTREME_OVERBOUGHT,FLAT,YES,YES,1m,1.00,0.00,0.50,NEUTRAL,1.00,NORMAL,16.29,RANGING,NO,⛔ ADX too high (16.29) - Market trending (RANGING); Max ADX for entry: 6
2026-08-13T21:08:46.221Z,63456.90,52.74,NEUTRAL,FALLING,YES,YES,5m,1.00,0.00,0.50,NEUTRAL,1.00,NORMAL,99.71,EXTREME_TREND,NO,⛔ ADX too high (99.71) - Market trending (EXTREME_TREND); Max ADX for entry: 6
2026-08-13T21:08:56.222Z,63437.76,36.66,OVERSOLD,FLAT,YES,YES,10s,1.00,0.00,0.50,NEUTRAL,1.00,NORMAL,99.95,EXTREME_TREND,NO,⛔ ADX too high (99.95) - Market trending (EXTREME_TREND); Max ADX for entry: 6
2026-08-13T21:09:06.228Z,63442.43,41.05,NEUTRAL,FLAT,YES,YES,10s,1.00,0.00,0.50,NEUTRAL,1.00,NORMAL,99.18,EXTREME_TREND,NO,⛔ ADX too high (99.18) - Market trending (EXTREME_TREND); Max ADX for entry: 6
2026-08-14T05:19:27.317Z,63344.35,54.21,NEUTRAL,FLAT,YES,YES,5m,1.00,0.00,0.50,NEUTRAL,1.00,NORMAL,64.29,STRONG_TREND,NO,⛔ ADX too high (64.29) - Market trending (STRONG_TREND); Max ADX for entry: 6
2026-08-14T05:19:37.315Z,63324.50,41.40,NEUTRAL,FLAT,YES,YES,10s,1.00,0.00,0.50,NEUTRAL,1.00,NORMAL,98.93,EXTREME_TREND,NO,⛔ ADX too high (98.93) - Market trending (EXTREME_TREND); Max ADX for entry: 6
2026-08-14T05:19:47.317Z,63324.50,41.87,NEUTRAL,FLAT,YES,YES,10s,1.00,0.00,0.50,NEUTRAL,1.00,NORMAL,95.24,EXTREME_TREND,NO,⛔ ADX too high (95.24) - Market trending (EXTREME_TREND); Max ADX for entry: 6
2026-08-14T05:19:57.315Z,63324.49,41.87,NEUTRAL,FLAT,YES,YES,30s,1.00,0.00,0.50,NEUTRAL,1.00,NORMAL,35.45,TRENDING,NO,⛔ ADX too high (35.45) - Market trending (TRENDING); Max ADX for entry: 6
2026-08-14T05:20:07.317Z,63322.24,42.31,NEUTRAL,FLAT,NO,NO,none,0.00,0.00,0.50,NEUTRAL,1.00,NORMAL,100.00,EXTREME_TREND,NO,⛔ ADX too high (100.00) - Market trending (EXTREME_TREND); Max ADX for entry: 6
2026-08-14T05:20:17.316Z,63322.24,47.71,NEUTRAL,FLAT,YES,YES,30s,1.00,0.00,0.50,NEUTRAL,1.00,NORMAL,97.84,EXTREME_TREND,NO,⛔ ADX too high (97.84) - Market trending (EXTREME_TREND); Max ADX for entry: 6
2026-08-14T05:20:27.318Z,63322.24,47.71,NEUTRAL,FLAT,YES,YES,30s,1.00,0.00,0.50,NEUTRAL,1.00,NORMAL,45.99,TRENDING,NO,⛔ ADX too high (45.99) - Market trending (TRENDING); Max ADX for entry: 6
2026-08-14T05:20:37.319Z,63322.24,47.71,NEUTRAL,FLAT,YES,YES,1m,1.00,0.75,0.50,NEUTRAL,1.00,NORMAL,3.70,RANGING,NO,RSI neutral (47.7)
2026-08-14T05:20:47.319Z,63322.24,47.72,NEUTRAL,FLAT,YES,YES,1m,1.00,0.75,0.50,NEUTRAL,1.00,NORMAL,3.70,RANGING,NO,RSI neutral (47.7)
2026-08-14T05:20:57.320Z,63326.05,53.74,NEUTRAL,FLAT,YES,YES,10s,1.00,0.00,0.50,NEUTRAL,1.00,NORMAL,99.32,EXTREME_TREND,NO,⛔ ADX too high (99.32) - Market trending (EXTREME_TREND); Max ADX for entry: 6
2026-08-14T05:21:07.320Z,63326.04,56.21,NEUTRAL,FLAT,YES,YES,30s,1.00,0.00,0.50,NEUTRAL,1.00,NORMAL,8.68,RANGING,NO,⛔ ADX too high (8.68) - Market trending (RANGING); Max ADX for entry: 6
2026-08-14T05:21:17.320Z,63326.04,54.54,NEUTRAL,FLAT,YES,YES,10s,1.00,0.00,0.50,NEUTRAL,1.00,NORMAL,52.71,STRONG_TREND,NO,⛔ ADX too high (52.71) - Market trending (STRONG_TREND); Max ADX for entry: 6
2026-08-14T05:21:27.322Z,63340.21,62.55,OVERBOUGHT,FLAT,YES,YES,10s,1.00,0.00,0.50,NEUTRAL,1.00,NORMAL,99.55,EXTREME_TREND,NO,⛔ ADX too high (99.55) - Market trending (EXTREME_TREND); Max ADX for entry: 6
2026-08-14T05:21:37.318Z,63344.00,63.27,OVERBOUGHT,FLAT,YES,YES,15m,1.00,0.00,0.50,NEUTRAL,1.00,NORMAL,100.00,EXTREME_TREND,NO,⛔ ADX too high (100.00) - Market trending (EXTREME_TREND); Max ADX for entry: 6
2026-08-14T05:21:47.322Z,63349.28,64.50,OVERBOUGHT,FLAT,YES,YES,10s,1.00,0.00,0.50,NEUTRAL,1.00,NORMAL,99.39,EXTREME_TREND,NO,⛔ ADX too high (99.39) - Market trending (EXTREME_TREND); Max ADX for entry: 6
2026-08-14T05:21:57.323Z,63350.00,63.72,OVERBOUGHT,FLAT,YES,YES,30s,1.00,0.00,0.50,NEUTRAL,1.00,NORMAL,100.00,EXTREME_TREND,NO,⛔ ADX too high (100.00) - Market trending (EXTREME_TREND); Max ADX for entry: 6
2026-08-14T05:22:07.322Z,63350.00,60.99,OVERBOUGHT,FLAT,YES,YES,30s,1.00,0.00,0.50,NEUTRAL,1.00,NORMAL,96.14,EXTREME_TREND,NO,⛔ ADX too high (96.14) - Market trending (EXTREME_TREND); Max ADX for entry: 6
2026-08-14T05:22:17.323Z,63352.25,56.67,NEUTRAL,FLAT,YES,YES,10s,1.00,0.00,0.50,NEUTRAL,1.00,NORMAL,98.41,EXTREME_TREND,NO,⛔ ADX too high (98.41) - Market trending (EXTREME_TREND); Max ADX for entry: 6
2026-08-14T05:22:27.325Z,63356.00,57.84,NEUTRAL,FLAT,YES,YES,10s,1.00,0.00,0.50,NEUTRAL,1.00,NORMAL,98.70,EXTREME_TREND,NO,⛔ ADX too high (98.70) - Market trending (EXTREME_TREND); Max ADX for entry: 6
2026-08-14T05:22:37.326Z,63354.01,56.28,NEUTRAL,FLAT,YES,YES,30s,1.00,0.00,0.50,NEUTRAL,1.00,NORMAL,99.56,EXTREME_TREND,NO,⛔ ADX too high (99.56) - Market trending (EXTREME_TREND); Max ADX for entry: 6
2026-08-14T05:22:47.326Z,63354.01,56.01,NEUTRAL,FLAT,YES,YES,30s,1.00,0.00,0.50,NEUTRAL,1.00,NORMAL,100.00,EXTREME_TREND,NO,⛔ ADX too high (100.00) - Market trending (EXTREME_TREND); Max ADX for entry: 6
2026-08-14T05:22:57.326Z,63352.27,52.08,NEUTRAL,FLAT,YES,YES,10s,1.00,0.00,0.50,NEUTRAL,1.00,NORMAL,100.00,EXTREME_TREND,NO,⛔ ADX too high (100.00) - Market trending (EXTREME_TREND); Max ADX for entry: 6
2026-08-14T05:23:07.325Z,63334.00,39.55,OVERSOLD,FLAT,YES,YES,10s,1.00,0.00,0.50,NEUTRAL,1.00,NORMAL,100.00,EXTREME_TREND,NO,⛔ ADX too high (100.00) - Market trending (EXTREME_TREND); Max ADX for entry: 6
2026-08-14T05:23:17.325Z,63330.38,38.83,OVERSOLD,FLAT,YES,YES,30s,0.71,0.00,0.50,NEUTRAL,1.00,NORMAL,98.60,EXTREME_TREND,NO,⛔ ADX too high (98.60) - Market trending (EXTREME_TREND); Max ADX for entry: 6
2026-08-14T05:23:27.327Z,63320.15,36.91,OVERSOLD,FLAT,YES,YES,10s,0.64,0.00,0.50,NEUTRAL,1.00,NORMAL,99.89,EXTREME_TREND,NO,⛔ ADX too high (99.89) - Market trending (EXTREME_TREND); Max ADX for entry: 6
2026-08-14T05:23:37.325Z,63315.27,35.05,OVERSOLD,FLAT,YES,YES,10s,1.00,0.00,0.50,NEUTRAL,1.00,NORMAL,99.18,EXTREME_TREND,NO,⛔ ADX too high (99.18) - Market trending (EXTREME_TREND); Max ADX for entry: 6
2026-08-14T05:23:47.331Z,63304.48,31.55,OVERSOLD,FLAT,YES,YES,10s,0.83,0.00,0.50,NEUTRAL,1.00,NORMAL,98.49,EXTREME_TREND,NO,⛔ ADX too high (98.49) - Market trending (EXTREME_TREND); Max ADX for entry: 6
2026-08-14T05:23:57.324Z,63300.01,30.29,OVERSOLD,FLAT,NO,NO,none,0.00,0.00,0.50,NEUTRAL,1.00,NORMAL,99.96,EXTREME_TREND,NO,⛔ ADX too high (99.96) - Market trending (EXTREME_TREND); Max ADX for entry: 6
2026-08-14T05:24:07.326Z,63300.01,30.30,OVERSOLD,FLAT,YES,YES,30s,1.00,0.00,0.50,NEUTRAL,1.00,NORMAL,99.60,EXTREME_TREND,NO,⛔ ADX too high (99.60) - Market trending (EXTREME_TREND); Max ADX for entry: 6
2026-08-14T05:24:17.325Z,63289.33,27.67,EXTREME_OVERSOLD,FLAT,NO,NO,none,0.00,0.00,0.50,NEUTRAL,1.00,NORMAL,99.59,EXTREME_TREND,NO,⛔ ADX too high (99.59) - Market trending (EXTREME_TREND); Max ADX for entry: 6
2026-08-14T10:15:57.957Z,62854.00,63.58,OVERBOUGHT,FLAT,YES,YES,10s,1.00,0.00,0.50,NEUTRAL,1.00,NORMAL,83.98,EXTREME_TREND,NO,⛔ ADX too high (83.98) - Market trending (EXTREME_TREND); Max ADX for entry: 6
2026-08-14T10:16:07.959Z,62854.00,63.58,OVERBOUGHT,FLAT,YES,YES,5m,1.00,0.00,0.50,NEUTRAL,1.00,NORMAL,7.40,RANGING,NO,⛔ ADX too high (7.40) - Market trending (RANGING); Max ADX for entry: 6
2026-08-14T10:16:17.954Z,62879.38,71.71,EXTREME_OVERBOUGHT,RISING,YES,YES,1h,1.00,0.00,0.50,NEUTRAL,1.00,NORMAL,99.33,EXTREME_TREND,NO,⛔ ADX too high (99.33) - Market trending (EXTREME_TREND); Max ADX for entry: 6
2026-08-14T10:16:27.974Z,62884.87,73.18,EXTREME_OVERBOUGHT,FLAT,YES,YES,30s,1.00,0.00,0.50,NEUTRAL,1.00,NORMAL,99.82,EXTREME_TREND,NO,⛔ ADX too high (99.82) - Market trending (EXTREME_TREND); Max ADX for entry: 6
2026-08-14T10:16:37.957Z,62886.00,72.43,EXTREME_OVERBOUGHT,FLAT,YES,YES,10s,1.00,0.00,0.50,NEUTRAL,1.00,NORMAL,96.59,EXTREME_TREND,NO,⛔ ADX too high (96.59) - Market trending (EXTREME_TREND); Max ADX for entry: 6
2026-08-14T10:16:47.972Z,62900.82,75.91,EXTREME_OVERBOUGHT,FLAT,NO,NO,none,0.00,0.00,0.50,NEUTRAL,1.00,NORMAL,99.84,EXTREME_TREND,NO,⛔ ADX too high (99.84) - Market trending (EXTREME_TREND); Max ADX for entry: 6
2026-08-14T10:16:57.956Z,62919.98,79.29,EXTREME_OVERBOUGHT,FLAT,NO,NO,none,0.00,0.00,0.50,NEUTRAL,1.00,NORMAL,99.95,EXTREME_TREND,NO,⛔ ADX too high (99.95) - Market trending (EXTREME_TREND); Max ADX for entry: 6
2026-08-14T10:17:07.984Z,62912.73,75.29,EXTREME_OVERBOUGHT,FLAT,YES,YES,30s,1.00,0.00,0.50,NEUTRAL,1.00,NORMAL,45.73,TRENDING,NO,⛔ ADX too high (45.73) - Market trending (TRENDING); Max ADX for entry: 6
2026-08-14T10:17:17.959Z,62910.20,73.31,EXTREME_OVERBOUGHT,FLAT,YES,YES,10s,1.00,0.00,0.50,NEUTRAL,1.00,NORMAL,99.41,EXTREME_TREND,NO,⛔ ADX too high (99.41) - Market trending (EXTREME_TREND); Max ADX for entry: 6
2026-08-14T10:17:27.960Z,62910.20,73.26,EXTREME_OVERBOUGHT,FLAT,YES,YES,30s,1.00,0.00,0.50,NEUTRAL,1.00,NORMAL,56.56,STRONG_TREND,NO,⛔ ADX too high (56.56) - Market trending (STRONG_TREND); Max ADX for entry: 6
2026-08-14T10:17:37.960Z,62916.08,73.45,EXTREME_OVERBOUGHT,FLAT,NO,NO,none,0.00,0.00,0.50,NEUTRAL,1.00,NORMAL,99.63,EXTREME_TREND,NO,⛔ ADX too high (99.63) - Market trending (EXTREME_TREND); Max ADX for entry: 6
2026-08-14T10:17:47.961Z,62917.95,72.86,EXTREME_OVERBOUGHT,FLAT,YES,YES,10s,1.00,0.00,0.50,NEUTRAL,1.00,NORMAL,99.39,EXTREME_TREND,NO,⛔ ADX too high (99.39) - Market trending (EXTREME_TREND); Max ADX for entry: 6
2026-08-14T10:17:57.974Z,62917.96,76.99,EXTREME_OVERBOUGHT,FLAT,YES,YES,10s,1.00,0.00,0.50,NEUTRAL,1.00,NORMAL,12.82,RANGING,NO,⛔ ADX too high (12.82) - Market trending (RANGING); Max ADX for entry: 6
2026-08-14T10:18:07.976Z,62910.20,72.75,EXTREME_OVERBOUGHT,FLAT,YES,YES,10s,1.00,0.00,0.50,NEUTRAL,1.00,NORMAL,99.63,EXTREME_TREND,NO,⛔ ADX too high (99.63) - Market trending (EXTREME_TREND); Max ADX for entry: 6
2026-08-14T10:18:17.975Z,62904.62,69.97,OVERBOUGHT,FLAT,YES,YES,10s,1.00,0.00,0.50,NEUTRAL,1.00,NORMAL,99.76,EXTREME_TREND,NO,⛔ ADX too high (99.76) - Market trending (EXTREME_TREND); Max ADX for entry: 6
2026-08-14T10:18:27.963Z,62904.61,73.13,EXTREME_OVERBOUGHT,FLAT,YES,YES,30s,1.00,0.00,0.50,NEUTRAL,1.00,NORMAL,7.40,RANGING,NO,⛔ ADX too high (7.40) - Market trending (RANGING); Max ADX for entry: 6
2026-08-14T10:18:37.966Z,62905.74,73.35,EXTREME_OVERBOUGHT,FLAT,YES,YES,10s,1.00,0.00,0.50,NEUTRAL,1.00,NORMAL,95.24,EXTREME_TREND,NO,⛔ ADX too high (95.24) - Market trending (EXTREME_TREND); Max ADX for entry: 6
2026-08-14T10:18:47.960Z,62905.73,73.35,EXTREME_OVERBOUGHT,FLAT,YES,YES,30s,1.00,0.00,0.50,NEUTRAL,1.00,NORMAL,87.70,EXTREME_TREND,NO,⛔ ADX too high (87.70) - Market trending (EXTREME_TREND); Max ADX for entry: 6
2026-08-14T10:18:57.959Z,62906.13,73.42,EXTREME_OVERBOUGHT,FLAT,YES,YES,1m,1.00,0.00,0.50,NEUTRAL,1.00,NORMAL,92.16,EXTREME_TREND,NO,⛔ ADX too high (92.16) - Market trending (EXTREME_TREND); Max ADX for entry: 6
2026-08-14T10:19:07.964Z,62901.41,71.05,EXTREME_OVERBOUGHT,FLAT,YES,YES,5m,1.00,0.00,0.50,NEUTRAL,1.00,NORMAL,99.74,EXTREME_TREND,NO,⛔ ADX too high (99.74) - Market trending (EXTREME_TREND); Max ADX for entry: 6
2026-08-14T10:19:17.977Z,62900.01,70.37,EXTREME_OVERBOUGHT,FLAT,YES,YES,10s,1.00,0.00,0.50,NEUTRAL,1.00,NORMAL,98.26,EXTREME_TREND,NO,⛔ ADX too high (98.26) - Market trending (EXTREME_TREND); Max ADX for entry: 6
2026-08-14T10:19:27.962Z,62900.00,68.69,OVERBOUGHT,FALLING,YES,YES,10s,1.00,0.00,0.50,NEUTRAL,1.00,NORMAL,31.11,TRENDING,NO,⛔ ADX too high (31.11) - Market trending (TRENDING); Max ADX for entry: 6
2026-08-14T10:19:37.964Z,62900.01,64.33,OVERBOUGHT,FLAT,YES,YES,30s,1.00,0.00,0.50,NEUTRAL,1.00,NORMAL,23.11,TRANSITION,NO,⛔ ADX too high (23.11) - Market trending (TRANSITION); Max ADX for entry: 6
2026-08-14T10:19:47.961Z,62900.01,64.34,OVERBOUGHT,FLAT,YES,YES,1m,1.00,0.00,0.50,NEUTRAL,1.00,NORMAL,26.42,TRENDING,NO,⛔ ADX too high (26.42) - Market trending (TRENDING); Max ADX for entry: 6
2026-08-14T10:19:57.977Z,62900.01,66.39,OVERBOUGHT,RISING,YES,YES,30s,1.00,0.00,0.50,NEUTRAL,1.00,NORMAL,11.07,RANGING,NO,⛔ ADX too high (11.07) - Market trending (RANGING); Max ADX for entry: 6
2026-08-14T10:20:07.964Z,62900.01,71.85,EXTREME_OVERBOUGHT,FLAT,YES,YES,1m,1.00,0.00,0.50,NEUTRAL,1.00,NORMAL,83.62,EXTREME_TREND,NO,⛔ ADX too high (83.62) - Market trending (EXTREME_TREND); Max ADX for entry: 6
2026-08-14T12:11:38.178Z,62792.69,40.17,NEUTRAL,FLAT,YES,YES,30s,1.00,0.00,0.50,NEUTRAL,1.00,NORMAL,98.40,EXTREME_TREND,NO,⛔ ADX too high (98.40) - Market trending (EXTREME_TREND); Max ADX for entry: 6
2026-08-14T12:11:48.164Z,62792.69,41.74,NEUTRAL,FLAT,YES,YES,30s,1.00,0.00,0.50,NEUTRAL,1.00,NORMAL,18.39,RANGING,NO,⛔ ADX too high (18.39) - Market trending (RANGING); Max ADX for entry: 6
2026-08-14T12:11:58.165Z,62774.69,31.88,OVERSOLD,FLAT,NO,NO,none,0.00,0.00,0.50,NEUTRAL,1.00,NORMAL,99.94,EXTREME_TREND,NO,⛔ ADX too high (99.94) - Market trending (EXTREME_TREND); Max ADX for entry: 6
2026-08-14T12:12:08.164Z,62774.69,31.88,OVERSOLD,FLAT,YES,YES,30s,1.00,0.00,0.50,NEUTRAL,1.00,NORMAL,98.36,EXTREME_TREND,NO,⛔ ADX too high (98.36) - Market trending (EXTREME_TREND); Max ADX for entry: 6
2026-08-14T12:12:18.165Z,62775.99,27.29,EXTREME_OVERSOLD,FLAT,YES,YES,30s,1.00,0.00,0.50,NEUTRAL,1.00,NORMAL,97.49,EXTREME_TREND,NO,⛔ ADX too high (97.49) - Market trending (EXTREME_TREND); Max ADX for entry: 6
2026-08-14T12:12:28.164Z,62774.71,16.36,EXTREME_OVERSOLD,FLAT,YES,YES,30s,1.00,0.00,0.50,NEUTRAL,1.00,NORMAL,33.73,TRENDING,NO,⛔ ADX too high (33.73) - Market trending (TRENDING); Max ADX for entry: 6
2026-08-14T12:12:38.176Z,62774.69,16.51,EXTREME_OVERSOLD,FLAT,YES,YES,1m,1.00,0.00,0.50,NEUTRAL,1.00,NORMAL,100.00,EXTREME_TREND,NO,⛔ ADX too high (100.00) - Market trending (EXTREME_TREND); Max ADX for entry: 6
2026-08-14T12:12:48.180Z,62774.70,16.52,EXTREME_OVERSOLD,FLAT,YES,YES,30s,1.00,0.00,0.50,NEUTRAL,1.00,NORMAL,7.08,RANGING,NO,⛔ ADX too high (7.08) - Market trending (RANGING); Max ADX for entry: 6
2026-08-14T12:12:58.166Z,62772.18,15.31,EXTREME_OVERSOLD,FLAT,YES,YES,10s,1.00,0.00,0.50,NEUTRAL,1.00,NORMAL,97.42,EXTREME_TREND,NO,⛔ ADX too high (97.42) - Market trending (EXTREME_TREND); Max ADX for entry: 6
2026-08-14T12:13:08.167Z,62772.17,16.10,EXTREME_OVERSOLD,FLAT,YES,YES,30s,1.00,0.00,0.50,NEUTRAL,1.00,NORMAL,65.15,STRONG_TREND,NO,⛔ ADX too high (65.15) - Market trending (STRONG_TREND); Max ADX for entry: 6
2026-08-14T12:13:18.165Z,62774.70,17.90,EXTREME_OVERSOLD,FLAT,YES,YES,30s,1.00,0.00,0.50,NEUTRAL,1.00,NORMAL,98.39,EXTREME_TREND,NO,⛔ ADX too high (98.39) - Market trending (EXTREME_TREND); Max ADX for entry: 6
2026-08-14T12:13:28.167Z,62774.70,17.91,EXTREME_OVERSOLD,FLAT,YES,YES,30s,1.00,0.00,0.50,NEUTRAL,1.00,NORMAL,86.78,EXTREME_TREND,NO,⛔ ADX too high (86.78) - Market trending (EXTREME_TREND); Max ADX for entry: 6
2026-08-14T12:13:38.166Z,62780.97,26.58,EXTREME_OVERSOLD,RISING,YES,YES,5m,1.00,0.00,0.50,NEUTRAL,1.00,NORMAL,34.35,TRENDING,NO,⛔ ADX too high (34.35) - Market trending (TRENDING); Max ADX for entry: 6
2026-08-14T12:13:48.168Z,62803.83,37.73,OVERSOLD,FLAT,YES,YES,5m,1.00,0.00,0.50,NEUTRAL,1.00,NORMAL,99.49,EXTREME_TREND,NO,⛔ ADX too high (99.49) - Market trending (EXTREME_TREND); Max ADX for entry: 6
2026-08-14T12:13:58.166Z,62805.56,38.37,OVERSOLD,FLAT,YES,YES,30s,1.00,0.00,0.50,NEUTRAL,1.00,NORMAL,99.51,EXTREME_TREND,NO,⛔ ADX too high (99.51) - Market trending (EXTREME_TREND); Max ADX for entry: 6
2026-08-14T12:14:08.166Z,62794.01,35.88,OVERSOLD,FLAT,YES,YES,10s,1.00,0.00,0.50,NEUTRAL,1.00,NORMAL,98.27,EXTREME_TREND,NO,⛔ ADX too high (98.27) - Market trending (EXTREME_TREND); Max ADX for entry: 6
2026-08-14T12:14:18.168Z,62796.87,36.89,OVERSOLD,FLAT,YES,YES,10s,1.00,0.00,0.50,NEUTRAL,1.00,NORMAL,99.00,EXTREME_TREND,NO,⛔ ADX too high (99.00) - Market trending (EXTREME_TREND); Max ADX for entry: 6
2026-08-14T12:14:28.171Z,62796.87,46.33,NEUTRAL,FLAT,YES,YES,30s,1.00,0.00,0.50,NEUTRAL,1.00,NORMAL,58.68,STRONG_TREND,NO,⛔ ADX too high (58.68) - Market trending (STRONG_TREND); Max ADX for entry: 6
2026-08-14T12:14:38.184Z,62803.99,48.86,NEUTRAL,FLAT,YES,YES,10s,1.00,0.00,0.50,NEUTRAL,1.00,NORMAL,97.12,EXTREME_TREND,NO,⛔ ADX too high (97.12) - Market trending (EXTREME_TREND); Max ADX for entry: 6
2026-08-14T12:14:48.168Z,62805.99,50.81,NEUTRAL,FLAT,YES,YES,10s,1.00,0.00,0.50,NEUTRAL,1.00,NORMAL,96.84,EXTREME_TREND,NO,⛔ ADX too high (96.84) - Market trending (EXTREME_TREND); Max ADX for entry: 6
2026-08-14T12:14:58.164Z,62812.00,52.78,NEUTRAL,FLAT,YES,YES,15m,1.00,0.00,0.50,NEUTRAL,1.00,NORMAL,99.31,EXTREME_TREND,NO,⛔ ADX too high (99.31) - Market trending (EXTREME_TREND); Max ADX for entry: 6
2026-08-14T12:15:08.169Z,62827.46,58.48,NEUTRAL,FLAT,YES,YES,15m,1.00,0.00,0.50,NEUTRAL,1.00,NORMAL,100.00,EXTREME_TREND,NO,⛔ ADX too high (100.00) - Market trending (EXTREME_TREND); Max ADX for entry: 6
2026-08-14T20:23:39.148Z,62969.72,77.11,EXTREME_OVERBOUGHT,FLAT,YES,YES,1m,1.00,0.00,0.50,NEUTRAL,1.00,NORMAL,48.95,TRENDING,NO,⛔ ADX too high (48.95) - Market trending (TRENDING); Max ADX for entry: 6
2026-08-14T20:23:49.141Z,62974.80,78.95,EXTREME_OVERBOUGHT,FLAT,YES,YES,15m,1.00,0.00,0.50,NEUTRAL,1.00,NORMAL,96.48,EXTREME_TREND,NO,⛔ ADX too high (96.48) - Market trending (EXTREME_TREND); Max ADX for entry: 6
2026-08-14T20:23:59.146Z,62987.44,87.04,EXTREME_OVERBOUGHT,FLAT,YES,YES,15m,1.00,0.00,0.50,NEUTRAL,1.00,NORMAL,99.98,EXTREME_TREND,NO,⛔ ADX too high (99.98) - Market trending (EXTREME_TREND); Max ADX for entry: 6
2026-08-14T20:24:09.144Z,62987.43,87.04,EXTREME_OVERBOUGHT,FLAT,YES,YES,10s,1.00,0.00,0.50,NEUTRAL,1.00,NORMAL,38.91,TRENDING,NO,⛔ ADX too high (38.91) - Market trending (TRENDING); Max ADX for entry: 6
2026-08-14T20:24:19.147Z,62987.43,87.06,EXTREME_OVERBOUGHT,FLAT,YES,YES,30s,1.00,0.00,0.50,NEUTRAL,1.00,NORMAL,100.00,EXTREME_TREND,NO,⛔ ADX too high (100.00) - Market trending (EXTREME_TREND); Max ADX for entry: 6
2026-08-14T20:24:29.143Z,62987.44,87.02,EXTREME_OVERBOUGHT,FLAT,YES,YES,10s,1.00,0.00,0.50,NEUTRAL,1.00,NORMAL,19.67,RANGING,NO,⛔ ADX too high (19.67) - Market trending (RANGING); Max ADX for entry: 6
2026-08-14T20:24:39.147Z,62980.39,79.26,EXTREME_OVERBOUGHT,FALLING,YES,YES,1m,1.00,0.00,0.50,NEUTRAL,1.00,NORMAL,100.00,EXTREME_TREND,NO,⛔ ADX too high (100.00) - Market trending (EXTREME_TREND); Max ADX for entry: 6
2026-08-14T20:24:49.594Z,62976.00,71.77,EXTREME_OVERBOUGHT,FLAT,YES,YES,10s,1.00,0.00,0.50,NEUTRAL,1.00,NORMAL,99.60,EXTREME_TREND,NO,⛔ ADX too high (99.60) - Market trending (EXTREME_TREND); Max ADX for entry: 6
2026-08-14T20:24:59.147Z,62976.00,71.75,EXTREME_OVERBOUGHT,FLAT,YES,YES,30s,1.00,0.00,0.50,NEUTRAL,1.00,NORMAL,54.12,STRONG_TREND,NO,⛔ ADX too high (54.12) - Market trending (STRONG_TREND); Max ADX for entry: 6
2026-08-14T20:25:09.149Z,62973.49,66.49,OVERBOUGHT,FALLING,YES,YES,5m,1.00,0.00,0.50,NEUTRAL,1.00,NORMAL,99.50,EXTREME_TREND,NO,⛔ ADX too high (99.50) - Market trending (EXTREME_TREND); Max ADX for entry: 6
2026-08-14T20:25:19.146Z,62960.29,55.86,NEUTRAL,FALLING,YES,YES,5m,1.00,0.00,0.50,NEUTRAL,1.00,NORMAL,100.00,EXTREME_TREND,NO,⛔ ADX too high (100.00) - Market trending (EXTREME_TREND); Max ADX for entry: 6
2026-08-14T20:25:29.149Z,62957.57,54.08,NEUTRAL,FLAT,YES,YES,10s,1.00,0.00,0.50,NEUTRAL,1.00,NORMAL,99.93,EXTREME_TREND,NO,⛔ ADX too high (99.93) - Market trending (EXTREME_TREND); Max ADX for entry: 6
2026-08-14T20:25:39.147Z,62948.65,51.25,NEUTRAL,FALLING,YES,YES,5m,1.00,0.00,0.50,NEUTRAL,1.00,NORMAL,100.00,EXTREME_TREND,NO,⛔ ADX too high (100.00) - Market trending (EXTREME_TREND); Max ADX for entry: 6
2026-08-14T20:25:49.149Z,62948.64,51.25,NEUTRAL,FLAT,YES,YES,30s,1.00,0.00,0.50,NEUTRAL,1.00,NORMAL,100.00,EXTREME_TREND,NO,⛔ ADX too high (100.00) - Market trending (EXTREME_TREND); Max ADX for entry: 6
2026-08-14T20:25:59.149Z,62942.60,48.02,NEUTRAL,FALLING,YES,YES,30s,1.00,0.00,0.50,NEUTRAL,1.00,NORMAL,99.57,EXTREME_TREND,NO,⛔ ADX too high (99.57) - Market trending (EXTREME_TREND); Max ADX for entry: 6
2026-08-14T20:26:09.149Z,62942.60,46.77,NEUTRAL,FALLING,YES,YES,10s,1.00,0.00,0.50,NEUTRAL,1.00,NORMAL,98.96,EXTREME_TREND,NO,⛔ ADX too high (98.96) - Market trending (EXTREME_TREND); Max ADX for entry: 6
2026-08-14T20:26:19.154Z,62942.61,46.77,NEUTRAL,FLAT,YES,YES,10s,1.00,0.00,0.50,NEUTRAL,1.00,NORMAL,52.64,STRONG_TREND,NO,⛔ ADX too high (52.64) - Market trending (STRONG_TREND); Max ADX for entry: 6
2026-08-14T20:26:29.150Z,62942.60,47.93,NEUTRAL,FLAT,YES,YES,10s,1.00,0.00,0.50,NEUTRAL,1.00,NORMAL,86.13,EXTREME_TREND,NO,⛔ ADX too high (86.13) - Market trending (EXTREME_TREND); Max ADX for entry: 6
2026-08-14T20:26:39.156Z,62942.61,49.22,NEUTRAL,FLAT,YES,YES,1m,1.00,0.00,0.50,NEUTRAL,1.00,NORMAL,35.24,TRENDING,NO,⛔ ADX too high (35.24) - Market trending (TRENDING); Max ADX for entry: 6
2026-08-14T20:26:49.154Z,62942.60,49.21,NEUTRAL,FLAT,YES,YES,10s,1.00,0.00,0.50,NEUTRAL,1.00,NORMAL,9.67,RANGING,NO,⛔ ADX too high (9.67) - Market trending (RANGING); Max ADX for entry: 6
2026-08-14T20:26:59.151Z,62942.60,49.21,NEUTRAL,FLAT,YES,YES,5m,1.00,0.00,0.50,NEUTRAL,1.00,NORMAL,21.10,TRANSITION,NO,⛔ ADX too high (21.10) - Market trending (TRANSITION); Max ADX for entry: 6
2026-08-14T20:27:09.150Z,62942.61,48.28,NEUTRAL,FLAT,YES,YES,5m,1.00,0.00,0.50,NEUTRAL,1.00,NORMAL,52.82,STRONG_TREND,NO,⛔ ADX too high (52.82) - Market trending (STRONG_TREND); Max ADX for entry: 6
2026-08-14T20:27:19.153Z,62942.60,48.27,NEUTRAL,FLAT,YES,YES,5m,1.00,0.00,0.50,NEUTRAL,1.00,NORMAL,23.57,TRANSITION,NO,⛔ ADX too high (23.57) - Market trending (TRANSITION); Max ADX for entry: 6
2026-08-14T20:27:29.153Z,62942.61,48.28,NEUTRAL,FLAT,YES,YES,10s,1.00,0.00,0.50,NEUTRAL,1.00,NORMAL,62.29,STRONG_TREND,NO,⛔ ADX too high (62.29) - Market trending (STRONG_TREND); Max ADX for entry: 6
2026-08-14T20:27:39.153Z,62957.99,56.01,NEUTRAL,RISING,YES,YES,15m,1.00,0.00,0.50,NEUTRAL,1.00,NORMAL,99.81,EXTREME_TREND,NO,⛔ ADX too high (99.81) - Market trending (EXTREME_TREND); Max ADX for entry: 6
2026-08-14T20:27:49.152Z,62964.99,58.82,NEUTRAL,FLAT,YES,YES,15m,1.00,0.00,0.50,NEUTRAL,1.00,NORMAL,99.72,EXTREME_TREND,NO,⛔ ADX too high (99.72) - Market trending (EXTREME_TREND); Max ADX for entry: 6
2026-08-14T20:27:59.154Z,62964.98,47.23,NEUTRAL,FLAT,YES,YES,10s,1.00,0.00,0.50,NEUTRAL,1.00,NORMAL,99.84,EXTREME_TREND,NO,⛔ ADX too high (99.84) - Market trending (EXTREME_TREND); Max ADX for entry: 6
2026-08-14T20:28:09.154Z,62962.46,45.89,NEUTRAL,FALLING,YES,YES,30s,1.00,0.00,0.50,NEUTRAL,1.00,NORMAL,100.00,EXTREME_TREND,NO,⛔ ADX too high (100.00) - Market trending (EXTREME_TREND); Max ADX for entry: 6
2026-08-14T20:28:19.155Z,62962.46,45.88,NEUTRAL,FLAT,YES,YES,30s,1.00,0.00,0.50,NEUTRAL,1.00,NORMAL,98.51,EXTREME_TREND,NO,⛔ ADX too high (98.51) - Market trending (EXTREME_TREND); Max ADX for entry: 6
2026-08-14T20:28:29.154Z,62966.87,48.47,NEUTRAL,FLAT,YES,YES,5m,1.00,0.00,0.50,NEUTRAL,1.00,NORMAL,83.90,EXTREME_TREND,NO,⛔ ADX too high (83.90) - Market trending (EXTREME_TREND); Max ADX for entry: 6
2026-08-14T20:28:39.154Z,62963.92,46.99,NEUTRAL,FLAT,YES,YES,10s,1.00,0.00,0.50,NEUTRAL,1.00,NORMAL,98.48,EXTREME_TREND,NO,⛔ ADX too high (98.48) - Market trending (EXTREME_TREND); Max ADX for entry: 6
2026-08-14T20:28:49.599Z,62963.93,44.05,NEUTRAL,FLAT,YES,YES,10s,1.00,0.00,0.50,NEUTRAL,1.00,NORMAL,12.78,RANGING,NO,⛔ ADX too high (12.78) - Market trending (RANGING); Max ADX for entry: 6
2026-08-14T20:28:59.154Z,62966.87,37.42,OVERSOLD,FLAT,YES,YES,30s,1.00,0.00,0.50,NEUTRAL,1.00,NORMAL,99.21,EXTREME_TREND,NO,⛔ ADX too high (99.21) - Market trending (EXTREME_TREND); Max ADX for entry: 6
2026-08-14T20:29:09.157Z,62951.64,31.54,OVERSOLD,FALLING,YES,YES,10s,1.00,0.00,0.50,NEUTRAL,1.00,NORMAL,14.63,RANGING,NO,⛔ ADX too high (14.63) - Market trending (RANGING); Max ADX for entry: 6
2026-08-14T20:29:19.155Z,62950.00,31.01,OVERSOLD,FLAT,YES,YES,30s,1.00,0.00,0.50,NEUTRAL,1.00,NORMAL,100.00,EXTREME_TREND,NO,⛔ ADX too high (100.00) - Market trending (EXTREME_TREND); Max ADX for entry: 6
2026-08-14T20:29:29.157Z,62949.73,30.92,OVERSOLD,FLAT,YES,YES,10s,1.00,0.00,0.50,NEUTRAL,1.00,NORMAL,99.77,EXTREME_TREND,NO,⛔ ADX too high (99.77) - Market trending (EXTREME_TREND); Max ADX for entry: 6
2026-08-14T20:29:39.157Z,62949.74,33.30,OVERSOLD,FLAT,YES,YES,30s,1.00,0.00,0.50,NEUTRAL,1.00,NORMAL,77.11,EXTREME_TREND,NO,⛔ ADX too high (77.11) - Market trending (EXTREME_TREND); Max ADX for entry: 6
2026-08-14T20:29:49.157Z,62949.73,34.96,OVERSOLD,FLAT,YES,YES,10s,1.00,0.00,0.50,NEUTRAL,1.00,NORMAL,100.00,EXTREME_TREND,NO,⛔ ADX too high (100.00) - Market trending (EXTREME_TREND); Max ADX for entry: 6
2026-08-14T20:29:59.159Z,62949.74,34.97,OVERSOLD,FLAT,YES,YES,10s,1.00,0.00,0.50,NEUTRAL,1.00,NORMAL,33.46,TRENDING,NO,⛔ ADX too high (33.46) - Market trending (TRENDING); Max ADX for entry: 6
2026-08-14T20:30:09.157Z,62949.73,36.00,OVERSOLD,FLAT,YES,YES,1m,1.00,0.00,0.50,NEUTRAL,1.00,NORMAL,14.71,RANGING,NO,⛔ ADX too high (14.71) - Market trending (RANGING); Max ADX for entry: 6
2026-08-14T20:30:19.157Z,62949.74,42.65,NEUTRAL,FLAT,YES,YES,1m,1.00,0.00,0.50,NEUTRAL,1.00,NORMAL,8.25,RANGING,NO,⛔ ADX too high (8.25) - Market trending (RANGING); Max ADX for entry: 6
2026-08-14T20:30:29.157Z,62957.28,49.81,NEUTRAL,FLAT,YES,YES,10s,1.00,0.00,0.50,NEUTRAL,1.00,NORMAL,99.84,EXTREME_TREND,NO,⛔ ADX too high (99.84) - Market trending (EXTREME_TREND); Max ADX for entry: 6
2026-08-14T20:30:39.157Z,62957.28,56.38,NEUTRAL,FLAT,YES,YES,30s,1.00,0.00,0.50,NEUTRAL,1.00,NORMAL,95.71,EXTREME_TREND,NO,⛔ ADX too high (95.71) - Market trending (EXTREME_TREND); Max ADX for entry: 6
2026-08-14T20:30:49.157Z,62957.27,56.37,NEUTRAL,FLAT,YES,YES,30s,1.00,0.00,0.50,NEUTRAL,1.00,NORMAL,20.52,TRANSITION,NO,⛔ ADX too high (20.52) - Market trending (TRANSITION); Max ADX for entry: 6
2026-08-14T20:30:59.166Z,62957.28,61.91,OVERBOUGHT,RISING,YES,YES,30s,1.00,0.00,0.50,NEUTRAL,1.00,NORMAL,20.54,TRANSITION,NO,⛔ ADX too high (20.54) - Market trending (TRANSITION); Max ADX for entry: 6
2026-08-14T20:31:09.160Z,62949.69,55.12,NEUTRAL,FALLING,YES,YES,5m,1.00,0.00,0.50,NEUTRAL,1.00,NORMAL,98.28,EXTREME_TREND,NO,⛔ ADX too high (98.28) - Market trending (EXTREME_TREND); Max ADX for entry: 6
2026-08-14T20:31:19.164Z,62949.69,55.12,NEUTRAL,FLAT,YES,YES,30s,1.00,0.00,0.50,NEUTRAL,1.00,NORMAL,100.00,EXTREME_TREND,NO,⛔ ADX too high (100.00) - Market trending (EXTREME_TREND); Max ADX for entry: 6
2026-08-14T20:31:29.162Z,62955.97,58.86,NEUTRAL,FLAT,YES,YES,10s,1.00,0.00,0.50,NEUTRAL,1.00,NORMAL,98.84,EXTREME_TREND,NO,⛔ ADX too high (98.84) - Market trending (EXTREME_TREND); Max ADX for entry: 6
2026-08-14T20:31:39.161Z,62955.97,58.85,NEUTRAL,FLAT,YES,YES,30s,1.00,0.00,0.50,NEUTRAL,1.00,NORMAL,12.12,RANGING,NO,⛔ ADX too high (12.12) - Market trending (RANGING); Max ADX for entry: 6
2026-08-14T20:31:49.164Z,62955.96,58.85,NEUTRAL,FLAT,YES,YES,10s,1.00,0.00,0.50,NEUTRAL,1.00,NORMAL,7.40,RANGING,NO,⛔ ADX too high (7.40) - Market trending (RANGING); Max ADX for entry: 6
2026-08-14T20:31:59.162Z,62955.96,58.86,NEUTRAL,FLAT,YES,YES,30s,1.00,0.00,0.50,NEUTRAL,1.00,NORMAL,9.80,RANGING,NO,⛔ ADX too high (9.80) - Market trending (RANGING); Max ADX for entry: 6
2026-08-14T20:32:09.160Z,62955.96,58.85,NEUTRAL,FLAT,YES,YES,30s,1.00,0.00,0.50,NEUTRAL,1.00,NORMAL,26.27,TRENDING,NO,⛔ ADX too high (26.27) - Market trending (TRENDING); Max ADX for entry: 6
2026-08-14T20:32:19.163Z,62955.97,58.86,NEUTRAL,FLAT,YES,YES,1m,1.00,0.00,0.50,NEUTRAL,1.00,NORMAL,72.84,STRONG_TREND,NO,⛔ ADX too high (72.84) - Market trending (STRONG_TREND); Max ADX for entry: 6
2026-08-14T20:32:29.171Z,62955.96,58.85,NEUTRAL,FLAT,YES,YES,5m,1.00,0.00,0.50,NEUTRAL,1.00,NORMAL,6.18,RANGING,NO,⛔ ADX too high (6.18) - Market trending (RANGING); Max ADX for entry: 6
2026-08-14T20:32:39.163Z,62951.54,45.01,NEUTRAL,FLAT,YES,YES,10s,1.00,0.00,0.50,NEUTRAL,1.00,NORMAL,99.49,EXTREME_TREND,NO,⛔ ADX too high (99.49) - Market trending (EXTREME_TREND); Max ADX for entry: 6
2026-08-14T20:32:49.165Z,62951.53,38.30,OVERSOLD,FLAT,YES,YES,10s,1.00,0.00,0.50,NEUTRAL,1.00,NORMAL,69.06,STRONG_TREND,NO,⛔ ADX too high (69.06) - Market trending (STRONG_TREND); Max ADX for entry: 6
2026-08-14T20:32:59.170Z,62937.49,30.78,OVERSOLD,FLAT,YES,YES,15m,1.00,0.00,0.50,NEUTRAL,1.00,NORMAL,99.86,EXTREME_TREND,NO,⛔ ADX too high (99.86) - Market trending (EXTREME_TREND); Max ADX for entry: 6
2026-08-14T20:33:09.161Z,62932.01,29.57,EXTREME_OVERSOLD,FLAT,YES,YES,10s,1.00,0.00,0.50,NEUTRAL,1.00,NORMAL,98.54,EXTREME_TREND,NO,⛔ ADX too high (98.54) - Market trending (EXTREME_TREND); Max ADX for entry: 6
2026-08-14T20:33:19.164Z,62932.01,29.58,EXTREME_OVERSOLD,FLAT,YES,YES,30s,1.00,0.00,0.50,NEUTRAL,1.00,NORMAL,44.24,TRENDING,NO,⛔ ADX too high (44.24) - Market trending (TRENDING); Max ADX for entry: 6
2026-08-14T20:33:29.163Z,62932.01,24.83,EXTREME_OVERSOLD,FLAT,YES,YES,30s,1.00,0.00,0.50,NEUTRAL,1.00,NORMAL,65.68,STRONG_TREND,NO,⛔ ADX too high (65.68) - Market trending (STRONG_TREND); Max ADX for entry: 6
2026-08-14T20:33:39.168Z,62934.90,29.03,EXTREME_OVERSOLD,FLAT,YES,YES,10s,1.00,0.00,0.50,NEUTRAL,1.00,NORMAL,97.90,EXTREME_TREND,NO,⛔ ADX too high (97.90) - Market trending (EXTREME_TREND); Max ADX for entry: 6
2026-08-14T20:33:49.165Z,62934.91,29.03,EXTREME_OVERSOLD,FLAT,YES,YES,10s,1.00,0.00,0.50,NEUTRAL,1.00,NORMAL,47.34,TRENDING,NO,⛔ ADX too high (47.34) - Market trending (TRENDING); Max ADX for entry: 6
2026-08-15T00:58:49.736Z,63010.00,61.49,OVERBOUGHT,FLAT,YES,YES,10s,1.00,0.00,0.50,NEUTRAL,1.00,NORMAL,59.83,STRONG_TREND,NO,⛔ ADX too high (59.83) - Market trending (STRONG_TREND); Max ADX for entry: 6
2026-08-15T00:58:59.736Z,63010.00,61.19,OVERBOUGHT,FLAT,YES,YES,30s,1.00,0.00,0.50,NEUTRAL,1.00,NORMAL,21.13,TRANSITION,NO,⛔ ADX too high (21.13) - Market trending (TRANSITION); Max ADX for entry: 6
2026-08-15T00:59:09.739Z,63009.99,61.18,OVERBOUGHT,FLAT,YES,YES,10s,1.00,0.00,0.50,NEUTRAL,1.00,NORMAL,55.55,STRONG_TREND,NO,⛔ ADX too high (55.55) - Market trending (STRONG_TREND); Max ADX for entry: 6
2026-08-15T00:59:19.736Z,63014.04,64.42,OVERBOUGHT,FLAT,YES,YES,10s,1.00,0.00,0.50,NEUTRAL,1.00,NORMAL,99.61,EXTREME_TREND,NO,⛔ ADX too high (99.61) - Market trending (EXTREME_TREND); Max ADX for entry: 6
2026-08-15T00:59:29.737Z,63014.03,64.41,OVERBOUGHT,FLAT,YES,YES,30s,1.00,0.00,0.50,NEUTRAL,1.00,NORMAL,6.86,RANGING,NO,⛔ ADX too high (6.86) - Market trending (RANGING); Max ADX for entry: 6
2026-08-15T00:59:39.737Z,63014.04,64.43,OVERBOUGHT,FLAT,YES,YES,10s,1.00,0.00,0.50,NEUTRAL,1.00,NORMAL,100.00,EXTREME_TREND,NO,⛔ ADX too high (100.00) - Market trending (EXTREME_TREND); Max ADX for entry: 6
2026-08-15T00:59:49.739Z,63019.89,68.22,OVERBOUGHT,FLAT,YES,YES,15m,1.00,0.00,0.50,NEUTRAL,1.00,NORMAL,99.49,EXTREME_TREND,NO,⛔ ADX too high (99.49) - Market trending (EXTREME_TREND); Max ADX for entry: 6
2026-08-15T00:59:59.738Z,63019.88,68.22,OVERBOUGHT,FLAT,YES,YES,30s,1.00,0.00,0.50,NEUTRAL,1.00,NORMAL,99.94,EXTREME_TREND,NO,⛔ ADX too high (99.94) - Market trending (EXTREME_TREND); Max ADX for entry: 6
2026-08-15T01:00:09.741Z,63015.92,63.60,OVERBOUGHT,FLAT,YES,YES,10s,1.00,0.00,0.50,NEUTRAL,1.00,NORMAL,98.42,EXTREME_TREND,NO,⛔ ADX too high (98.42) - Market trending (EXTREME_TREND); Max ADX for entry: 6
2026-08-15T01:00:19.740Z,63015.93,63.59,OVERBOUGHT,FLAT,YES,YES,10s,1.00,0.00,0.50,NEUTRAL,1.00,NORMAL,40.90,TRENDING,NO,⛔ ADX too high (40.90) - Market trending (TRENDING); Max ADX for entry: 6
2026-08-15T01:00:29.743Z,63015.93,63.60,OVERBOUGHT,FLAT,YES,YES,30s,1.00,0.00,0.50,NEUTRAL,1.00,NORMAL,73.92,STRONG_TREND,NO,⛔ ADX too high (73.92) - Market trending (STRONG_TREND); Max ADX for entry: 6
2026-08-15T01:00:39.740Z,63016.93,64.21,OVERBOUGHT,FLAT,YES,YES,15m,1.00,0.00,0.50,NEUTRAL,1.00,NORMAL,93.89,EXTREME_TREND,NO,⛔ ADX too high (93.89) - Market trending (EXTREME_TREND); Max ADX for entry: 6
2026-08-15T01:00:49.742Z,63016.94,64.22,OVERBOUGHT,FLAT,YES,YES,30s,1.00,0.00,0.50,NEUTRAL,1.00,NORMAL,62.63,STRONG_TREND,NO,⛔ ADX too high (62.63) - Market trending (STRONG_TREND); Max ADX for entry: 6
2026-08-15T01:00:59.738Z,63016.94,64.22,OVERBOUGHT,FLAT,YES,YES,30s,1.00,0.00,0.50,NEUTRAL,1.00,NORMAL,77.58,EXTREME_TREND,NO,⛔ ADX too high (77.58) - Market trending (EXTREME_TREND); Max ADX for entry: 6
2026-08-15T01:01:09.742Z,63016.94,64.22,OVERBOUGHT,FLAT,YES,YES,1m,1.00,0.00,0.50,NEUTRAL,1.00,NORMAL,83.62,EXTREME_TREND,NO,⛔ ADX too high (83.62) - Market trending (EXTREME_TREND); Max ADX for entry: 6
2026-08-15T01:01:19.741Z,63016.94,64.22,OVERBOUGHT,FLAT,YES,YES,1m,1.00,0.00,0.50,NEUTRAL,1.00,NORMAL,18.32,RANGING,NO,⛔ ADX too high (18.32) - Market trending (RANGING); Max ADX for entry: 6
2026-08-15T01:01:29.745Z,63016.94,64.22,OVERBOUGHT,FLAT,YES,YES,1m,1.00,0.00,0.50,NEUTRAL,1.00,NORMAL,27.59,TRENDING,NO,⛔ ADX too high (27.59) - Market trending (TRENDING); Max ADX for entry: 6
2026-08-15T01:01:39.742Z,63016.94,64.22,OVERBOUGHT,FLAT,YES,YES,5m,1.00,0.00,0.50,NEUTRAL,1.00,NORMAL,64.21,STRONG_TREND,NO,⛔ ADX too high (64.21) - Market trending (STRONG_TREND); Max ADX for entry: 6
2026-08-15T01:01:49.744Z,63006.04,54.28,NEUTRAL,FALLING,YES,YES,5m,1.00,0.00,0.50,NEUTRAL,1.00,NORMAL,99.65,EXTREME_TREND,NO,⛔ ADX too high (99.65) - Market trending (EXTREME_TREND); Max ADX for entry: 6
2026-08-15T01:01:59.741Z,63006.03,43.47,NEUTRAL,FLAT,YES,YES,30s,1.00,0.00,0.50,NEUTRAL,1.00,NORMAL,97.38,EXTREME_TREND,NO,⛔ ADX too high (97.38) - Market trending (EXTREME_TREND); Max ADX for entry: 6
2026-08-15T01:02:09.744Z,63006.03,34.88,OVERSOLD,FLAT,YES,YES,30s,1.00,0.00,0.50,NEUTRAL,1.00,NORMAL,22.26,TRANSITION,NO,⛔ ADX too high (22.26) - Market trending (TRANSITION); Max ADX for entry: 6
2026-08-15T01:02:19.744Z,63006.04,34.88,OVERSOLD,FLAT,YES,YES,1m,1.00,0.00,0.50,NEUTRAL,1.00,NORMAL,40.78,TRENDING,NO,⛔ ADX too high (40.78) - Market trending (TRENDING); Max ADX for entry: 6
2026-08-15T01:02:29.746Z,63006.03,34.86,OVERSOLD,FLAT,YES,YES,1m,1.00,0.00,0.50,NEUTRAL,1.00,NORMAL,55.01,STRONG_TREND,NO,⛔ ADX too high (55.01) - Market trending (STRONG_TREND); Max ADX for entry: 6
2026-08-15T01:02:39.742Z,63006.03,34.87,OVERSOLD,FLAT,YES,YES,1m,1.00,0.00,0.50,NEUTRAL,1.00,NORMAL,52.10,STRONG_TREND,NO,⛔ ADX too high (52.10) - Market trending (STRONG_TREND); Max ADX for entry: 6
2026-08-15T01:02:49.746Z,63006.04,34.89,OVERSOLD,FLAT,YES,YES,5m,1.00,0.00,0.50,NEUTRAL,1.00,NORMAL,54.38,STRONG_TREND,NO,⛔ ADX too high (54.38) - Market trending (STRONG_TREND); Max ADX for entry: 6
2026-08-15T01:02:59.744Z,63006.04,34.88,OVERSOLD,FLAT,YES,YES,5m,1.00,0.00,0.50,NEUTRAL,1.00,NORMAL,12.39,RANGING,NO,⛔ ADX too high (12.39) - Market trending (RANGING); Max ADX for entry: 6
2026-08-15T01:03:09.747Z,63006.03,34.89,OVERSOLD,FLAT,YES,YES,5m,1.00,0.00,0.50,NEUTRAL,1.00,NORMAL,12.04,RANGING,NO,⛔ ADX too high (12.04) - Market trending (RANGING); Max ADX for entry: 6
2026-08-15T01:03:19.747Z,63006.03,34.87,OVERSOLD,FLAT,YES,YES,10s,1.00,0.00,0.50,NEUTRAL,1.00,NORMAL,65.00,STRONG_TREND,NO,⛔ ADX too high (65.00) - Market trending (STRONG_TREND); Max ADX for entry: 6
2026-08-15T01:03:29.749Z,63006.04,34.88,OVERSOLD,FLAT,YES,YES,10s,1.00,0.00,0.50,NEUTRAL,1.00,NORMAL,6.59,RANGING,NO,⛔ ADX too high (6.59) - Market trending (RANGING); Max ADX for entry: 6
2026-08-15T01:03:39.746Z,63006.04,37.09,OVERSOLD,RISING,YES,YES,10s,1.00,0.00,0.50,NEUTRAL,1.00,NORMAL,51.04,STRONG_TREND,NO,⛔ ADX too high (51.04) - Market trending (STRONG_TREND); Max ADX for entry: 6
2026-08-15T01:03:49.749Z,63006.03,42.89,NEUTRAL,FLAT,YES,YES,5m,1.00,0.00,0.50,NEUTRAL,1.00,NORMAL,47.14,TRENDING,NO,⛔ ADX too high (47.14) - Market trending (TRENDING); Max ADX for entry: 6
2026-08-15T01:03:59.750Z,63006.04,42.62,NEUTRAL,FLAT,YES,YES,30s,1.00,0.00,0.50,NEUTRAL,1.00,NORMAL,15.85,RANGING,NO,⛔ ADX too high (15.85) - Market trending (RANGING); Max ADX for entry: 6
2026-08-15T01:04:09.749Z,63006.04,42.63,NEUTRAL,FLAT,YES,YES,5m,1.00,0.00,0.50,NEUTRAL,1.00,NORMAL,9.82,RANGING,NO,⛔ ADX too high (9.82) - Market trending (RANGING); Max ADX for entry: 6
2026-08-15T01:04:19.750Z,63006.04,32.46,OVERSOLD,FLAT,YES,YES,5m,1.00,0.00,0.50,NEUTRAL,1.00,NORMAL,18.89,RANGING,NO,⛔ ADX too high (18.89) - Market trending (RANGING); Max ADX for entry: 6
2026-08-15T01:04:29.750Z,63006.03,32.46,OVERSOLD,FLAT,YES,YES,5m,1.00,0.00,0.50,NEUTRAL,1.00,NORMAL,16.16,RANGING,NO,⛔ ADX too high (16.16) - Market trending (RANGING); Max ADX for entry: 6
2026-08-15T01:04:39.749Z,63006.04,32.47,OVERSOLD,FLAT,YES,YES,5m,1.00,0.00,0.50,NEUTRAL,1.00,NORMAL,7.37,RANGING,NO,⛔ ADX too high (7.37) - Market trending (RANGING); Max ADX for entry: 6
2026-08-15T13:29:11.539Z,63043.26,70.37,EXTREME_OVERBOUGHT,FLAT,YES,YES,15m,1.00,0.00,0.50,NEUTRAL,1.00,NORMAL,14.51,RANGING,NO,⛔ ADX too high (14.51) - Market trending (RANGING); Max ADX for entry: 6
2026-08-15T13:29:21.540Z,63043.26,70.19,EXTREME_OVERBOUGHT,FLAT,YES,YES,15m,1.00,0.00,0.50,NEUTRAL,1.00,NORMAL,62.05,STRONG_TREND,NO,⛔ ADX too high (62.05) - Market trending (STRONG_TREND); Max ADX for entry: 6
2026-08-15T13:29:31.551Z,63043.25,70.19,EXTREME_OVERBOUGHT,FLAT,YES,YES,5m,1.00,0.00,0.50,NEUTRAL,1.00,NORMAL,15.19,RANGING,NO,⛔ ADX too high (15.19) - Market trending (RANGING); Max ADX for entry: 6
2026-08-15T13:29:41.543Z,63036.00,12.57,EXTREME_OVERSOLD,FALLING,YES,YES,1h,1.00,0.00,0.50,NEUTRAL,1.00,NORMAL,99.71,EXTREME_TREND,NO,⛔ ADX too high (99.71) - Market trending (EXTREME_TREND); Max ADX for entry: 6
2026-08-15T13:29:51.550Z,63036.01,12.60,EXTREME_OVERSOLD,FLAT,YES,YES,10s,1.00,0.00,0.50,NEUTRAL,1.00,NORMAL,99.10,EXTREME_TREND,NO,⛔ ADX too high (99.10) - Market trending (EXTREME_TREND); Max ADX for entry: 6
2026-08-15T13:30:01.559Z,63036.01,12.60,EXTREME_OVERSOLD,FLAT,YES,YES,30s,1.00,0.00,0.50,NEUTRAL,1.00,NORMAL,20.62,TRANSITION,NO,⛔ ADX too high (20.62) - Market trending (TRANSITION); Max ADX for entry: 6
2026-08-15T13:30:11.553Z,63036.00,5.41,EXTREME_OVERSOLD,FLAT,YES,YES,1m,1.00,0.00,0.50,NEUTRAL,1.00,NORMAL,22.97,TRANSITION,NO,⛔ ADX too high (22.97) - Market trending (TRANSITION); Max ADX for entry: 6
2026-08-15T13:30:21.553Z,63032.00,3.62,EXTREME_OVERSOLD,FLAT,YES,YES,1h,1.00,0.00,0.50,NEUTRAL,1.00,NORMAL,99.31,EXTREME_TREND,NO,⛔ ADX too high (99.31) - Market trending (EXTREME_TREND); Max ADX for entry: 6
2026-08-15T13:30:31.539Z,63031.47,3.40,EXTREME_OVERSOLD,FLAT,YES,YES,10s,1.00,0.00,0.50,NEUTRAL,1.00,NORMAL,98.93,EXTREME_TREND,NO,⛔ ADX too high (98.93) - Market trending (EXTREME_TREND); Max ADX for entry: 6
2026-08-15T13:30:41.544Z,63031.47,3.40,EXTREME_OVERSOLD,FLAT,YES,YES,30s,1.00,0.00,0.50,NEUTRAL,1.00,NORMAL,7.40,RANGING,NO,⛔ ADX too high (7.40) - Market trending (RANGING); Max ADX for entry: 6
2026-08-15T13:30:51.558Z,63031.47,3.40,EXTREME_OVERSOLD,FLAT,YES,YES,30s,1.00,0.00,0.50,NEUTRAL,1.00,NORMAL,8.07,RANGING,NO,⛔ ADX too high (8.07) - Market trending (RANGING); Max ADX for entry: 6
2026-08-15T13:31:01.549Z,63031.47,3.69,EXTREME_OVERSOLD,FLAT,YES,YES,1m,1.00,0.00,0.50,NEUTRAL,1.00,NORMAL,40.20,TRENDING,NO,⛔ ADX too high (40.20) - Market trending (TRENDING); Max ADX for entry: 6
2026-08-15T13:31:11.552Z,63031.47,3.69,EXTREME_OVERSOLD,FLAT,YES,YES,1m,1.00,0.00,0.50,NEUTRAL,1.00,NORMAL,9.48,RANGING,NO,⛔ ADX too high (9.48) - Market trending (RANGING); Max ADX for entry: 6
2026-08-15T13:31:21.556Z,63031.47,3.62,EXTREME_OVERSOLD,FLAT,YES,YES,30s,1.00,0.00,0.50,NEUTRAL,1.00,NORMAL,100.00,EXTREME_TREND,NO,⛔ ADX too high (100.00) - Market trending (EXTREME_TREND); Max ADX for entry: 6
2026-08-15T16:32:01.881Z,63119.86,62.40,OVERBOUGHT,FLAT,YES,YES,10s,1.00,0.00,0.50,NEUTRAL,1.00,NORMAL,69.26,STRONG_TREND,NO,⛔ ADX too high (69.26) - Market trending (STRONG_TREND); Max ADX for entry: 6
2026-08-15T16:32:11.886Z,63119.87,62.44,OVERBOUGHT,FLAT,YES,YES,1m,1.00,0.00,0.50,NEUTRAL,1.00,NORMAL,63.25,STRONG_TREND,NO,⛔ ADX too high (63.25) - Market trending (STRONG_TREND); Max ADX for entry: 6
2026-08-15T16:32:21.882Z,63119.87,62.45,OVERBOUGHT,FLAT,YES,YES,1m,1.00,0.00,0.50,NEUTRAL,1.00,NORMAL,22.71,TRANSITION,NO,⛔ ADX too high (22.71) - Market trending (TRANSITION); Max ADX for entry: 6
2026-08-15T16:32:31.889Z,63119.86,62.42,OVERBOUGHT,FLAT,YES,YES,5m,1.00,0.00,0.50,NEUTRAL,1.00,NORMAL,72.22,STRONG_TREND,NO,⛔ ADX too high (72.22) - Market trending (STRONG_TREND); Max ADX for entry: 6
2026-08-15T16:32:41.884Z,63119.87,62.42,OVERBOUGHT,FLAT,YES,YES,5m,1.00,0.00,0.50,NEUTRAL,1.00,NORMAL,13.54,RANGING,NO,⛔ ADX too high (13.54) - Market trending (RANGING); Max ADX for entry: 6
2026-08-15T16:32:51.892Z,63119.86,61.72,OVERBOUGHT,FLAT,YES,YES,5m,1.00,0.00,0.50,NEUTRAL,1.00,NORMAL,25.79,TRENDING,NO,⛔ ADX too high (25.79) - Market trending (TRENDING); Max ADX for entry: 6
2026-08-15T16:33:01.888Z,63116.25,51.52,NEUTRAL,FLAT,YES,YES,5m,1.00,0.00,0.50,NEUTRAL,1.00,NORMAL,99.02,EXTREME_TREND,NO,⛔ ADX too high (99.02) - Market trending (EXTREME_TREND); Max ADX for entry: 6
2026-08-15T16:33:11.901Z,63115.59,50.00,NEUTRAL,FLAT,YES,YES,15m,1.00,0.00,0.50,NEUTRAL,1.00,NORMAL,98.52,EXTREME_TREND,NO,⛔ ADX too high (98.52) - Market trending (EXTREME_TREND); Max ADX for entry: 6
2026-08-15T16:33:21.882Z,63106.01,35.03,OVERSOLD,FLAT,YES,YES,15m,1.00,0.00,0.50,NEUTRAL,1.00,NORMAL,99.71,EXTREME_TREND,NO,⛔ ADX too high (99.71) - Market trending (EXTREME_TREND); Max ADX for entry: 6
2026-08-15T16:33:31.887Z,63106.00,34.99,OVERSOLD,FLAT,YES,YES,30s,1.00,0.00,0.50,NEUTRAL,1.00,NORMAL,30.33,TRENDING,NO,⛔ ADX too high (30.33) - Market trending (TRENDING); Max ADX for entry: 6
2026-08-15T16:33:41.886Z,63105.00,33.94,OVERSOLD,FLAT,YES,YES,15m,1.00,0.00,0.50,NEUTRAL,1.00,NORMAL,95.88,EXTREME_TREND,NO,⛔ ADX too high (95.88) - Market trending (EXTREME_TREND); Max ADX for entry: 6
2026-08-15T16:33:51.886Z,63103.69,32.62,OVERSOLD,FLAT,YES,YES,15m,1.00,0.00,0.50,NEUTRAL,1.00,NORMAL,98.32,EXTREME_TREND,NO,⛔ ADX too high (98.32) - Market trending (EXTREME_TREND); Max ADX for entry: 6
2026-08-15T16:34:01.885Z,63101.16,29.61,EXTREME_OVERSOLD,FLAT,YES,YES,10s,1.00,0.00,0.50,NEUTRAL,1.00,NORMAL,99.33,EXTREME_TREND,NO,⛔ ADX too high (99.33) - Market trending (EXTREME_TREND); Max ADX for entry: 6
2026-08-15T16:34:11.889Z,63092.92,24.13,EXTREME_OVERSOLD,FLAT,YES,YES,10s,1.00,0.00,0.50,NEUTRAL,1.00,NORMAL,99.56,EXTREME_TREND,NO,⛔ ADX too high (99.56) - Market trending (EXTREME_TREND); Max ADX for entry: 6
2026-08-15T16:34:21.885Z,63092.92,24.11,EXTREME_OVERSOLD,FLAT,YES,YES,10s,1.00,0.00,0.50,NEUTRAL,1.00,NORMAL,84.06,EXTREME_TREND,NO,⛔ ADX too high (84.06) - Market trending (EXTREME_TREND); Max ADX for entry: 6
2026-08-15T16:34:31.889Z,63092.93,22.14,EXTREME_OVERSOLD,FLAT,YES,YES,30s,1.00,0.00,0.50,NEUTRAL,1.00,NORMAL,72.05,STRONG_TREND,NO,⛔ ADX too high (72.05) - Market trending (STRONG_TREND); Max ADX for entry: 6
2026-08-15T16:34:41.885Z,63092.92,13.21,EXTREME_OVERSOLD,FLAT,YES,YES,10s,1.00,0.00,0.50,NEUTRAL,1.00,NORMAL,37.64,TRENDING,NO,⛔ ADX too high (37.64) - Market trending (TRENDING); Max ADX for entry: 6
2026-08-15T16:34:51.889Z,63092.93,13.20,EXTREME_OVERSOLD,FLAT,YES,YES,1m,1.00,0.00,0.50,NEUTRAL,1.00,NORMAL,38.64,TRENDING,NO,⛔ ADX too high (38.64) - Market trending (TRENDING); Max ADX for entry: 6
2026-08-15T16:35:01.887Z,63092.93,13.20,EXTREME_OVERSOLD,FLAT,YES,YES,1m,1.00,0.00,0.50,NEUTRAL,1.00,NORMAL,20.20,TRANSITION,NO,⛔ ADX too high (20.20) - Market trending (TRANSITION); Max ADX for entry: 6
2026-08-15T16:35:11.886Z,63092.92,11.28,EXTREME_OVERSOLD,FLAT,YES,YES,5m,1.00,0.00,0.50,NEUTRAL,1.00,NORMAL,53.85,STRONG_TREND,NO,⛔ ADX too high (53.85) - Market trending (STRONG_TREND); Max ADX for entry: 6
2026-08-15T16:35:21.889Z,63092.92,11.32,EXTREME_OVERSOLD,FLAT,YES,YES,10s,1.00,0.00,0.50,NEUTRAL,1.00,NORMAL,59.42,STRONG_TREND,NO,⛔ ADX too high (59.42) - Market trending (STRONG_TREND); Max ADX for entry: 6
2026-08-15T16:35:31.889Z,63095.22,19.42,EXTREME_OVERSOLD,FLAT,YES,YES,10s,1.00,0.00,0.50,NEUTRAL,1.00,NORMAL,98.49,EXTREME_TREND,NO,⛔ ADX too high (98.49) - Market trending (EXTREME_TREND); Max ADX for entry: 6
2026-08-15T16:35:41.887Z,63095.89,20.96,EXTREME_OVERSOLD,RISING,YES,YES,30s,1.00,0.00,0.50,NEUTRAL,1.00,NORMAL,100.00,EXTREME_TREND,NO,⛔ ADX too high (100.00) - Market trending (EXTREME_TREND); Max ADX for entry: 6
2026-08-15T16:35:51.907Z,63095.90,21.01,EXTREME_OVERSOLD,FLAT,YES,YES,10s,1.00,0.00,0.50,NEUTRAL,1.00,NORMAL,91.79,EXTREME_TREND,NO,⛔ ADX too high (91.79) - Market trending (EXTREME_TREND); Max ADX for entry: 6
2026-08-16T00:45:02.813Z,63070.00,50.00,NEUTRAL,FLAT,YES,YES,15m,1.00,0.00,0.50,NEUTRAL,1.00,NORMAL,22.34,TRANSITION,NO,⛔ ADX too high (22.34) - Market trending (TRANSITION); Max ADX for entry: 6
2026-08-16T00:45:12.811Z,63070.00,50.56,NEUTRAL,FLAT,YES,YES,10s,1.00,0.00,0.50,NEUTRAL,1.00,NORMAL,19.12,RANGING,NO,⛔ ADX too high (19.12) - Market trending (RANGING); Max ADX for entry: 6
2026-08-16T00:45:22.814Z,63069.99,49.44,NEUTRAL,FLAT,YES,YES,10s,1.00,0.75,0.50,NEUTRAL,1.00,NORMAL,4.79,RANGING,NO,RSI neutral (49.4)
2026-08-16T00:45:32.815Z,63070.00,50.00,NEUTRAL,FLAT,YES,YES,10s,1.00,0.00,0.50,NEUTRAL,1.00,NORMAL,18.80,RANGING,NO,⛔ ADX too high (18.80) - Market trending (RANGING); Max ADX for entry: 6
2026-08-16T00:45:42.812Z,63070.00,50.00,NEUTRAL,FLAT,YES,YES,10s,1.00,0.00,0.50,NEUTRAL,1.00,NORMAL,17.35,RANGING,NO,⛔ ADX too high (17.35) - Market trending (RANGING); Max ADX for entry: 6
2026-08-16T00:45:52.815Z,63070.00,50.53,NEUTRAL,FLAT,YES,YES,30s,1.00,0.00,0.50,NEUTRAL,1.00,NORMAL,15.30,RANGING,NO,⛔ ADX too high (15.30) - Market trending (RANGING); Max ADX for entry: 6
2026-08-16T00:46:02.814Z,63080.52,95.66,EXTREME_OVERBOUGHT,RISING,YES,YES,10s,1.00,0.00,0.50,NEUTRAL,1.00,NORMAL,7.22,RANGING,NO,⛔ ADX too high (7.22) - Market trending (RANGING); Max ADX for entry: 6
2026-08-16T00:46:14.637Z,63083.80,96.56,EXTREME_OVERBOUGHT,FLAT,YES,YES,10s,1.00,0.00,0.50,NEUTRAL,1.00,NORMAL,99.35,EXTREME_TREND,NO,⛔ ADX too high (99.35) - Market trending (EXTREME_TREND); Max ADX for entry: 6
2026-08-16T00:46:22.815Z,63083.81,96.69,EXTREME_OVERBOUGHT,FLAT,YES,YES,30s,1.00,0.00,0.50,NEUTRAL,1.00,NORMAL,99.11,EXTREME_TREND,NO,⛔ ADX too high (99.11) - Market trending (EXTREME_TREND); Max ADX for entry: 6
2026-08-16T00:46:32.815Z,63083.81,96.69,EXTREME_OVERBOUGHT,FLAT,YES,YES,30s,1.00,0.00,0.50,NEUTRAL,1.00,NORMAL,62.09,STRONG_TREND,NO,⛔ ADX too high (62.09) - Market trending (STRONG_TREND); Max ADX for entry: 6
2026-08-16T00:46:42.815Z,63083.80,96.62,EXTREME_OVERBOUGHT,FLAT,YES,YES,10s,1.00,0.00,0.50,NEUTRAL,1.00,NORMAL,6.34,RANGING,NO,⛔ ADX too high (6.34) - Market trending (RANGING); Max ADX for entry: 6
2026-08-16T01:57:42.929Z,63054.69,7.38,EXTREME_OVERSOLD,FLAT,YES,YES,5m,1.00,0.00,0.50,NEUTRAL,1.00,NORMAL,7.40,RANGING,NO,⛔ ADX too high (7.40) - Market trending (RANGING); Max ADX for entry: 6
2026-08-16T01:57:52.929Z,63054.69,7.11,EXTREME_OVERSOLD,FLAT,YES,YES,5m,1.00,0.00,0.50,NEUTRAL,1.00,NORMAL,34.11,TRENDING,NO,⛔ ADX too high (34.11) - Market trending (TRENDING); Max ADX for entry: 6
2026-08-16T01:58:02.931Z,63054.69,6.96,EXTREME_OVERSOLD,FLAT,YES,YES,5m,1.00,0.00,0.50,NEUTRAL,1.00,NORMAL,66.88,STRONG_TREND,NO,⛔ ADX too high (66.88) - Market trending (STRONG_TREND); Max ADX for entry: 6
2026-08-16T01:58:12.929Z,63054.69,6.97,EXTREME_OVERSOLD,FLAT,YES,YES,10s,1.00,0.00,0.50,NEUTRAL,1.00,NORMAL,70.10,STRONG_TREND,NO,⛔ ADX too high (70.10) - Market trending (STRONG_TREND); Max ADX for entry: 6
2026-08-16T12:03:44.002Z,63013.66,50.77,NEUTRAL,FLAT,YES,YES,5m,1.00,0.75,0.50,NEUTRAL,1.00,NORMAL,3.70,RANGING,NO,RSI neutral (50.8)
2026-08-16T12:03:54.008Z,63013.66,50.75,NEUTRAL,FLAT,YES,YES,15m,1.00,0.75,0.50,NEUTRAL,1.00,NORMAL,3.70,RANGING,NO,RSI neutral (50.8)
2026-08-16T12:04:04.005Z,63013.66,50.70,NEUTRAL,FLAT,YES,YES,15m,1.00,0.75,0.50,NEUTRAL,1.00,NORMAL,3.70,RANGING,NO,RSI neutral (50.7)
2026-08-16T12:04:14.013Z,63013.66,50.72,NEUTRAL,FLAT,YES,YES,15m,1.00,0.00,0.50,NEUTRAL,1.00,NORMAL,62.95,STRONG_TREND,NO,⛔ ADX too high (62.95) - Market trending (STRONG_TREND); Max ADX for entry: 6
2026-08-16T12:04:24.006Z,63013.66,50.00,NEUTRAL,FLAT,YES,YES,15m,1.00,0.75,0.50,NEUTRAL,1.00,NORMAL,4.65,RANGING,NO,RSI neutral (50.0)
2026-08-16T12:04:34.022Z,63013.66,50.70,NEUTRAL,FLAT,YES,YES,15m,1.00,0.75,0.50,NEUTRAL,1.00,NORMAL,3.70,RANGING,NO,RSI neutral (50.7)
2026-08-16T12:04:44.016Z,63014.21,71.32,EXTREME_OVERBOUGHT,FLAT,YES,YES,10s,1.00,0.00,0.50,NEUTRAL,1.00,NORMAL,66.66,STRONG_TREND,NO,⛔ ADX too high (66.66) - Market trending (STRONG_TREND); Max ADX for entry: 6
2026-08-16T12:04:54.007Z,63014.21,70.99,EXTREME_OVERBOUGHT,FLAT,YES,YES,30s,1.00,0.00,0.50,NEUTRAL,1.00,NORMAL,21.68,TRANSITION,NO,⛔ ADX too high (21.68) - Market trending (TRANSITION); Max ADX for entry: 6
2026-08-16T12:05:04.004Z,63023.03,96.16,EXTREME_OVERBOUGHT,FLAT,NO,NO,none,0.00,0.00,0.50,NEUTRAL,1.00,NORMAL,99.65,EXTREME_TREND,NO,⛔ ADX too high (99.65) - Market trending (EXTREME_TREND); Max ADX for entry: 6
2026-08-16T12:05:14.002Z,63023.04,96.25,EXTREME_OVERBOUGHT,FLAT,YES,YES,10s,1.00,0.00,0.50,NEUTRAL,1.00,NORMAL,99.35,EXTREME_TREND,NO,⛔ ADX too high (99.35) - Market trending (EXTREME_TREND); Max ADX for entry: 6
2026-08-16T12:05:24.013Z,63025.41,96.81,EXTREME_OVERBOUGHT,FLAT,NO,NO,none,0.00,0.00,0.50,NEUTRAL,1.00,NORMAL,98.34,EXTREME_TREND,NO,⛔ ADX too high (98.34) - Market trending (EXTREME_TREND); Max ADX for entry: 6
2026-08-16T12:05:34.017Z,63025.42,96.82,EXTREME_OVERBOUGHT,FLAT,YES,YES,30s,1.00,0.00,0.50,NEUTRAL,1.00,NORMAL,100.00,EXTREME_TREND,NO,⛔ ADX too high (100.00) - Market trending (EXTREME_TREND); Max ADX for entry: 6
2026-08-16T12:05:44.004Z,63025.42,96.67,EXTREME_OVERBOUGHT,FLAT,YES,YES,30s,1.00,0.00,0.50,NEUTRAL,1.00,NORMAL,11.65,RANGING,NO,⛔ ADX too high (11.65) - Market trending (RANGING); Max ADX for entry: 6
2026-08-16T12:05:54.017Z,63025.41,96.52,EXTREME_OVERBOUGHT,FLAT,YES,YES,1m,1.00,0.00,0.50,NEUTRAL,1.00,NORMAL,51.87,STRONG_TREND,NO,⛔ ADX too high (51.87) - Market trending (STRONG_TREND); Max ADX for entry: 6
2026-08-16T12:06:04.002Z,63025.41,96.44,EXTREME_OVERBOUGHT,FLAT,YES,YES,30s,1.00,0.00,0.50,NEUTRAL,1.00,NORMAL,18.07,RANGING,NO,⛔ ADX too high (18.07) - Market trending (RANGING); Max ADX for entry: 6
2026-08-16T12:06:14.018Z,63025.42,96.52,EXTREME_OVERBOUGHT,FLAT,YES,YES,30s,1.00,0.00,0.50,NEUTRAL,1.00,NORMAL,71.14,STRONG_TREND,NO,⛔ ADX too high (71.14) - Market trending (STRONG_TREND); Max ADX for entry: 6
2026-08-16T12:06:24.020Z,63025.41,96.37,EXTREME_OVERBOUGHT,FLAT,YES,YES,5m,1.00,0.00,0.50,NEUTRAL,1.00,NORMAL,10.15,RANGING,NO,⛔ ADX too high (10.15) - Market trending (RANGING); Max ADX for entry: 6
2026-08-16T12:06:34.018Z,63025.42,96.37,EXTREME_OVERBOUGHT,FLAT,YES,YES,5m,1.00,0.00,0.50,NEUTRAL,1.00,NORMAL,59.65,STRONG_TREND,NO,⛔ ADX too high (59.65) - Market trending (STRONG_TREND); Max ADX for entry: 6
2026-08-16T12:06:44.025Z,63025.42,96.30,EXTREME_OVERBOUGHT,FLAT,YES,YES,10s,1.00,0.00,0.50,NEUTRAL,1.00,NORMAL,53.03,STRONG_TREND,NO,⛔ ADX too high (53.03) - Market trending (STRONG_TREND); Max ADX for entry: 6
2026-08-16T12:06:54.005Z,63025.41,96.30,EXTREME_OVERBOUGHT,FLAT,YES,YES,5m,1.00,0.00,0.50,NEUTRAL,1.00,NORMAL,24.42,TRANSITION,NO,⛔ ADX too high (24.42) - Market trending (TRANSITION); Max ADX for entry: 6
2026-08-16T12:07:04.013Z,63025.42,96.23,EXTREME_OVERBOUGHT,FLAT,YES,YES,10s,1.00,0.00,0.50,NEUTRAL,1.00,NORMAL,52.66,STRONG_TREND,NO,⛔ ADX too high (52.66) - Market trending (STRONG_TREND); Max ADX for entry: 6
2026-08-16T12:07:14.006Z,63025.41,96.22,EXTREME_OVERBOUGHT,FLAT,YES,YES,5m,1.00,0.00,0.50,NEUTRAL,1.00,NORMAL,87.70,EXTREME_TREND,NO,⛔ ADX too high (87.70) - Market trending (EXTREME_TREND); Max ADX for entry: 6
2026-08-16T12:07:24.020Z,63025.41,96.15,EXTREME_OVERBOUGHT,FLAT,YES,YES,5m,1.00,0.00,0.50,NEUTRAL,1.00,NORMAL,21.36,TRANSITION,NO,⛔ ADX too high (21.36) - Market trending (TRANSITION); Max ADX for entry: 6
2026-08-16T12:07:34.005Z,63025.42,96.23,EXTREME_OVERBOUGHT,FLAT,YES,YES,10s,1.00,0.00,0.50,NEUTRAL,1.00,NORMAL,25.25,TRENDING,NO,⛔ ADX too high (25.25) - Market trending (TRENDING); Max ADX for entry: 6
2026-08-16T12:07:44.008Z,63025.42,96.30,EXTREME_OVERBOUGHT,FLAT,YES,YES,5m,1.00,0.00,0.50,NEUTRAL,1.00,NORMAL,34.42,TRENDING,NO,⛔ ADX too high (34.42) - Market trending (TRENDING); Max ADX for entry: 6
2026-08-16T20:13:34.874Z,63140.00,97.25,EXTREME_OVERBOUGHT,FLAT,YES,YES,1h,1.00,0.00,0.50,NEUTRAL,1.00,NORMAL,97.07,EXTREME_TREND,NO,⛔ ADX too high (97.07) - Market trending (EXTREME_TREND); Max ADX for entry: 6
2026-08-16T20:13:44.889Z,63140.00,97.25,EXTREME_OVERBOUGHT,FLAT,YES,YES,30s,1.00,0.00,0.50,NEUTRAL,1.00,NORMAL,98.60,EXTREME_TREND,NO,⛔ ADX too high (98.60) - Market trending (EXTREME_TREND); Max ADX for entry: 6
2026-08-16T20:13:54.874Z,63139.99,97.18,EXTREME_OVERBOUGHT,FLAT,YES,YES,30s,1.00,0.00,0.50,NEUTRAL,1.00,NORMAL,14.37,RANGING,NO,⛔ ADX too high (14.37) - Market trending (RANGING); Max ADX for entry: 6
2026-08-16T20:14:04.889Z,63140.00,97.32,EXTREME_OVERBOUGHT,FLAT,YES,YES,10s,1.00,0.00,0.50,NEUTRAL,1.00,NORMAL,7.40,RANGING,NO,⛔ ADX too high (7.40) - Market trending (RANGING); Max ADX for entry: 6
2026-08-16T20:14:14.876Z,63140.00,97.32,EXTREME_OVERBOUGHT,FLAT,YES,YES,10s,1.00,0.00,0.50,NEUTRAL,1.00,NORMAL,14.71,RANGING,NO,⛔ ADX too high (14.71) - Market trending (RANGING); Max ADX for entry: 6
2026-08-16T20:14:24.889Z,63135.97,75.25,EXTREME_OVERBOUGHT,FLAT,YES,YES,1m,1.00,0.00,0.50,NEUTRAL,1.00,NORMAL,98.56,EXTREME_TREND,NO,⛔ ADX too high (98.56) - Market trending (EXTREME_TREND); Max ADX for entry: 6
2026-08-16T20:14:34.876Z,63135.97,75.22,EXTREME_OVERBOUGHT,FLAT,YES,YES,30s,1.00,0.00,0.50,NEUTRAL,1.00,NORMAL,19.23,RANGING,NO,⛔ ADX too high (19.23) - Market trending (RANGING); Max ADX for entry: 6
2026-08-16T20:14:44.876Z,63135.97,75.27,EXTREME_OVERBOUGHT,FLAT,YES,YES,30s,1.00,0.00,0.50,NEUTRAL,1.00,NORMAL,7.40,RANGING,NO,⛔ ADX too high (7.40) - Market trending (RANGING); Max ADX for entry: 6
2026-08-16T20:14:54.889Z,63135.97,75.28,EXTREME_OVERBOUGHT,FLAT,YES,YES,1m,1.00,0.00,0.50,NEUTRAL,1.00,NORMAL,29.09,TRENDING,NO,⛔ ADX too high (29.09) - Market trending (TRENDING); Max ADX for entry: 6
2026-08-16T20:15:04.877Z,63134.95,71.19,EXTREME_OVERBOUGHT,FLAT,YES,YES,5m,1.00,0.00,0.50,NEUTRAL,1.00,NORMAL,96.33,EXTREME_TREND,NO,⛔ ADX too high (96.33) - Market trending (EXTREME_TREND); Max ADX for entry: 6
2026-08-16T20:15:14.876Z,63134.95,71.20,EXTREME_OVERBOUGHT,FLAT,YES,YES,10s,1.00,0.00,0.50,NEUTRAL,1.00,NORMAL,99.24,EXTREME_TREND,NO,⛔ ADX too high (99.24) - Market trending (EXTREME_TREND); Max ADX for entry: 6
2026-08-16T20:15:24.887Z,63134.95,71.16,EXTREME_OVERBOUGHT,FLAT,YES,YES,30s,1.00,0.00,0.50,NEUTRAL,1.00,NORMAL,57.90,STRONG_TREND,NO,⛔ ADX too high (57.90) - Market trending (STRONG_TREND); Max ADX for entry: 6
2026-08-16T20:15:34.875Z,63134.95,71.19,EXTREME_OVERBOUGHT,FLAT,YES,YES,1m,1.00,0.00,0.50,NEUTRAL,1.00,NORMAL,12.14,RANGING,NO,⛔ ADX too high (12.14) - Market trending (RANGING); Max ADX for entry: 6
2026-08-16T20:15:44.877Z,63134.95,71.22,EXTREME_OVERBOUGHT,FLAT,YES,YES,1m,1.00,0.00,0.50,NEUTRAL,1.00,NORMAL,25.15,TRENDING,NO,⛔ ADX too high (25.15) - Market trending (TRENDING); Max ADX for entry: 6
2026-08-16T20:15:54.879Z,63134.95,50.27,NEUTRAL,FLAT,YES,YES,10s,1.00,0.00,0.50,NEUTRAL,1.00,NORMAL,61.17,STRONG_TREND,NO,⛔ ADX too high (61.17) - Market trending (STRONG_TREND); Max ADX for entry: 6
2026-08-16T20:16:04.878Z,63134.95,50.27,NEUTRAL,FLAT,YES,YES,5m,1.00,0.00,0.50,NEUTRAL,1.00,NORMAL,19.09,RANGING,NO,⛔ ADX too high (19.09) - Market trending (RANGING); Max ADX for entry: 6
2026-08-16T20:16:14.878Z,63134.94,50.23,NEUTRAL,FLAT,YES,YES,15m,1.00,0.00,0.50,NEUTRAL,1.00,NORMAL,72.76,STRONG_TREND,NO,⛔ ADX too high (72.76) - Market trending (STRONG_TREND); Max ADX for entry: 6
2026-08-16T20:16:24.891Z,63134.95,50.27,NEUTRAL,FLAT,YES,YES,10s,1.00,0.00,0.50,NEUTRAL,1.00,NORMAL,11.07,RANGING,NO,⛔ ADX too high (11.07) - Market trending (RANGING); Max ADX for entry: 6
2026-08-16T20:16:34.876Z,63134.95,50.27,NEUTRAL,FLAT,YES,YES,5m,1.00,0.75,0.50,NEUTRAL,1.00,NORMAL,4.91,RANGING,NO,RSI neutral (50.3)
2026-08-16T20:16:44.882Z,63134.94,50.23,NEUTRAL,FLAT,YES,YES,10s,1.00,0.00,0.50,NEUTRAL,1.00,NORMAL,47.11,TRENDING,NO,⛔ ADX too high (47.11) - Market trending (TRENDING); Max ADX for entry: 6
2026-08-16T20:16:54.891Z,63134.95,50.27,NEUTRAL,FLAT,YES,YES,30s,1.00,0.00,0.50,NEUTRAL,1.00,NORMAL,86.95,EXTREME_TREND,NO,⛔ ADX too high (86.95) - Market trending (EXTREME_TREND); Max ADX for entry: 6
2026-08-16T20:17:04.878Z,63134.94,50.27,NEUTRAL,FLAT,YES,YES,10s,1.00,0.00,0.50,NEUTRAL,1.00,NORMAL,8.53,RANGING,NO,⛔ ADX too high (8.53) - Market trending (RANGING); Max ADX for entry: 6
2026-08-16T20:17:14.877Z,63134.94,50.23,NEUTRAL,FLAT,YES,YES,5m,1.00,0.75,0.50,NEUTRAL,1.00,NORMAL,3.70,RANGING,NO,RSI neutral (50.2)
2026-08-16T20:17:24.881Z,63134.95,50.32,NEUTRAL,FLAT,YES,YES,10s,1.00,0.00,0.50,NEUTRAL,1.00,NORMAL,37.06,TRENDING,NO,⛔ ADX too high (37.06) - Market trending (TRENDING); Max ADX for entry: 6
2026-08-16T20:17:34.890Z,63134.94,48.50,NEUTRAL,FLAT,YES,YES,15m,1.00,0.00,0.50,NEUTRAL,1.00,NORMAL,39.59,TRENDING,NO,⛔ ADX too high (39.59) - Market trending (TRENDING); Max ADX for entry: 6
2026-08-16T20:17:44.890Z,63134.95,48.54,NEUTRAL,FLAT,YES,YES,5m,1.00,0.00,0.50,NEUTRAL,1.00,NORMAL,11.87,RANGING,NO,⛔ ADX too high (11.87) - Market trending (RANGING); Max ADX for entry: 6
2026-08-16T20:17:54.881Z,63134.94,48.45,NEUTRAL,FLAT,YES,YES,15m,1.00,0.00,0.50,NEUTRAL,1.00,NORMAL,25.37,TRENDING,NO,⛔ ADX too high (25.37) - Market trending (TRENDING); Max ADX for entry: 6
2026-08-16T20:18:04.891Z,63134.94,48.45,NEUTRAL,FLAT,YES,YES,15m,1.00,0.00,0.50,NEUTRAL,1.00,NORMAL,7.40,RANGING,NO,⛔ ADX too high (7.40) - Market trending (RANGING); Max ADX for entry: 6
2026-08-16T20:18:14.893Z,63128.00,29.37,EXTREME_OVERSOLD,FLAT,YES,YES,10s,1.00,0.00,0.50,NEUTRAL,1.00,NORMAL,99.76,EXTREME_TREND,NO,⛔ ADX too high (99.76) - Market trending (EXTREME_TREND); Max ADX for entry: 6
2026-08-16T20:18:24.883Z,63128.01,29.42,EXTREME_OVERSOLD,FLAT,YES,YES,10s,1.00,0.00,0.50,NEUTRAL,1.00,NORMAL,31.95,TRENDING,NO,⛔ ADX too high (31.95) - Market trending (TRENDING); Max ADX for entry: 6
2026-08-16T20:18:34.881Z,63128.00,3.34,EXTREME_OVERSOLD,FLAT,YES,YES,30s,1.00,0.00,0.50,NEUTRAL,1.00,NORMAL,100.00,EXTREME_TREND,NO,⛔ ADX too high (100.00) - Market trending (EXTREME_TREND); Max ADX for entry: 6
2026-08-16T20:18:44.880Z,63128.01,3.28,EXTREME_OVERSOLD,FLAT,YES,YES,1m,1.00,0.00,0.50,NEUTRAL,1.00,NORMAL,100.00,EXTREME_TREND,NO,⛔ ADX too high (100.00) - Market trending (EXTREME_TREND); Max ADX for entry: 6
2026-08-16T20:18:54.881Z,63127.45,3.21,EXTREME_OVERSOLD,FLAT,YES,YES,15m,1.00,0.00,0.50,NEUTRAL,1.00,NORMAL,93.91,EXTREME_TREND,NO,⛔ ADX too high (93.91) - Market trending (EXTREME_TREND); Max ADX for entry: 6
2026-08-16T20:19:04.883Z,63127.44,3.21,EXTREME_OVERSOLD,FLAT,YES,YES,30s,1.00,0.00,0.50,NEUTRAL,1.00,NORMAL,91.64,EXTREME_TREND,NO,⛔ ADX too high (91.64) - Market trending (EXTREME_TREND); Max ADX for entry: 6
2026-08-16T20:19:14.887Z,63127.45,3.21,EXTREME_OVERSOLD,FLAT,YES,YES,30s,1.00,0.00,0.50,NEUTRAL,1.00,NORMAL,12.67,RANGING,NO,⛔ ADX too high (12.67) - Market trending (RANGING); Max ADX for entry: 6
2026-08-16T20:19:24.883Z,63127.44,4.39,EXTREME_OVERSOLD,FLAT,YES,YES,10s,1.00,0.00,0.50,NEUTRAL,1.00,NORMAL,18.32,RANGING,NO,⛔ ADX too high (18.32) - Market trending (RANGING); Max ADX for entry: 6
2026-08-16T20:19:34.883Z,63127.44,4.29,EXTREME_OVERSOLD,FLAT,YES,YES,1m,1.00,0.00,0.50,NEUTRAL,1.00,NORMAL,7.40,RANGING,NO,⛔ ADX too high (7.40) - Market trending (RANGING); Max ADX for entry: 6
2026-08-16T20:19:44.884Z,63127.44,4.39,EXTREME_OVERSOLD,FLAT,YES,YES,1m,1.00,0.00,0.50,NEUTRAL,1.00,NORMAL,70.60,STRONG_TREND,NO,⛔ ADX too high (70.60) - Market trending (STRONG_TREND); Max ADX for entry: 6
2026-08-16T20:19:54.882Z,63127.45,4.49,EXTREME_OVERSOLD,FLAT,YES,YES,5m,1.00,0.00,0.50,NEUTRAL,1.00,NORMAL,14.18,RANGING,NO,⛔ ADX too high (14.18) - Market trending (RANGING); Max ADX for entry: 6
2026-08-17T04:24:35.910Z,63506.78,64.45,OVERBOUGHT,FALLING,YES,YES,5m,1.00,0.00,0.50,NEUTRAL,1.00,NORMAL,98.37,EXTREME_TREND,NO,⛔ ADX too high (98.37) - Market trending (EXTREME_TREND); Max ADX for entry: 6
2026-08-17T04:24:45.899Z,63506.79,62.62,OVERBOUGHT,FALLING,YES,YES,10s,1.00,0.00,0.50,NEUTRAL,1.00,NORMAL,99.39,EXTREME_TREND,NO,⛔ ADX too high (99.39) - Market trending (EXTREME_TREND); Max ADX for entry: 6
2026-08-17T04:24:55.908Z,63501.99,59.02,NEUTRAL,FLAT,YES,YES,10s,1.00,0.00,0.50,NEUTRAL,1.00,NORMAL,98.96,EXTREME_TREND,NO,⛔ ADX too high (98.96) - Market trending (EXTREME_TREND); Max ADX for entry: 6
2026-08-17T04:25:06.341Z,63494.00,53.87,NEUTRAL,FLAT,YES,YES,10s,1.00,0.00,0.50,NEUTRAL,1.00,NORMAL,99.81,EXTREME_TREND,NO,⛔ ADX too high (99.81) - Market trending (EXTREME_TREND); Max ADX for entry: 6
2026-08-17T04:25:15.899Z,63494.01,53.87,NEUTRAL,FLAT,YES,YES,10s,1.00,0.00,0.50,NEUTRAL,1.00,NORMAL,21.87,TRANSITION,NO,⛔ ADX too high (21.87) - Market trending (TRANSITION); Max ADX for entry: 6
2026-08-17T04:25:25.910Z,63494.01,52.68,NEUTRAL,FLAT,YES,YES,30s,1.00,0.75,0.50,NEUTRAL,1.00,NORMAL,5.92,RANGING,NO,RSI neutral (52.7)
2026-08-17T04:25:35.911Z,63494.01,54.08,NEUTRAL,FLAT,YES,YES,10s,1.00,0.00,0.50,NEUTRAL,1.00,NORMAL,46.65,TRENDING,NO,⛔ ADX too high (46.65) - Market trending (TRENDING); Max ADX for entry: 6
2026-08-17T04:25:45.897Z,63494.00,54.06,NEUTRAL,FLAT,YES,YES,1m,1.00,0.00,0.50,NEUTRAL,1.00,NORMAL,21.87,TRANSITION,NO,⛔ ADX too high (21.87) - Market trending (TRANSITION); Max ADX for entry: 6
2026-08-17T04:25:55.914Z,63505.29,59.35,NEUTRAL,FLAT,NO,NO,none,0.00,0.00,0.50,NEUTRAL,1.00,NORMAL,99.49,EXTREME_TREND,NO,⛔ ADX too high (99.49) - Market trending (EXTREME_TREND); Max ADX for entry: 6
2026-08-17T04:26:05.911Z,63505.29,54.28,NEUTRAL,FLAT,YES,YES,30s,1.00,0.00,0.50,NEUTRAL,1.00,NORMAL,99.93,EXTREME_TREND,NO,⛔ ADX too high (99.93) - Market trending (EXTREME_TREND); Max ADX for entry: 6
2026-08-17T04:26:15.901Z,63505.30,53.12,NEUTRAL,FLAT,YES,YES,30s,1.00,0.00,0.50,NEUTRAL,1.00,NORMAL,24.25,TRANSITION,NO,⛔ ADX too high (24.25) - Market trending (TRANSITION); Max ADX for entry: 6
2026-08-17T04:26:25.907Z,63501.07,43.97,NEUTRAL,FALLING,YES,YES,1m,1.00,0.00,0.50,NEUTRAL,1.00,NORMAL,97.01,EXTREME_TREND,NO,⛔ ADX too high (97.01) - Market trending (EXTREME_TREND); Max ADX for entry: 6
2026-08-17T04:26:35.902Z,63496.63,41.56,NEUTRAL,FLAT,YES,YES,1m,1.00,0.00,0.50,NEUTRAL,1.00,NORMAL,100.00,EXTREME_TREND,NO,⛔ ADX too high (100.00) - Market trending (EXTREME_TREND); Max ADX for entry: 6
2026-08-17T04:26:45.922Z,63496.05,41.26,NEUTRAL,FLAT,YES,YES,30s,1.00,0.00,0.50,NEUTRAL,1.00,NORMAL,100.00,EXTREME_TREND,NO,⛔ ADX too high (100.00) - Market trending (EXTREME_TREND); Max ADX for entry: 6
2026-08-17T04:26:55.904Z,63496.06,41.27,NEUTRAL,FLAT,YES,YES,30s,1.00,0.00,0.50,NEUTRAL,1.00,NORMAL,87.09,EXTREME_TREND,NO,⛔ ADX too high (87.09) - Market trending (EXTREME_TREND); Max ADX for entry: 6
2026-08-17T04:27:05.906Z,63496.06,41.27,NEUTRAL,FLAT,YES,YES,30s,1.00,0.00,0.50,NEUTRAL,1.00,NORMAL,44.93,TRENDING,NO,⛔ ADX too high (44.93) - Market trending (TRENDING); Max ADX for entry: 6
2026-08-17T06:12:26.198Z,63579.27,59.25,NEUTRAL,FALLING,YES,YES,1m,1.00,0.00,0.50,NEUTRAL,1.00,NORMAL,99.60,EXTREME_TREND,NO,⛔ ADX too high (99.60) - Market trending (EXTREME_TREND); Max ADX for entry: 6
2026-08-17T06:12:36.188Z,63572.44,53.50,NEUTRAL,FLAT,YES,YES,5m,1.00,0.00,0.50,NEUTRAL,1.00,NORMAL,99.57,EXTREME_TREND,NO,⛔ ADX too high (99.57) - Market trending (EXTREME_TREND); Max ADX for entry: 6
2026-08-17T06:12:46.200Z,63572.44,50.89,NEUTRAL,FLAT,YES,YES,30s,1.00,0.00,0.50,NEUTRAL,1.00,NORMAL,99.76,EXTREME_TREND,NO,⛔ ADX too high (99.76) - Market trending (EXTREME_TREND); Max ADX for entry: 6
2026-08-17T06:12:56.189Z,63572.44,50.89,NEUTRAL,FLAT,YES,YES,30s,1.00,0.00,0.50,NEUTRAL,1.00,NORMAL,7.40,RANGING,NO,⛔ ADX too high (7.40) - Market trending (RANGING); Max ADX for entry: 6
2026-08-17T06:13:06.190Z,63580.78,53.55,NEUTRAL,RISING,YES,YES,1m,1.00,0.00,0.50,NEUTRAL,1.00,NORMAL,99.66,EXTREME_TREND,NO,⛔ ADX too high (99.66) - Market trending (EXTREME_TREND); Max ADX for entry: 6
2026-08-17T06:13:16.204Z,63580.77,53.55,NEUTRAL,FLAT,YES,YES,30s,1.00,0.00,0.50,NEUTRAL,1.00,NORMAL,99.50,EXTREME_TREND,NO,⛔ ADX too high (99.50) - Market trending (EXTREME_TREND); Max ADX for entry: 6
2026-08-17T06:13:26.190Z,63580.77,55.28,NEUTRAL,FLAT,YES,YES,10s,1.00,0.00,0.50,NEUTRAL,1.00,NORMAL,19.22,RANGING,NO,⛔ ADX too high (19.22) - Market trending (RANGING); Max ADX for entry: 6
2026-08-17T06:13:36.202Z,63580.78,55.28,NEUTRAL,FLAT,YES,YES,1m,1.00,0.00,0.50,NEUTRAL,1.00,NORMAL,48.41,TRENDING,NO,⛔ ADX too high (48.41) - Market trending (TRENDING); Max ADX for entry: 6
2026-08-17T06:13:46.189Z,63574.01,50.66,NEUTRAL,FALLING,YES,YES,1m,1.00,0.00,0.50,NEUTRAL,1.00,NORMAL,99.83,EXTREME_TREND,NO,⛔ ADX too high (99.83) - Market trending (EXTREME_TREND); Max ADX for entry: 6
2026-08-17T06:13:56.198Z,63567.47,46.58,NEUTRAL,FLAT,YES,YES,10s,1.00,0.00,0.50,NEUTRAL,1.00,NORMAL,99.92,EXTREME_TREND,NO,⛔ ADX too high (99.92) - Market trending (EXTREME_TREND); Max ADX for entry: 6
2026-08-17T06:14:06.190Z,63567.46,46.58,NEUTRAL,FLAT,YES,YES,10s,1.00,0.00,0.50,NEUTRAL,1.00,NORMAL,76.52,EXTREME_TREND,NO,⛔ ADX too high (76.52) - Market trending (EXTREME_TREND); Max ADX for entry: 6
2026-08-17T06:14:16.189Z,63577.75,51.72,NEUTRAL,FLAT,YES,YES,1m,1.00,0.00,0.50,NEUTRAL,1.00,NORMAL,99.67,EXTREME_TREND,NO,⛔ ADX too high (99.67) - Market trending (EXTREME_TREND); Max ADX for entry: 6
2026-08-17T06:14:26.203Z,63582.00,53.01,NEUTRAL,FLAT,YES,YES,30s,1.00,0.00,0.50,NEUTRAL,0.99,NORMAL,99.99,EXTREME_TREND,NO,⛔ ADX too high (99.99) - Market trending (EXTREME_TREND); Max ADX for entry: 6
2026-08-17T06:14:36.203Z,63584.47,52.15,NEUTRAL,FLAT,YES,YES,10s,1.00,0.00,0.50,NEUTRAL,0.99,NORMAL,70.96,STRONG_TREND,NO,⛔ ADX too high (70.96) - Market trending (STRONG_TREND); Max ADX for entry: 6
2026-08-17T06:14:46.191Z,63578.78,50.33,NEUTRAL,FLAT,YES,YES,10s,1.00,0.00,0.50,NEUTRAL,1.00,NORMAL,99.78,EXTREME_TREND,NO,⛔ ADX too high (99.78) - Market trending (EXTREME_TREND); Max ADX for entry: 6
2026-08-17T06:14:56.190Z,63574.03,48.22,NEUTRAL,FLAT,YES,YES,10s,1.00,0.00,0.50,NEUTRAL,1.00,NORMAL,96.30,EXTREME_TREND,NO,⛔ ADX too high (96.30) - Market trending (EXTREME_TREND); Max ADX for entry: 6
2026-08-17T06:15:06.204Z,63578.01,42.76,NEUTRAL,FALLING,YES,YES,30s,1.00,0.00,0.50,NEUTRAL,1.00,NORMAL,99.64,EXTREME_TREND,NO,⛔ ADX too high (99.64) - Market trending (EXTREME_TREND); Max ADX for entry: 6
2026-08-17T06:15:16.204Z,63584.35,38.92,OVERSOLD,FLAT,YES,YES,10s,1.00,0.00,0.50,NEUTRAL,1.00,NORMAL,99.36,EXTREME_TREND,NO,⛔ ADX too high (99.36) - Market trending (EXTREME_TREND); Max ADX for entry: 6
2026-08-17T06:15:26.193Z,63584.35,38.08,OVERSOLD,FLAT,YES,YES,30s,1.00,0.00,0.50,NEUTRAL,1.00,NORMAL,55.22,STRONG_TREND,NO,⛔ ADX too high (55.22) - Market trending (STRONG_TREND); Max ADX for entry: 6
2026-08-17T06:15:36.192Z,63584.35,39.16,OVERSOLD,FLAT,YES,YES,30s,1.00,0.00,0.50,NEUTRAL,1.00,NORMAL,100.00,EXTREME_TREND,NO,⛔ ADX too high (100.00) - Market trending (EXTREME_TREND); Max ADX for entry: 6
2026-08-17T06:15:46.192Z,63581.34,40.05,NEUTRAL,FLAT,YES,YES,1m,1.00,0.00,0.50,NEUTRAL,1.00,NORMAL,98.78,EXTREME_TREND,NO,⛔ ADX too high (98.78) - Market trending (EXTREME_TREND); Max ADX for entry: 6
2026-08-17T06:15:56.207Z,63579.13,39.80,OVERSOLD,FLAT,YES,YES,1m,1.00,0.00,0.50,NEUTRAL,1.00,NORMAL,99.23,EXTREME_TREND,NO,⛔ ADX too high (99.23) - Market trending (EXTREME_TREND); Max ADX for entry: 6
2026-08-17T06:16:06.199Z,63579.14,39.80,OVERSOLD,FLAT,YES,YES,30s,1.00,0.00,0.50,NEUTRAL,1.00,NORMAL,96.48,EXTREME_TREND,NO,⛔ ADX too high (96.48) - Market trending (EXTREME_TREND); Max ADX for entry: 6
2026-08-17T06:16:16.194Z,63581.26,41.07,NEUTRAL,FLAT,YES,YES,10s,1.00,0.00,0.50,NEUTRAL,1.00,NORMAL,97.33,EXTREME_TREND,NO,⛔ ADX too high (97.33) - Market trending (EXTREME_TREND); Max ADX for entry: 6
2026-08-17T11:41:27.021Z,63690.00,50.08,NEUTRAL,FLAT,YES,YES,5m,1.00,0.00,0.50,NEUTRAL,1.00,NORMAL,99.22,EXTREME_TREND,NO,⛔ ADX too high (99.22) - Market trending (EXTREME_TREND); Max ADX for entry: 6
2026-08-17T11:41:37.026Z,63690.01,50.17,NEUTRAL,FLAT,YES,YES,10s,1.00,0.00,0.50,NEUTRAL,1.00,NORMAL,18.89,RANGING,NO,⛔ ADX too high (18.89) - Market trending (RANGING); Max ADX for entry: 6
2026-08-17T11:41:47.025Z,63690.00,50.00,NEUTRAL,FLAT,YES,YES,10s,1.00,0.00,0.50,NEUTRAL,1.00,NORMAL,73.27,STRONG_TREND,NO,⛔ ADX too high (73.27) - Market trending (STRONG_TREND); Max ADX for entry: 6
2026-08-17T11:41:57.025Z,63690.00,50.00,NEUTRAL,FLAT,YES,YES,1m,1.00,0.75,0.50,NEUTRAL,1.00,NORMAL,3.70,RANGING,NO,RSI neutral (50.0)
2026-08-17T11:42:07.008Z,63690.00,50.00,NEUTRAL,FLAT,YES,YES,30s,1.00,0.00,0.50,NEUTRAL,1.00,NORMAL,73.40,STRONG_TREND,NO,⛔ ADX too high (73.40) - Market trending (STRONG_TREND); Max ADX for entry: 6
2026-08-17T11:42:17.012Z,63690.01,50.17,NEUTRAL,FLAT,YES,YES,1m,1.00,0.00,0.50,NEUTRAL,1.00,NORMAL,39.59,TRENDING,NO,⛔ ADX too high (39.59) - Market trending (TRENDING); Max ADX for entry: 6
2026-08-17T11:42:27.010Z,63692.23,63.93,OVERBOUGHT,FLAT,YES,YES,10s,1.00,0.00,0.50,NEUTRAL,1.00,NORMAL,97.69,EXTREME_TREND,NO,⛔ ADX too high (97.69) - Market trending (EXTREME_TREND); Max ADX for entry: 6
2026-08-17T11:42:37.027Z,63692.23,63.97,OVERBOUGHT,FLAT,YES,YES,30s,1.00,0.00,0.50,NEUTRAL,1.00,NORMAL,60.01,STRONG_TREND,NO,⛔ ADX too high (60.01) - Market trending (STRONG_TREND); Max ADX for entry: 6
2026-08-17T11:42:47.008Z,63692.36,64.46,OVERBOUGHT,FLAT,YES,YES,30s,1.00,0.00,0.50,NEUTRAL,1.00,NORMAL,77.24,EXTREME_TREND,NO,⛔ ADX too high (77.24) - Market trending (EXTREME_TREND); Max ADX for entry: 6
2026-08-17T11:42:57.013Z,63692.37,64.58,OVERBOUGHT,FLAT,YES,YES,30s,1.00,0.00,0.50,NEUTRAL,1.00,NORMAL,90.58,EXTREME_TREND,NO,⛔ ADX too high (90.58) - Market trending (EXTREME_TREND); Max ADX for entry: 6
2026-08-17T11:43:07.012Z,63692.99,67.16,OVERBOUGHT,FLAT,YES,YES,10s,1.00,0.00,0.50,NEUTRAL,1.00,NORMAL,96.10,EXTREME_TREND,NO,⛔ ADX too high (96.10) - Market trending (EXTREME_TREND); Max ADX for entry: 6
2026-08-17T11:43:17.013Z,63693.00,67.16,OVERBOUGHT,FLAT,YES,YES,10s,1.00,0.00,0.50,NEUTRAL,1.00,NORMAL,63.61,STRONG_TREND,NO,⛔ ADX too high (63.61) - Market trending (STRONG_TREND); Max ADX for entry: 6
2026-08-17T11:43:27.013Z,63692.99,67.16,OVERBOUGHT,FLAT,YES,YES,30s,1.00,0.00,0.50,NEUTRAL,1.00,NORMAL,56.13,STRONG_TREND,NO,⛔ ADX too high (56.13) - Market trending (STRONG_TREND); Max ADX for entry: 6
2026-08-17T11:43:37.012Z,63693.00,67.16,OVERBOUGHT,FLAT,YES,YES,10s,1.00,0.00,0.50,NEUTRAL,1.00,NORMAL,17.14,RANGING,NO,⛔ ADX too high (17.14) - Market trending (RANGING); Max ADX for entry: 6
2026-08-17T11:43:47.016Z,63692.99,67.20,OVERBOUGHT,FLAT,YES,YES,1m,1.00,0.00,0.50,NEUTRAL,1.00,NORMAL,58.54,STRONG_TREND,NO,⛔ ADX too high (58.54) - Market trending (STRONG_TREND); Max ADX for entry: 6
2026-08-17T11:43:57.028Z,63692.99,67.24,OVERBOUGHT,FLAT,YES,YES,10s,1.00,0.00,0.50,NEUTRAL,1.00,NORMAL,39.46,TRENDING,NO,⛔ ADX too high (39.46) - Market trending (TRENDING); Max ADX for entry: 6
2026-08-17T11:44:07.027Z,63693.00,67.32,OVERBOUGHT,FLAT,YES,YES,5m,1.00,0.00,0.50,NEUTRAL,1.00,NORMAL,8.74,RANGING,NO,⛔ ADX too high (8.74) - Market trending (RANGING); Max ADX for entry: 6
2026-08-17T11:44:17.013Z,63693.00,67.28,OVERBOUGHT,FLAT,YES,YES,30s,1.00,0.00,0.50,NEUTRAL,1.00,NORMAL,10.67,RANGING,NO,⛔ ADX too high (10.67) - Market trending (RANGING); Max ADX for entry: 6
2026-08-17T11:44:27.026Z,63692.99,67.32,OVERBOUGHT,FLAT,YES,YES,10s,1.00,0.00,0.50,NEUTRAL,1.00,NORMAL,7.74,RANGING,NO,⛔ ADX too high (7.74) - Market trending (RANGING); Max ADX for entry: 6
2026-08-17T11:44:37.029Z,63692.99,56.17,NEUTRAL,FLAT,YES,YES,30s,1.00,0.00,0.50,NEUTRAL,1.00,NORMAL,8.63,RANGING,NO,⛔ ADX too high (8.63) - Market trending (RANGING); Max ADX for entry: 6
2026-08-17T11:44:47.025Z,63693.00,56.24,NEUTRAL,FLAT,YES,YES,10s,1.00,0.00,0.50,NEUTRAL,1.00,NORMAL,9.73,RANGING,NO,⛔ ADX too high (9.73) - Market trending (RANGING); Max ADX for entry: 6
2026-08-17T11:44:57.017Z,63692.99,54.96,NEUTRAL,FLAT,YES,YES,15m,1.00,0.00,0.50,NEUTRAL,1.00,NORMAL,49.11,TRENDING,NO,⛔ ADX too high (49.11) - Market trending (TRENDING); Max ADX for entry: 6
2026-08-17T11:45:07.033Z,63692.99,54.89,NEUTRAL,FLAT,YES,YES,15m,1.00,0.00,0.50,NEUTRAL,1.00,NORMAL,60.99,STRONG_TREND,NO,⛔ ADX too high (60.99) - Market trending (STRONG_TREND); Max ADX for entry: 6
2026-08-17T11:45:17.027Z,63692.99,54.87,NEUTRAL,FLAT,YES,YES,15m,1.00,0.00,0.50,NEUTRAL,1.00,NORMAL,6.88,RANGING,NO,⛔ ADX too high (6.88) - Market trending (RANGING); Max ADX for entry: 6
2026-08-17T11:45:27.016Z,63692.99,54.89,NEUTRAL,FLAT,YES,YES,5m,1.00,0.00,0.50,NEUTRAL,1.00,NORMAL,25.26,TRENDING,NO,⛔ ADX too high (25.26) - Market trending (TRENDING); Max ADX for entry: 6
2026-08-17T11:45:37.015Z,63693.00,55.05,NEUTRAL,FLAT,YES,YES,10s,1.00,0.00,0.50,NEUTRAL,1.00,NORMAL,9.99,RANGING,NO,⛔ ADX too high (9.99) - Market trending (RANGING); Max ADX for entry: 6
2026-08-17T11:45:47.031Z,63692.99,54.93,NEUTRAL,FLAT,YES,YES,30s,1.00,0.00,0.50,NEUTRAL,1.00,NORMAL,14.62,RANGING,NO,⛔ ADX too high (14.62) - Market trending (RANGING); Max ADX for entry: 6
2026-08-17T11:45:57.017Z,63745.99,95.18,EXTREME_OVERBOUGHT,RISING,NO,NO,none,0.00,0.00,0.50,NEUTRAL,1.00,NORMAL,99.73,EXTREME_TREND,NO,⛔ ADX too high (99.73) - Market trending (EXTREME_TREND); Max ADX for entry: 6
2026-08-17T11:46:07.029Z,63740.39,82.92,EXTREME_OVERBOUGHT,FLAT,YES,YES,10s,1.00,0.00,0.50,NEUTRAL,1.00,NORMAL,43.71,TRENDING,NO,⛔ ADX too high (43.71) - Market trending (TRENDING); Max ADX for entry: 6
2026-08-17T11:46:17.017Z,63745.80,84.09,EXTREME_OVERBOUGHT,FLAT,YES,YES,10s,1.00,0.00,0.50,NEUTRAL,1.00,NORMAL,98.33,EXTREME_TREND,NO,⛔ ADX too high (98.33) - Market trending (EXTREME_TREND); Max ADX for entry: 6
2026-08-17T11:46:27.015Z,63736.90,77.61,EXTREME_OVERBOUGHT,FALLING,YES,YES,1m,1.00,0.00,0.50,NEUTRAL,1.00,NORMAL,99.61,EXTREME_TREND,NO,⛔ ADX too high (99.61) - Market trending (EXTREME_TREND); Max ADX for entry: 6
2026-08-17T11:46:37.034Z,63736.35,77.11,EXTREME_OVERBOUGHT,FLAT,YES,YES,1m,1.00,0.00,0.50,NEUTRAL,1.00,NORMAL,99.40,EXTREME_TREND,NO,⛔ ADX too high (99.40) - Market trending (EXTREME_TREND); Max ADX for entry: 6
2026-08-17T11:46:47.020Z,63736.34,77.10,EXTREME_OVERBOUGHT,FLAT,YES,YES,30s,1.00,0.00,0.50,NEUTRAL,1.00,NORMAL,59.16,STRONG_TREND,NO,⛔ ADX too high (59.16) - Market trending (STRONG_TREND); Max ADX for entry: 6
2026-08-17T12:07:57.068Z,63595.56,25.83,EXTREME_OVERSOLD,FLAT,YES,YES,30s,1.00,0.00,0.50,NEUTRAL,1.00,NORMAL,99.39,EXTREME_TREND,NO,⛔ ADX too high (99.39) - Market trending (EXTREME_TREND); Max ADX for entry: 6
2026-08-17T12:08:07.049Z,63628.20,44.06,NEUTRAL,FLAT,YES,YES,30s,1.00,0.00,0.50,NEUTRAL,1.00,NORMAL,99.44,EXTREME_TREND,NO,⛔ ADX too high (99.44) - Market trending (EXTREME_TREND); Max ADX for entry: 6
2026-08-17T12:08:17.081Z,63628.21,43.17,NEUTRAL,FLAT,YES,YES,30s,1.00,0.00,0.50,NEUTRAL,1.00,NORMAL,98.79,EXTREME_TREND,NO,⛔ ADX too high (98.79) - Market trending (EXTREME_TREND); Max ADX for entry: 6
2026-08-17T12:08:27.065Z,63628.21,37.85,OVERSOLD,FLAT,YES,YES,30s,1.00,0.00,0.50,NEUTRAL,1.00,NORMAL,98.79,EXTREME_TREND,NO,⛔ ADX too high (98.79) - Market trending (EXTREME_TREND); Max ADX for entry: 6
2026-08-17T12:08:37.066Z,63628.21,36.75,OVERSOLD,FLAT,YES,YES,1m,1.00,0.00,0.50,NEUTRAL,1.00,NORMAL,54.21,STRONG_TREND,NO,⛔ ADX too high (54.21) - Market trending (STRONG_TREND); Max ADX for entry: 6
2026-08-17T12:08:47.077Z,63631.36,38.40,OVERSOLD,FLAT,YES,YES,10s,1.00,0.00,0.50,NEUTRAL,1.00,NORMAL,9.48,RANGING,NO,⛔ ADX too high (9.48) - Market trending (RANGING); Max ADX for entry: 6
2026-08-17T12:08:57.064Z,63631.36,37.32,OVERSOLD,FLAT,YES,YES,30s,1.00,0.00,0.50,NEUTRAL,1.00,NORMAL,97.36,EXTREME_TREND,NO,⛔ ADX too high (97.36) - Market trending (EXTREME_TREND); Max ADX for entry: 6
2026-08-17T12:09:07.064Z,63614.05,32.57,OVERSOLD,FALLING,NO,NO,none,0.00,0.40,0.50,NEUTRAL,1.00,NORMAL,3.70,RANGING,NO,No slowdown detected - waiting for momentum to fade; Confidence too low (40% < 50%)
2026-08-17T12:09:17.064Z,63612.02,35.55,OVERSOLD,FLAT,YES,YES,30s,1.00,0.00,0.50,NEUTRAL,1.00,NORMAL,99.84,EXTREME_TREND,NO,⛔ ADX too high (99.84) - Market trending (EXTREME_TREND); Max ADX for entry: 6
2026-08-17T12:09:27.049Z,63614.28,39.96,OVERSOLD,FLAT,YES,YES,30s,1.00,0.00,0.50,NEUTRAL,1.00,NORMAL,99.81,EXTREME_TREND,NO,⛔ ADX too high (99.81) - Market trending (EXTREME_TREND); Max ADX for entry: 6
2026-08-17T12:09:37.066Z,63616.29,40.96,NEUTRAL,FLAT,YES,YES,10s,1.00,0.00,0.50,NEUTRAL,1.00,NORMAL,49.70,TRENDING,NO,⛔ ADX too high (49.70) - Market trending (TRENDING); Max ADX for entry: 6
2026-08-17T12:09:47.051Z,63627.99,50.82,NEUTRAL,RISING,YES,YES,10s,1.00,0.00,0.50,NEUTRAL,1.00,NORMAL,99.63,EXTREME_TREND,NO,⛔ ADX too high (99.63) - Market trending (EXTREME_TREND); Max ADX for entry: 6
2026-08-17T12:09:57.066Z,63627.99,53.23,NEUTRAL,FLAT,YES,YES,30s,1.00,0.00,0.50,NEUTRAL,1.00,NORMAL,17.67,RANGING,NO,⛔ ADX too high (17.67) - Market trending (RANGING); Max ADX for entry: 6
2026-08-17T12:10:07.065Z,63627.99,54.69,NEUTRAL,FLAT,YES,YES,30s,1.00,0.00,0.50,NEUTRAL,1.00,NORMAL,57.30,STRONG_TREND,NO,⛔ ADX too high (57.30) - Market trending (STRONG_TREND); Max ADX for entry: 6
2026-08-17T12:10:17.054Z,63628.00,53.85,NEUTRAL,FLAT,YES,YES,30s,1.00,0.00,0.50,NEUTRAL,1.00,NORMAL,15.93,RANGING,NO,⛔ ADX too high (15.93) - Market trending (RANGING); Max ADX for entry: 6
2026-08-17T12:10:27.054Z,63630.00,54.68,NEUTRAL,FLAT,YES,YES,15m,1.00,0.00,0.50,NEUTRAL,1.00,NORMAL,15.93,RANGING,NO,⛔ ADX too high (15.93) - Market trending (RANGING); Max ADX for entry: 6
2026-08-17T12:10:37.069Z,63630.00,55.69,NEUTRAL,FLAT,YES,YES,30s,1.00,0.00,0.50,NEUTRAL,1.00,NORMAL,98.68,EXTREME_TREND,NO,⛔ ADX too high (98.68) - Market trending (EXTREME_TREND); Max ADX for entry: 6
2026-08-17T12:10:47.068Z,63629.99,55.69,NEUTRAL,FLAT,YES,YES,30s,1.00,0.00,0.50,NEUTRAL,1.00,NORMAL,33.16,TRENDING,NO,⛔ ADX too high (33.16) - Market trending (TRENDING); Max ADX for entry: 6
2026-08-17T12:10:57.063Z,63629.99,56.42,NEUTRAL,FLAT,YES,YES,10s,1.00,0.00,0.50,NEUTRAL,1.00,NORMAL,33.16,TRENDING,NO,⛔ ADX too high (33.16) - Market trending (TRENDING); Max ADX for entry: 6
2026-08-17T12:11:07.066Z,63629.99,58.04,NEUTRAL,RISING,YES,YES,1m,1.00,0.00,0.50,NEUTRAL,1.00,NORMAL,30.50,TRENDING,NO,⛔ ADX too high (30.50) - Market trending (TRENDING); Max ADX for entry: 6
2026-08-17T12:11:17.065Z,63629.16,60.21,OVERBOUGHT,RISING,YES,YES,1m,1.00,0.00,0.50,NEUTRAL,1.00,NORMAL,18.32,RANGING,NO,⛔ ADX too high (18.32) - Market trending (RANGING); Max ADX for entry: 6
2026-08-17T12:11:27.053Z,63622.58,59.60,NEUTRAL,FLAT,YES,YES,10s,1.00,0.00,0.50,NEUTRAL,1.00,NORMAL,95.68,EXTREME_TREND,NO,⛔ ADX too high (95.68) - Market trending (EXTREME_TREND); Max ADX for entry: 6
2026-08-17T12:11:37.064Z,63617.79,58.09,NEUTRAL,FLAT,YES,YES,10s,1.00,0.00,0.50,NEUTRAL,1.00,NORMAL,99.70,EXTREME_TREND,NO,⛔ ADX too high (99.70) - Market trending (EXTREME_TREND); Max ADX for entry: 6
2026-08-17T12:11:47.075Z,63617.79,58.57,NEUTRAL,FLAT,YES,YES,30s,1.00,0.00,0.50,NEUTRAL,1.00,NORMAL,98.60,EXTREME_TREND,NO,⛔ ADX too high (98.60) - Market trending (EXTREME_TREND); Max ADX for entry: 6
2026-08-17T12:28:37.091Z,63574.57,38.43,OVERSOLD,FLAT,YES,YES,10s,1.00,0.00,0.50,NEUTRAL,1.00,NORMAL,34.56,TRENDING,NO,⛔ ADX too high (34.56) - Market trending (TRENDING); Max ADX for entry: 6
2026-08-17T12:28:47.103Z,63574.56,38.40,OVERSOLD,FLAT,YES,YES,30s,1.00,0.00,0.50,NEUTRAL,1.00,NORMAL,99.64,EXTREME_TREND,NO,⛔ ADX too high (99.64) - Market trending (EXTREME_TREND); Max ADX for entry: 6
2026-08-17T12:28:57.089Z,63579.57,39.60,OVERSOLD,FLAT,YES,YES,5m,1.00,0.00,0.50,NEUTRAL,1.00,NORMAL,45.52,TRENDING,NO,⛔ ADX too high (45.52) - Market trending (TRENDING); Max ADX for entry: 6
2026-08-17T12:29:07.104Z,63580.31,39.77,OVERSOLD,FLAT,YES,YES,10s,1.00,0.00,0.50,NEUTRAL,1.00,NORMAL,99.31,EXTREME_TREND,NO,⛔ ADX too high (99.31) - Market trending (EXTREME_TREND); Max ADX for entry: 6
2026-08-17T12:29:17.091Z,63579.58,39.66,OVERSOLD,FLAT,YES,YES,30s,1.00,0.00,0.50,NEUTRAL,1.00,NORMAL,95.64,EXTREME_TREND,NO,⛔ ADX too high (95.64) - Market trending (EXTREME_TREND); Max ADX for entry: 6
2026-08-17T12:29:27.089Z,63579.58,39.66,OVERSOLD,FLAT,YES,YES,1m,1.00,0.00,0.50,NEUTRAL,1.00,NORMAL,81.65,EXTREME_TREND,NO,⛔ ADX too high (81.65) - Market trending (EXTREME_TREND); Max ADX for entry: 6
2026-08-17T12:29:37.100Z,63579.57,39.66,OVERSOLD,FLAT,YES,YES,30s,1.00,0.00,0.50,NEUTRAL,1.00,NORMAL,87.16,EXTREME_TREND,NO,⛔ ADX too high (87.16) - Market trending (EXTREME_TREND); Max ADX for entry: 6
2026-08-17T12:29:47.106Z,63579.57,39.66,OVERSOLD,FLAT,YES,YES,1m,1.00,0.00,0.50,NEUTRAL,1.00,NORMAL,15.08,RANGING,NO,⛔ ADX too high (15.08) - Market trending (RANGING); Max ADX for entry: 6
2026-08-17T20:33:28.289Z,64362.00,43.67,NEUTRAL,FLAT,YES,YES,1m,1.00,0.00,0.50,NEUTRAL,1.00,NORMAL,99.01,EXTREME_TREND,NO,⛔ ADX too high (99.01) - Market trending (EXTREME_TREND); Max ADX for entry: 6
2026-08-17T20:33:38.290Z,64361.99,43.66,NEUTRAL,FLAT,YES,YES,10s,1.00,0.00,0.50,NEUTRAL,1.00,NORMAL,81.25,EXTREME_TREND,NO,⛔ ADX too high (81.25) - Market trending (EXTREME_TREND); Max ADX for entry: 6
2026-08-17T20:33:48.294Z,64362.00,27.13,EXTREME_OVERSOLD,FLAT,YES,YES,30s,1.00,0.00,0.50,NEUTRAL,1.00,NORMAL,81.25,EXTREME_TREND,NO,⛔ ADX too high (81.25) - Market trending (EXTREME_TREND); Max ADX for entry: 6
2026-08-17T20:33:58.291Z,64361.99,27.12,EXTREME_OVERSOLD,FLAT,YES,YES,1m,1.00,0.00,0.50,NEUTRAL,1.00,NORMAL,72.21,STRONG_TREND,NO,⛔ ADX too high (72.21) - Market trending (STRONG_TREND); Max ADX for entry: 6
2026-08-17T20:34:08.290Z,64371.08,19.66,EXTREME_OVERSOLD,FALLING,YES,YES,10s,1.00,0.00,0.50,NEUTRAL,1.00,NORMAL,99.33,EXTREME_TREND,NO,⛔ ADX too high (99.33) - Market trending (EXTREME_TREND); Max ADX for entry: 6
2026-08-17T20:34:18.295Z,64374.13,27.28,EXTREME_OVERSOLD,FLAT,YES,YES,5m,1.00,0.00,0.50,NEUTRAL,1.00,NORMAL,99.10,EXTREME_TREND,NO,⛔ ADX too high (99.10) - Market trending (EXTREME_TREND); Max ADX for entry: 6
2026-08-17T20:34:28.293Z,64374.12,27.28,EXTREME_OVERSOLD,FLAT,YES,YES,10s,1.00,0.00,0.50,NEUTRAL,1.00,NORMAL,99.60,EXTREME_TREND,NO,⛔ ADX too high (99.60) - Market trending (EXTREME_TREND); Max ADX for entry: 6
2026-08-17T20:34:38.293Z,64372.11,26.67,EXTREME_OVERSOLD,FLAT,YES,YES,30s,1.00,0.00,0.50,NEUTRAL,1.00,NORMAL,98.71,EXTREME_TREND,NO,⛔ ADX too high (98.71) - Market trending (EXTREME_TREND); Max ADX for entry: 6
2026-08-17T20:34:48.293Z,64368.79,25.70,EXTREME_OVERSOLD,FLAT,YES,YES,10s,1.00,0.00,0.50,NEUTRAL,1.00,NORMAL,99.36,EXTREME_TREND,NO,⛔ ADX too high (99.36) - Market trending (EXTREME_TREND); Max ADX for entry: 6
2026-08-17T20:34:58.292Z,64368.79,25.69,EXTREME_OVERSOLD,FLAT,YES,YES,30s,1.00,0.00,0.50,NEUTRAL,1.00,NORMAL,69.70,STRONG_TREND,NO,⛔ ADX too high (69.70) - Market trending (STRONG_TREND); Max ADX for entry: 6
2026-08-17T20:35:08.293Z,64368.80,23.56,EXTREME_OVERSOLD,FLAT,YES,YES,30s,1.00,0.00,0.50,NEUTRAL,1.00,NORMAL,56.95,STRONG_TREND,NO,⛔ ADX too high (56.95) - Market trending (STRONG_TREND); Max ADX for entry: 6
2026-08-17T20:35:18.302Z,64366.06,23.05,EXTREME_OVERSOLD,FLAT,YES,YES,15m,1.00,0.00,0.50,NEUTRAL,1.00,NORMAL,92.64,EXTREME_TREND,NO,⛔ ADX too high (92.64) - Market trending (EXTREME_TREND); Max ADX for entry: 6
2026-08-17T20:35:28.295Z,64362.01,22.06,EXTREME_OVERSOLD,FLAT,YES,YES,10s,1.00,0.00,0.50,NEUTRAL,1.00,NORMAL,92.64,EXTREME_TREND,NO,⛔ ADX too high (92.64) - Market trending (EXTREME_TREND); Max ADX for entry: 6
2026-08-17T20:35:38.297Z,64362.01,24.39,EXTREME_OVERSOLD,FLAT,YES,YES,10s,1.00,0.00,0.50,NEUTRAL,1.00,NORMAL,48.41,TRENDING,NO,⛔ ADX too high (48.41) - Market trending (TRENDING); Max ADX for entry: 6
2026-08-17T20:35:48.294Z,64362.00,25.77,EXTREME_OVERSOLD,FLAT,YES,YES,10s,1.00,0.00,0.50,NEUTRAL,1.00,NORMAL,8.80,RANGING,NO,⛔ ADX too high (8.80) - Market trending (RANGING); Max ADX for entry: 6
2026-08-17T20:35:58.295Z,64362.00,27.69,EXTREME_OVERSOLD,FLAT,YES,YES,30s,1.00,0.00,0.50,NEUTRAL,1.00,NORMAL,56.62,STRONG_TREND,NO,⛔ ADX too high (56.62) - Market trending (STRONG_TREND); Max ADX for entry: 6
2026-08-17T20:36:08.295Z,64362.00,30.25,OVERSOLD,FLAT,YES,YES,1m,1.00,0.00,0.50,NEUTRAL,1.00,NORMAL,64.70,STRONG_TREND,NO,⛔ ADX too high (64.70) - Market trending (STRONG_TREND); Max ADX for entry: 6
2026-08-17T20:36:18.295Z,64362.01,30.27,OVERSOLD,FLAT,YES,YES,10s,1.00,0.00,0.50,NEUTRAL,1.00,NORMAL,15.84,RANGING,NO,⛔ ADX too high (15.84) - Market trending (RANGING); Max ADX for entry: 6
2026-08-17T20:36:28.300Z,64373.67,40.48,NEUTRAL,RISING,YES,YES,5m,1.00,0.00,0.50,NEUTRAL,1.00,NORMAL,99.52,EXTREME_TREND,NO,⛔ ADX too high (99.52) - Market trending (EXTREME_TREND); Max ADX for entry: 6
2026-08-17T20:36:38.298Z,64380.00,45.49,NEUTRAL,RISING,YES,YES,5m,1.00,0.00,0.50,NEUTRAL,1.00,NORMAL,99.98,EXTREME_TREND,NO,⛔ ADX too high (99.98) - Market trending (EXTREME_TREND); Max ADX for entry: 6
2026-08-17T20:36:48.299Z,64383.98,47.93,NEUTRAL,FLAT,YES,YES,5m,1.00,0.00,0.50,NEUTRAL,1.00,NORMAL,99.74,EXTREME_TREND,NO,⛔ ADX too high (99.74) - Market trending (EXTREME_TREND); Max ADX for entry: 6
2026-08-17T20:36:58.298Z,64383.97,61.55,OVERBOUGHT,RISING,YES,YES,10s,1.00,0.00,0.50,NEUTRAL,1.00,NORMAL,87.15,EXTREME_TREND,NO,⛔ ADX too high (87.15) - Market trending (EXTREME_TREND); Max ADX for entry: 6
2026-08-17T20:37:08.299Z,64366.66,49.22,NEUTRAL,FALLING,YES,YES,1m,1.00,0.00,0.50,NEUTRAL,1.00,NORMAL,87.15,EXTREME_TREND,NO,⛔ ADX too high (87.15) - Market trending (EXTREME_TREND); Max ADX for entry: 6
2026-08-17T20:37:18.296Z,64364.00,47.75,NEUTRAL,FLAT,YES,YES,10s,1.00,0.00,0.50,NEUTRAL,1.00,NORMAL,100.00,EXTREME_TREND,NO,⛔ ADX too high (100.00) - Market trending (EXTREME_TREND); Max ADX for entry: 6
2026-08-17T20:37:28.296Z,64362.01,46.71,NEUTRAL,FLAT,YES,YES,10s,1.00,0.00,0.50,NEUTRAL,1.00,NORMAL,97.05,EXTREME_TREND,NO,⛔ ADX too high (97.05) - Market trending (EXTREME_TREND); Max ADX for entry: 6
2026-08-17T20:37:38.297Z,64364.13,53.83,NEUTRAL,RISING,YES,YES,30s,1.00,0.00,0.50,NEUTRAL,1.00,NORMAL,93.74,EXTREME_TREND,NO,⛔ ADX too high (93.74) - Market trending (EXTREME_TREND); Max ADX for entry: 6
2026-08-17T20:37:48.294Z,64375.98,59.27,NEUTRAL,FALLING,YES,YES,10s,1.00,0.00,0.50,NEUTRAL,1.00,NORMAL,100.00,EXTREME_TREND,NO,⛔ ADX too high (100.00) - Market trending (EXTREME_TREND); Max ADX for entry: 6
2026-08-17T20:37:58.295Z,64368.43,54.42,NEUTRAL,FLAT,YES,YES,30s,1.00,0.00,0.50,NEUTRAL,1.00,NORMAL,8.05,RANGING,NO,⛔ ADX too high (8.05) - Market trending (RANGING); Max ADX for entry: 6
2026-08-17T20:38:08.295Z,64364.00,51.92,NEUTRAL,FLAT,YES,YES,5m,1.00,0.00,0.50,NEUTRAL,1.00,NORMAL,99.90,EXTREME_TREND,NO,⛔ ADX too high (99.90) - Market trending (EXTREME_TREND); Max ADX for entry: 6
2026-08-17T20:38:18.296Z,64374.00,56.44,NEUTRAL,FLAT,YES,YES,30s,1.00,0.00,0.50,NEUTRAL,1.00,NORMAL,17.10,RANGING,NO,⛔ ADX too high (17.10) - Market trending (RANGING); Max ADX for entry: 6
2026-08-17T20:38:28.295Z,64377.83,57.28,NEUTRAL,FLAT,NO,NO,none,0.00,0.00,0.50,NEUTRAL,1.00,NORMAL,99.97,EXTREME_TREND,NO,⛔ ADX too high (99.97) - Market trending (EXTREME_TREND); Max ADX for entry: 6
2026-08-17T20:38:38.294Z,64377.83,57.28,NEUTRAL,FLAT,YES,YES,30s,1.00,0.00,0.50,NEUTRAL,1.00,NORMAL,100.00,EXTREME_TREND,NO,⛔ ADX too high (100.00) - Market trending (EXTREME_TREND); Max ADX for entry: 6
2026-08-17T20:38:48.302Z,64380.00,58.11,NEUTRAL,FLAT,YES,YES,10s,1.00,0.00,0.50,NEUTRAL,1.00,NORMAL,100.00,EXTREME_TREND,NO,⛔ ADX too high (100.00) - Market trending (EXTREME_TREND); Max ADX for entry: 6
2026-08-17T20:38:58.298Z,64379.99,58.11,NEUTRAL,FLAT,YES,YES,10s,1.00,0.00,0.50,NEUTRAL,1.00,NORMAL,100.00,EXTREME_TREND,NO,⛔ ADX too high (100.00) - Market trending (EXTREME_TREND); Max ADX for entry: 6
2026-08-17T20:39:08.296Z,64380.00,53.91,NEUTRAL,FLAT,YES,YES,10s,1.00,0.00,0.50,NEUTRAL,1.00,NORMAL,100.00,EXTREME_TREND,NO,⛔ ADX too high (100.00) - Market trending (EXTREME_TREND); Max ADX for entry: 6
2026-08-17T20:39:18.298Z,64372.40,49.19,NEUTRAL,FALLING,YES,YES,15m,1.00,0.00,0.50,NEUTRAL,1.00,NORMAL,100.00,EXTREME_TREND,NO,⛔ ADX too high (100.00) - Market trending (EXTREME_TREND); Max ADX for entry: 6
2026-08-17T20:39:28.300Z,64370.01,48.10,NEUTRAL,FLAT,YES,YES,15m,1.00,0.00,0.50,NEUTRAL,1.00,NORMAL,99.60,EXTREME_TREND,NO,⛔ ADX too high (99.60) - Market trending (EXTREME_TREND); Max ADX for entry: 6
2026-08-17T20:39:38.298Z,64370.00,49.62,NEUTRAL,RISING,YES,YES,30s,1.00,0.00,0.50,NEUTRAL,1.00,NORMAL,25.56,TRENDING,NO,⛔ ADX too high (25.56) - Market trending (TRENDING); Max ADX for entry: 6
2026-08-17T20:39:48.297Z,64370.00,50.59,NEUTRAL,FLAT,YES,YES,10s,1.00,0.00,0.50,NEUTRAL,1.00,NORMAL,50.69,STRONG_TREND,NO,⛔ ADX too high (50.69) - Market trending (STRONG_TREND); Max ADX for entry: 6
2026-08-17T20:39:58.298Z,64370.00,50.59,NEUTRAL,FLAT,YES,YES,30s,1.00,0.00,0.50,NEUTRAL,1.00,NORMAL,9.66,RANGING,NO,⛔ ADX too high (9.66) - Market trending (RANGING); Max ADX for entry: 6
2026-08-17T20:40:08.296Z,64370.00,51.06,NEUTRAL,FLAT,YES,YES,1m,1.00,0.00,0.50,NEUTRAL,1.00,NORMAL,37.64,TRENDING,NO,⛔ ADX too high (37.64) - Market trending (TRENDING); Max ADX for entry: 6
2026-08-17T20:40:18.296Z,64370.00,54.14,NEUTRAL,RISING,YES,YES,1m,1.00,0.00,0.50,NEUTRAL,1.00,NORMAL,6.86,RANGING,NO,⛔ ADX too high (6.86) - Market trending (RANGING); Max ADX for entry: 6
2026-08-17T20:40:28.297Z,64370.01,54.15,NEUTRAL,FLAT,YES,YES,5m,1.00,0.00,0.50,NEUTRAL,1.00,NORMAL,6.86,RANGING,NO,⛔ ADX too high (6.86) - Market trending (RANGING); Max ADX for entry: 6
2026-08-17T20:40:38.315Z,64377.99,57.64,NEUTRAL,FLAT,YES,YES,1h,1.00,0.00,0.50,NEUTRAL,1.00,NORMAL,100.00,EXTREME_TREND,NO,⛔ ADX too high (100.00) - Market trending (EXTREME_TREND); Max ADX for entry: 6
2026-08-17T20:40:48.297Z,64380.00,58.45,NEUTRAL,FLAT,YES,YES,10s,1.00,0.00,0.50,NEUTRAL,1.00,NORMAL,99.85,EXTREME_TREND,NO,⛔ ADX too high (99.85) - Market trending (EXTREME_TREND); Max ADX for entry: 6
2026-08-17T20:40:58.300Z,64385.90,60.63,OVERBOUGHT,FLAT,YES,YES,1h,1.00,0.00,0.50,NEUTRAL,1.00,NORMAL,99.14,EXTREME_TREND,NO,⛔ ADX too high (99.14) - Market trending (EXTREME_TREND); Max ADX for entry: 6
2026-08-17T20:41:08.297Z,64385.91,60.63,OVERBOUGHT,FLAT,YES,YES,30s,1.00,0.00,0.50,NEUTRAL,1.00,NORMAL,51.48,STRONG_TREND,NO,⛔ ADX too high (51.48) - Market trending (STRONG_TREND); Max ADX for entry: 6
2026-08-17T20:41:18.299Z,64387.67,61.24,OVERBOUGHT,FLAT,YES,YES,1h,1.00,0.00,0.50,NEUTRAL,1.00,NORMAL,92.03,EXTREME_TREND,NO,⛔ ADX too high (92.03) - Market trending (EXTREME_TREND); Max ADX for entry: 6
2026-08-17T20:41:28.303Z,64387.66,56.83,NEUTRAL,FLAT,YES,YES,30s,1.00,0.00,0.50,NEUTRAL,1.00,NORMAL,99.73,EXTREME_TREND,NO,⛔ ADX too high (99.73) - Market trending (EXTREME_TREND); Max ADX for entry: 6
2026-08-17T20:41:38.308Z,64387.66,53.99,NEUTRAL,FLAT,YES,YES,30s,1.00,0.00,0.50,NEUTRAL,1.00,NORMAL,7.40,RANGING,NO,⛔ ADX too high (7.40) - Market trending (RANGING); Max ADX for entry: 6
2026-08-17T20:41:48.299Z,64387.66,52.00,NEUTRAL,FLAT,YES,YES,1m,1.00,0.00,0.50,NEUTRAL,1.00,NORMAL,66.31,STRONG_TREND,NO,⛔ ADX too high (66.31) - Market trending (STRONG_TREND); Max ADX for entry: 6
2026-08-17T20:41:58.306Z,64387.67,52.00,NEUTRAL,FLAT,YES,YES,1m,1.00,0.00,0.50,NEUTRAL,1.00,NORMAL,22.44,TRANSITION,NO,⛔ ADX too high (22.44) - Market trending (TRANSITION); Max ADX for entry: 6
2026-08-17T20:42:08.303Z,64388.19,64.28,OVERBOUGHT,FLAT,YES,YES,10s,1.00,0.00,0.50,NEUTRAL,1.00,NORMAL,22.44,TRANSITION,NO,⛔ ADX too high (22.44) - Market trending (TRANSITION); Max ADX for entry: 6
2026-08-17T20:42:18.299Z,64389.43,69.03,OVERBOUGHT,RISING,YES,YES,1h,1.00,0.00,0.50,NEUTRAL,1.00,NORMAL,98.49,EXTREME_TREND,NO,⛔ ADX too high (98.49) - Market trending (EXTREME_TREND); Max ADX for entry: 6
2026-08-17T20:42:28.298Z,64389.42,69.03,OVERBOUGHT,FLAT,YES,YES,30s,1.00,0.00,0.50,NEUTRAL,1.00,NORMAL,94.12,EXTREME_TREND,NO,⛔ ADX too high (94.12) - Market trending (EXTREME_TREND); Max ADX for entry: 6
2026-08-17T20:42:38.300Z,64391.18,65.03,OVERBOUGHT,FALLING,YES,YES,10s,1.00,0.00,0.50,NEUTRAL,1.00,NORMAL,95.29,EXTREME_TREND,NO,⛔ ADX too high (95.29) - Market trending (EXTREME_TREND); Max ADX for entry: 6
2026-08-17T20:42:48.306Z,64392.64,63.58,OVERBOUGHT,FLAT,YES,YES,10s,1.00,0.00,0.50,NEUTRAL,1.00,NORMAL,97.21,EXTREME_TREND,NO,⛔ ADX too high (97.21) - Market trending (EXTREME_TREND); Max ADX for entry: 6
2026-08-17T20:42:58.306Z,64393.99,73.19,EXTREME_OVERBOUGHT,FLAT,YES,YES,10s,1.00,0.00,0.50,NEUTRAL,1.00,NORMAL,99.03,EXTREME_TREND,NO,⛔ ADX too high (99.03) - Market trending (EXTREME_TREND); Max ADX for entry: 6
2026-08-17T20:43:08.296Z,64399.99,81.74,EXTREME_OVERBOUGHT,FLAT,YES,YES,30s,1.00,0.00,0.50,NEUTRAL,1.00,NORMAL,99.22,EXTREME_TREND,NO,⛔ ADX too high (99.22) - Market trending (EXTREME_TREND); Max ADX for entry: 6
2026-08-17T20:43:18.299Z,64401.73,78.63,EXTREME_OVERBOUGHT,FLAT,YES,YES,1h,1.00,0.00,0.50,NEUTRAL,1.00,NORMAL,99.37,EXTREME_TREND,NO,⛔ ADX too high (99.37) - Market trending (EXTREME_TREND); Max ADX for entry: 6
2026-08-17T20:43:28.315Z,64401.73,76.77,EXTREME_OVERBOUGHT,FLAT,YES,YES,30s,1.00,0.00,0.50,NEUTRAL,1.00,NORMAL,97.18,EXTREME_TREND,NO,⛔ ADX too high (97.18) - Market trending (EXTREME_TREND); Max ADX for entry: 6
2026-08-17T20:43:38.300Z,64403.10,76.34,EXTREME_OVERBOUGHT,FLAT,YES,YES,10s,1.00,0.00,0.50,NEUTRAL,1.00,NORMAL,96.81,EXTREME_TREND,NO,⛔ ADX too high (96.81) - Market trending (EXTREME_TREND); Max ADX for entry: 6
2026-08-17T20:43:48.308Z,64403.09,76.32,EXTREME_OVERBOUGHT,FLAT,YES,YES,30s,1.00,0.00,0.50,NEUTRAL,1.00,NORMAL,96.81,EXTREME_TREND,NO,⛔ ADX too high (96.81) - Market trending (EXTREME_TREND); Max ADX for entry: 6
2026-08-17T20:43:58.312Z,64393.27,62.36,OVERBOUGHT,FALLING,YES,YES,5m,1.00,0.00,0.50,NEUTRAL,1.00,NORMAL,99.76,EXTREME_TREND,NO,⛔ ADX too high (99.76) - Market trending (EXTREME_TREND); Max ADX for entry: 6
2026-08-17T20:44:08.320Z,64393.26,62.34,OVERBOUGHT,FLAT,YES,YES,30s,1.00,0.00,0.50,NEUTRAL,1.00,NORMAL,99.66,EXTREME_TREND,NO,⛔ ADX too high (99.66) - Market trending (EXTREME_TREND); Max ADX for entry: 6
2026-08-17T20:44:18.303Z,64393.27,72.69,EXTREME_OVERBOUGHT,RISING,YES,YES,30s,1.00,0.00,0.50,NEUTRAL,1.00,NORMAL,13.20,RANGING,NO,⛔ ADX too high (13.20) - Market trending (RANGING); Max ADX for entry: 6
2026-08-17T20:44:28.303Z,64393.26,76.56,EXTREME_OVERBOUGHT,FLAT,YES,YES,10s,1.00,0.00,0.50,NEUTRAL,1.00,NORMAL,10.74,RANGING,NO,⛔ ADX too high (10.74) - Market trending (RANGING); Max ADX for entry: 6
2026-08-17T20:44:38.305Z,64393.26,76.56,EXTREME_OVERBOUGHT,FLAT,YES,YES,1m,1.00,0.00,0.50,NEUTRAL,1.00,NORMAL,54.65,STRONG_TREND,NO,⛔ ADX too high (54.65) - Market trending (STRONG_TREND); Max ADX for entry: 6
2026-08-17T20:44:48.303Z,64393.27,76.58,EXTREME_OVERBOUGHT,FLAT,YES,YES,1m,1.00,0.00,0.50,NEUTRAL,1.00,NORMAL,72.45,STRONG_TREND,NO,⛔ ADX too high (72.45) - Market trending (STRONG_TREND); Max ADX for entry: 6
2026-08-17T20:44:58.303Z,64393.26,76.57,EXTREME_OVERBOUGHT,FLAT,YES,YES,10s,1.00,0.00,0.50,NEUTRAL,1.00,NORMAL,34.42,TRENDING,NO,⛔ ADX too high (34.42) - Market trending (TRENDING); Max ADX for entry: 6
2026-08-17T20:45:08.304Z,64393.27,76.58,EXTREME_OVERBOUGHT,FLAT,YES,YES,10s,1.00,0.00,0.50,NEUTRAL,1.00,NORMAL,8.74,RANGING,NO,⛔ ADX too high (8.74) - Market trending (RANGING); Max ADX for entry: 6
2026-08-17T20:45:18.315Z,64393.27,76.61,EXTREME_OVERBOUGHT,FLAT,YES,YES,5m,1.00,0.00,0.50,NEUTRAL,1.00,NORMAL,28.59,TRENDING,NO,⛔ ADX too high (28.59) - Market trending (TRENDING); Max ADX for entry: 6
2026-08-17T20:45:28.319Z,64386.07,65.76,OVERBOUGHT,FALLING,YES,YES,5m,1.00,0.00,0.50,NEUTRAL,1.00,NORMAL,28.59,TRENDING,NO,⛔ ADX too high (28.59) - Market trending (TRENDING); Max ADX for entry: 6
2026-08-17T20:45:38.314Z,64386.06,59.38,NEUTRAL,FLAT,YES,YES,30s,1.00,0.00,0.50,NEUTRAL,1.00,NORMAL,95.13,EXTREME_TREND,NO,⛔ ADX too high (95.13) - Market trending (EXTREME_TREND); Max ADX for entry: 6
2026-08-17T20:45:48.304Z,64386.68,58.03,NEUTRAL,FLAT,YES,YES,30s,1.00,0.00,0.50,NEUTRAL,1.00,NORMAL,92.81,EXTREME_TREND,NO,⛔ ADX too high (92.81) - Market trending (EXTREME_TREND); Max ADX for entry: 6
2026-08-17T20:45:58.304Z,64393.22,58.65,NEUTRAL,FLAT,YES,YES,10s,1.00,0.00,0.50,NEUTRAL,1.00,NORMAL,99.04,EXTREME_TREND,NO,⛔ ADX too high (99.04) - Market trending (EXTREME_TREND); Max ADX for entry: 6
2026-08-17T20:46:08.305Z,64395.60,60.85,OVERBOUGHT,RISING,NO,NO,none,0.00,0.00,0.50,NEUTRAL,1.00,NORMAL,98.96,EXTREME_TREND,NO,⛔ ADX too high (98.96) - Market trending (EXTREME_TREND); Max ADX for entry: 6
2026-08-17T20:46:18.305Z,64395.62,59.26,NEUTRAL,FLAT,YES,YES,30s,1.00,0.00,0.50,NEUTRAL,1.00,NORMAL,98.88,EXTREME_TREND,NO,⛔ ADX too high (98.88) - Market trending (EXTREME_TREND); Max ADX for entry: 6
2026-08-17T20:46:28.321Z,64379.30,42.94,NEUTRAL,FLAT,YES,YES,10s,1.00,0.00,0.50,NEUTRAL,1.00,NORMAL,99.58,EXTREME_TREND,NO,⛔ ADX too high (99.58) - Market trending (EXTREME_TREND); Max ADX for entry: 6
2026-08-17T20:46:38.756Z,64370.00,37.10,OVERSOLD,FALLING,YES,YES,1h,1.00,0.00,0.50,NEUTRAL,1.00,NORMAL,98.66,EXTREME_TREND,NO,⛔ ADX too high (98.66) - Market trending (EXTREME_TREND); Max ADX for entry: 6
2026-08-17T20:46:48.306Z,64370.01,37.11,OVERSOLD,FLAT,YES,YES,30s,1.00,0.00,0.50,NEUTRAL,1.00,NORMAL,99.53,EXTREME_TREND,NO,⛔ ADX too high (99.53) - Market trending (EXTREME_TREND); Max ADX for entry: 6
2026-08-17T20:46:58.310Z,64370.00,37.11,OVERSOLD,FLAT,YES,YES,10s,1.00,0.00,0.50,NEUTRAL,1.00,NORMAL,57.41,STRONG_TREND,NO,⛔ ADX too high (57.41) - Market trending (STRONG_TREND); Max ADX for entry: 6
2026-08-17T20:47:08.349Z,64368.01,35.59,OVERSOLD,FLAT,YES,YES,10s,1.00,0.00,0.50,NEUTRAL,1.00,NORMAL,57.41,STRONG_TREND,NO,⛔ ADX too high (57.41) - Market trending (STRONG_TREND); Max ADX for entry: 6
2026-08-17T20:47:18.306Z,64367.07,33.96,OVERSOLD,FLAT,YES,YES,1m,1.00,0.00,0.50,NEUTRAL,1.00,NORMAL,98.66,EXTREME_TREND,NO,⛔ ADX too high (98.66) - Market trending (EXTREME_TREND); Max ADX for entry: 6
2026-08-17T20:47:28.314Z,64367.07,32.25,OVERSOLD,FALLING,YES,YES,30s,1.00,0.00,0.50,NEUTRAL,1.00,NORMAL,25.15,TRENDING,NO,⛔ ADX too high (25.15) - Market trending (TRENDING); Max ADX for entry: 6
2026-08-17T20:47:38.309Z,64367.07,32.23,OVERSOLD,FLAT,YES,YES,30s,1.00,0.00,0.50,NEUTRAL,1.00,NORMAL,85.71,EXTREME_TREND,NO,⛔ ADX too high (85.71) - Market trending (EXTREME_TREND); Max ADX for entry: 6
2026-08-17T20:47:48.311Z,64367.99,31.69,OVERSOLD,FLAT,YES,YES,10s,1.00,0.00,0.50,NEUTRAL,1.00,NORMAL,100.00,EXTREME_TREND,NO,⛔ ADX too high (100.00) - Market trending (EXTREME_TREND); Max ADX for entry: 6
2026-08-17T20:47:58.307Z,64368.28,24.06,EXTREME_OVERSOLD,FALLING,YES,YES,10s,1.00,0.00,0.50,NEUTRAL,1.00,NORMAL,89.53,EXTREME_TREND,NO,⛔ ADX too high (89.53) - Market trending (EXTREME_TREND); Max ADX for entry: 6
2026-08-17T20:48:08.321Z,64368.45,23.90,EXTREME_OVERSOLD,FLAT,YES,YES,5m,1.00,0.00,0.50,NEUTRAL,1.00,NORMAL,87.22,EXTREME_TREND,NO,⛔ ADX too high (87.22) - Market trending (EXTREME_TREND); Max ADX for entry: 6
2026-08-17T20:48:18.333Z,64369.98,23.63,EXTREME_OVERSOLD,FLAT,YES,YES,5m,1.00,0.00,0.50,NEUTRAL,1.00,NORMAL,99.21,EXTREME_TREND,NO,⛔ ADX too high (99.21) - Market trending (EXTREME_TREND); Max ADX for entry: 6
2026-08-17T20:48:28.310Z,64369.98,23.63,EXTREME_OVERSOLD,FLAT,YES,YES,30s,1.00,0.00,0.50,NEUTRAL,1.00,NORMAL,99.56,EXTREME_TREND,NO,⛔ ADX too high (99.56) - Market trending (EXTREME_TREND); Max ADX for entry: 6
2026-08-17T20:48:38.322Z,64369.97,21.86,EXTREME_OVERSOLD,FLAT,YES,YES,30s,1.00,0.00,0.50,NEUTRAL,1.00,NORMAL,47.09,TRENDING,NO,⛔ ADX too high (47.09) - Market trending (TRENDING); Max ADX for entry: 6
2026-08-17T20:48:48.404Z,64369.98,21.88,EXTREME_OVERSOLD,FLAT,YES,YES,10s,1.00,0.00,0.50,NEUTRAL,1.00,NORMAL,19.23,RANGING,NO,⛔ ADX too high (19.23) - Market trending (RANGING); Max ADX for entry: 6
2026-08-17T20:48:58.309Z,64370.00,26.29,EXTREME_OVERSOLD,FLAT,YES,YES,1m,1.00,0.00,0.50,NEUTRAL,1.00,NORMAL,47.91,TRENDING,NO,⛔ ADX too high (47.91) - Market trending (TRENDING); Max ADX for entry: 6
2026-08-17T20:49:08.309Z,64369.99,26.28,EXTREME_OVERSOLD,FLAT,YES,YES,30s,1.00,0.00,0.50,NEUTRAL,1.00,NORMAL,100.00,EXTREME_TREND,NO,⛔ ADX too high (100.00) - Market trending (EXTREME_TREND); Max ADX for entry: 6
2026-08-17T20:49:18.326Z,64360.01,22.64,EXTREME_OVERSOLD,FALLING,YES,YES,1h,1.00,0.00,0.50,NEUTRAL,1.00,NORMAL,90.41,EXTREME_TREND,NO,⛔ ADX too high (90.41) - Market trending (EXTREME_TREND); Max ADX for entry: 6
2026-08-17T20:49:28.311Z,64358.39,22.05,EXTREME_OVERSOLD,FLAT,YES,YES,10s,1.00,0.00,0.50,NEUTRAL,1.00,NORMAL,97.78,EXTREME_TREND,NO,⛔ ADX too high (97.78) - Market trending (EXTREME_TREND); Max ADX for entry: 6
2026-08-17T20:49:38.323Z,64358.38,22.04,EXTREME_OVERSOLD,FLAT,YES,YES,30s,1.00,0.00,0.50,NEUTRAL,1.00,NORMAL,13.99,RANGING,NO,⛔ ADX too high (13.99) - Market trending (RANGING); Max ADX for entry: 6
2026-08-17T20:49:48.327Z,64358.38,22.03,EXTREME_OVERSOLD,FLAT,YES,YES,30s,1.00,0.00,0.50,NEUTRAL,1.00,NORMAL,72.91,STRONG_TREND,NO,⛔ ADX too high (72.91) - Market trending (STRONG_TREND); Max ADX for entry: 6
2026-08-17T20:49:58.312Z,64348.65,19.05,EXTREME_OVERSOLD,FALLING,NO,NO,none,0.00,0.00,0.50,NEUTRAL,1.00,NORMAL,99.82,EXTREME_TREND,NO,⛔ ADX too high (99.82) - Market trending (EXTREME_TREND); Max ADX for entry: 6
2026-08-17T20:50:08.316Z,64345.98,18.38,EXTREME_OVERSOLD,FLAT,NO,NO,none,0.00,0.00,0.50,NEUTRAL,1.00,NORMAL,99.54,EXTREME_TREND,NO,⛔ ADX too high (99.54) - Market trending (EXTREME_TREND); Max ADX for entry: 6
2026-08-17T20:50:18.312Z,64344.33,17.99,EXTREME_OVERSOLD,FLAT,YES,YES,10s,1.00,0.00,0.50,NEUTRAL,1.00,NORMAL,94.30,EXTREME_TREND,NO,⛔ ADX too high (94.30) - Market trending (EXTREME_TREND); Max ADX for entry: 6
2026-08-17T20:50:28.311Z,64340.00,18.69,EXTREME_OVERSOLD,FLAT,YES,YES,10s,1.00,0.00,0.50,NEUTRAL,1.00,NORMAL,98.47,EXTREME_TREND,NO,⛔ ADX too high (98.47) - Market trending (EXTREME_TREND); Max ADX for entry: 6
2026-08-17T20:50:38.314Z,64339.99,18.69,EXTREME_OVERSOLD,FLAT,YES,YES,30s,1.00,0.00,0.50,NEUTRAL,1.00,NORMAL,10.83,RANGING,NO,⛔ ADX too high (10.83) - Market trending (RANGING); Max ADX for entry: 6
2026-08-17T20:50:48.314Z,64339.98,17.99,EXTREME_OVERSOLD,FLAT,YES,YES,30s,1.00,0.00,0.50,NEUTRAL,1.00,NORMAL,42.95,TRENDING,NO,⛔ ADX too high (42.95) - Market trending (TRENDING); Max ADX for entry: 6
2026-08-17T20:50:58.331Z,64338.00,9.61,EXTREME_OVERSOLD,FLAT,YES,YES,10s,1.00,0.00,0.50,NEUTRAL,1.00,NORMAL,98.57,EXTREME_TREND,NO,⛔ ADX too high (98.57) - Market trending (EXTREME_TREND); Max ADX for entry: 6
2026-08-17T20:51:08.337Z,64345.05,15.40,EXTREME_OVERSOLD,RISING,YES,YES,1m,1.00,0.00,0.50,NEUTRAL,1.00,NORMAL,99.45,EXTREME_TREND,NO,⛔ ADX too high (99.45) - Market trending (EXTREME_TREND); Max ADX for entry: 6
2026-08-17T20:51:18.315Z,64347.22,17.82,EXTREME_OVERSOLD,FLAT,YES,YES,10s,1.00,0.00,0.50,NEUTRAL,1.00,NORMAL,99.49,EXTREME_TREND,NO,⛔ ADX too high (99.49) - Market trending (EXTREME_TREND); Max ADX for entry: 6
2026-08-17T20:51:28.318Z,64342.00,20.90,EXTREME_OVERSOLD,FLAT,YES,YES,10s,1.00,0.00,0.50,NEUTRAL,1.00,NORMAL,99.26,EXTREME_TREND,NO,⛔ ADX too high (99.26) - Market trending (EXTREME_TREND); Max ADX for entry: 6
2026-08-17T20:51:38.313Z,64340.40,23.76,EXTREME_OVERSOLD,RISING,YES,YES,1m,1.00,0.00,0.50,NEUTRAL,1.00,NORMAL,99.57,EXTREME_TREND,NO,⛔ ADX too high (99.57) - Market trending (EXTREME_TREND); Max ADX for entry: 6
2026-08-17T20:51:48.317Z,64339.17,23.23,EXTREME_OVERSOLD,FLAT,NO,NO,none,0.00,0.00,0.50,NEUTRAL,1.00,NORMAL,100.00,EXTREME_TREND,NO,⛔ ADX too high (100.00) - Market trending (EXTREME_TREND); Max ADX for entry: 6
2026-08-17T20:51:58.317Z,64338.06,22.79,EXTREME_OVERSOLD,FLAT,YES,YES,10s,1.00,0.00,0.50,NEUTRAL,1.00,NORMAL,95.53,EXTREME_TREND,NO,⛔ ADX too high (95.53) - Market trending (EXTREME_TREND); Max ADX for entry: 6
2026-08-17T20:52:08.317Z,64338.06,23.59,EXTREME_OVERSOLD,FLAT,YES,YES,30s,1.00,0.00,0.50,NEUTRAL,1.00,NORMAL,69.69,STRONG_TREND,NO,⛔ ADX too high (69.69) - Market trending (STRONG_TREND); Max ADX for entry: 6
2026-08-17T20:52:18.317Z,64334.00,22.37,EXTREME_OVERSOLD,FLAT,YES,YES,10s,1.00,0.00,0.50,NEUTRAL,1.00,NORMAL,94.59,EXTREME_TREND,NO,⛔ ADX too high (94.59) - Market trending (EXTREME_TREND); Max ADX for entry: 6
2026-08-17T20:52:28.334Z,64334.01,22.38,EXTREME_OVERSOLD,FLAT,YES,YES,10s,1.00,0.00,0.50,NEUTRAL,1.00,NORMAL,40.78,TRENDING,NO,⛔ ADX too high (40.78) - Market trending (TRENDING); Max ADX for entry: 6
2026-08-17T20:52:38.317Z,64332.00,21.66,EXTREME_OVERSOLD,FLAT,NO,NO,none,0.00,0.00,0.50,NEUTRAL,1.00,NORMAL,99.27,EXTREME_TREND,NO,⛔ ADX too high (99.27) - Market trending (EXTREME_TREND); Max ADX for entry: 6
2026-08-17T20:52:48.318Z,64352.43,40.44,NEUTRAL,FLAT,YES,YES,10s,1.00,0.00,0.50,NEUTRAL,1.00,NORMAL,86.51,EXTREME_TREND,NO,⛔ ADX too high (86.51) - Market trending (EXTREME_TREND); Max ADX for entry: 6
2026-08-17T20:52:58.319Z,64352.43,40.23,NEUTRAL,FLAT,YES,YES,30s,1.00,0.00,0.50,NEUTRAL,1.00,NORMAL,11.07,RANGING,NO,⛔ ADX too high (11.07) - Market trending (RANGING); Max ADX for entry: 6
2026-08-17T20:53:08.318Z,64355.99,42.62,NEUTRAL,FLAT,YES,YES,5m,1.00,0.00,0.50,NEUTRAL,1.00,NORMAL,98.93,EXTREME_TREND,NO,⛔ ADX too high (98.93) - Market trending (EXTREME_TREND); Max ADX for entry: 6
2026-08-17T20:53:18.324Z,64356.00,41.57,NEUTRAL,FLAT,YES,YES,10s,1.00,0.00,0.50,NEUTRAL,1.00,NORMAL,99.85,EXTREME_TREND,NO,⛔ ADX too high (99.85) - Market trending (EXTREME_TREND); Max ADX for entry: 6
2026-08-17T20:53:28.337Z,64364.00,46.71,NEUTRAL,FLAT,YES,YES,5m,1.00,0.00,0.50,NEUTRAL,1.00,NORMAL,99.62,EXTREME_TREND,NO,⛔ ADX too high (99.62) - Market trending (EXTREME_TREND); Max ADX for entry: 6
2026-08-17T20:53:38.317Z,64385.00,56.71,NEUTRAL,FLAT,YES,YES,10s,1.00,0.00,0.50,NEUTRAL,1.00,NORMAL,99.88,EXTREME_TREND,NO,⛔ ADX too high (99.88) - Market trending (EXTREME_TREND); Max ADX for entry: 6
2026-08-17T20:53:48.321Z,64382.00,55.23,NEUTRAL,FLAT,YES,YES,30s,1.00,0.00,0.50,NEUTRAL,1.00,NORMAL,99.69,EXTREME_TREND,NO,⛔ ADX too high (99.69) - Market trending (EXTREME_TREND); Max ADX for entry: 6
2026-08-17T20:53:58.321Z,64382.00,55.22,NEUTRAL,FLAT,YES,YES,30s,1.00,0.00,0.50,NEUTRAL,1.00,NORMAL,98.14,EXTREME_TREND,NO,⛔ ADX too high (98.14) - Market trending (EXTREME_TREND); Max ADX for entry: 6
2026-08-17T20:54:08.329Z,64382.00,55.22,NEUTRAL,FLAT,YES,YES,10s,1.00,0.00,0.50,NEUTRAL,1.00,NORMAL,52.39,STRONG_TREND,NO,⛔ ADX too high (52.39) - Market trending (STRONG_TREND); Max ADX for entry: 6
2026-08-17T20:54:18.324Z,64382.88,60.99,OVERBOUGHT,FLAT,YES,YES,1m,1.00,0.00,0.50,NEUTRAL,1.00,NORMAL,97.68,EXTREME_TREND,NO,⛔ ADX too high (97.68) - Market trending (EXTREME_TREND); Max ADX for entry: 6
2026-08-17T20:54:28.326Z,64387.99,63.76,OVERBOUGHT,FLAT,NO,NO,none,0.00,0.00,0.50,NEUTRAL,1.00,NORMAL,99.65,EXTREME_TREND,NO,⛔ ADX too high (99.65) - Market trending (EXTREME_TREND); Max ADX for entry: 6
2026-08-17T20:54:38.322Z,64387.99,63.76,OVERBOUGHT,FLAT,YES,YES,30s,1.00,0.00,0.50,NEUTRAL,1.00,NORMAL,90.30,EXTREME_TREND,NO,⛔ ADX too high (90.30) - Market trending (EXTREME_TREND); Max ADX for entry: 6
2026-08-17T20:54:48.326Z,64387.99,63.76,OVERBOUGHT,FLAT,YES,YES,10s,1.00,0.00,0.50,NEUTRAL,1.00,NORMAL,18.20,RANGING,NO,⛔ ADX too high (18.20) - Market trending (RANGING); Max ADX for entry: 6
2026-08-17T20:54:58.324Z,64387.99,70.10,EXTREME_OVERBOUGHT,FLAT,YES,YES,1m,1.00,0.00,0.50,NEUTRAL,1.00,NORMAL,6.79,RANGING,NO,⛔ ADX too high (6.79) - Market trending (RANGING); Max ADX for entry: 6
2026-08-17T20:55:08.339Z,64387.99,72.07,EXTREME_OVERBOUGHT,FLAT,YES,YES,30s,1.00,0.00,0.50,NEUTRAL,1.00,NORMAL,100.00,EXTREME_TREND,NO,⛔ ADX too high (100.00) - Market trending (EXTREME_TREND); Max ADX for entry: 6
2026-08-17T20:55:18.324Z,64388.00,73.35,EXTREME_OVERBOUGHT,FLAT,YES,YES,1m,1.00,0.00,0.50,NEUTRAL,1.00,NORMAL,35.72,TRENDING,NO,⛔ ADX too high (35.72) - Market trending (TRENDING); Max ADX for entry: 6
2026-08-17T20:55:28.325Z,64395.73,78.75,EXTREME_OVERBOUGHT,FLAT,NO,NO,none,0.00,0.00,0.50,NEUTRAL,1.00,NORMAL,99.64,EXTREME_TREND,NO,⛔ ADX too high (99.64) - Market trending (EXTREME_TREND); Max ADX for entry: 6
2026-08-17T20:55:38.324Z,64400.00,79.66,EXTREME_OVERBOUGHT,FLAT,NO,NO,none,0.00,0.00,0.50,NEUTRAL,1.00,NORMAL,99.72,EXTREME_TREND,NO,⛔ ADX too high (99.72) - Market trending (EXTREME_TREND); Max ADX for entry: 6
2026-08-17T20:55:48.332Z,64399.99,79.66,EXTREME_OVERBOUGHT,FLAT,YES,YES,10s,1.00,0.00,0.50,NEUTRAL,1.00,NORMAL,99.81,EXTREME_TREND,NO,⛔ ADX too high (99.81) - Market trending (EXTREME_TREND); Max ADX for entry: 6
2026-08-17T20:55:58.324Z,64400.00,81.25,EXTREME_OVERBOUGHT,FLAT,YES,YES,10s,1.00,0.00,0.50,NEUTRAL,1.00,NORMAL,20.26,TRANSITION,NO,⛔ ADX too high (20.26) - Market trending (TRANSITION); Max ADX for entry: 6
2026-08-17T20:56:08.325Z,64399.99,79.34,EXTREME_OVERBOUGHT,FALLING,YES,YES,10s,1.00,0.00,0.50,NEUTRAL,1.00,NORMAL,100.00,EXTREME_TREND,NO,⛔ ADX too high (100.00) - Market trending (EXTREME_TREND); Max ADX for entry: 6
2026-08-17T20:56:18.332Z,64399.99,79.33,EXTREME_OVERBOUGHT,FLAT,YES,YES,10s,1.00,0.00,0.50,NEUTRAL,1.00,NORMAL,12.53,RANGING,NO,⛔ ADX too high (12.53) - Market trending (RANGING); Max ADX for entry: 6
2026-08-17T20:56:28.321Z,64399.99,84.21,EXTREME_OVERBOUGHT,FLAT,YES,YES,10s,1.00,0.00,0.50,NEUTRAL,1.00,NORMAL,53.27,STRONG_TREND,NO,⛔ ADX too high (53.27) - Market trending (STRONG_TREND); Max ADX for entry: 6
2026-08-17T20:56:38.323Z,64400.00,85.85,EXTREME_OVERBOUGHT,FLAT,YES,YES,5m,1.00,0.00,0.50,NEUTRAL,1.00,NORMAL,87.58,EXTREME_TREND,NO,⛔ ADX too high (87.58) - Market trending (EXTREME_TREND); Max ADX for entry: 6
2026-08-17T20:56:48.322Z,64399.99,87.13,EXTREME_OVERBOUGHT,FLAT,YES,YES,5m,1.00,0.00,0.50,NEUTRAL,1.00,NORMAL,19.88,RANGING,NO,⛔ ADX too high (19.88) - Market trending (RANGING); Max ADX for entry: 6
2026-08-17T20:56:58.329Z,64399.99,88.32,EXTREME_OVERBOUGHT,FLAT,YES,YES,5m,1.00,0.00,0.50,NEUTRAL,1.00,NORMAL,18.90,RANGING,NO,⛔ ADX too high (18.90) - Market trending (RANGING); Max ADX for entry: 6
2026-08-17T20:57:08.323Z,64400.00,88.38,EXTREME_OVERBOUGHT,FLAT,YES,YES,5m,1.00,0.00,0.50,NEUTRAL,1.00,NORMAL,85.60,EXTREME_TREND,NO,⛔ ADX too high (85.60) - Market trending (EXTREME_TREND); Max ADX for entry: 6
2026-08-17T20:57:18.323Z,64405.47,93.46,EXTREME_OVERBOUGHT,FLAT,NO,NO,none,0.00,0.00,0.50,NEUTRAL,1.00,NORMAL,99.49,EXTREME_TREND,NO,⛔ ADX too high (99.49) - Market trending (EXTREME_TREND); Max ADX for entry: 6
2026-08-17T20:57:28.321Z,64409.15,93.74,EXTREME_OVERBOUGHT,FLAT,NO,NO,none,0.00,0.00,0.50,NEUTRAL,1.00,NORMAL,97.95,EXTREME_TREND,NO,⛔ ADX too high (97.95) - Market trending (EXTREME_TREND); Max ADX for entry: 6
2026-08-17T20:57:38.323Z,64402.95,89.38,EXTREME_OVERBOUGHT,FALLING,YES,YES,30s,1.00,0.00,0.50,NEUTRAL,1.00,NORMAL,75.57,EXTREME_TREND,NO,⛔ ADX too high (75.57) - Market trending (EXTREME_TREND); Max ADX for entry: 6
2026-08-17T20:57:48.331Z,64399.84,82.57,EXTREME_OVERBOUGHT,FALLING,YES,YES,5m,1.00,0.00,0.50,NEUTRAL,1.00,NORMAL,97.95,EXTREME_TREND,NO,⛔ ADX too high (97.95) - Market trending (EXTREME_TREND); Max ADX for entry: 6
2026-08-17T20:57:58.333Z,64388.01,71.02,EXTREME_OVERBOUGHT,FLAT,YES,YES,10s,1.00,0.00,0.50,NEUTRAL,1.00,NORMAL,99.62,EXTREME_TREND,NO,⛔ ADX too high (99.62) - Market trending (EXTREME_TREND); Max ADX for entry: 6
2026-08-17T20:58:08.328Z,64388.00,69.74,OVERBOUGHT,FLAT,YES,YES,30s,1.00,0.00,0.50,NEUTRAL,1.00,NORMAL,72.08,STRONG_TREND,NO,⛔ ADX too high (72.08) - Market trending (STRONG_TREND); Max ADX for entry: 6
2026-08-17T20:58:18.332Z,64388.01,69.75,OVERBOUGHT,FLAT,YES,YES,30s,1.00,0.00,0.50,NEUTRAL,1.00,NORMAL,12.72,RANGING,NO,⛔ ADX too high (12.72) - Market trending (RANGING); Max ADX for entry: 6
2026-08-17T20:58:28.327Z,64388.01,63.42,OVERBOUGHT,FALLING,YES,YES,10s,1.00,0.00,0.50,NEUTRAL,1.00,NORMAL,64.28,STRONG_TREND,NO,⛔ ADX too high (64.28) - Market trending (STRONG_TREND); Max ADX for entry: 6
2026-08-17T20:58:38.325Z,64388.01,52.89,NEUTRAL,FLAT,YES,YES,1m,1.00,0.00,0.50,NEUTRAL,1.00,NORMAL,34.42,TRENDING,NO,⛔ ADX too high (34.42) - Market trending (TRENDING); Max ADX for entry: 6
2026-08-18T00:04:18.694Z,64482.34,24.92,EXTREME_OVERSOLD,FLAT,YES,YES,10s,1.00,0.00,0.50,NEUTRAL,1.00,NORMAL,37.06,TRENDING,NO,⛔ ADX too high (37.06) - Market trending (TRENDING); Max ADX for entry: 6
2026-08-18T00:04:28.692Z,64482.34,24.91,EXTREME_OVERSOLD,FLAT,YES,YES,10s,1.00,0.00,0.50,NEUTRAL,1.00,NORMAL,16.98,RANGING,NO,⛔ ADX too high (16.98) - Market trending (RANGING); Max ADX for entry: 6
2026-08-18T00:04:38.692Z,64482.34,26.26,EXTREME_OVERSOLD,FLAT,YES,YES,30s,1.00,0.00,0.50,NEUTRAL,1.00,NORMAL,73.30,STRONG_TREND,NO,⛔ ADX too high (73.30) - Market trending (STRONG_TREND); Max ADX for entry: 6
2026-08-18T00:04:48.692Z,64482.34,27.86,EXTREME_OVERSOLD,RISING,YES,YES,10s,1.00,0.00,0.50,NEUTRAL,1.00,NORMAL,32.16,TRENDING,NO,⛔ ADX too high (32.16) - Market trending (TRENDING); Max ADX for entry: 6
2026-08-18T00:04:58.693Z,64482.34,28.40,EXTREME_OVERSOLD,FLAT,YES,YES,5m,1.00,0.00,0.50,NEUTRAL,1.00,NORMAL,14.98,RANGING,NO,⛔ ADX too high (14.98) - Market trending (RANGING); Max ADX for entry: 6
2026-08-18T00:05:08.693Z,64482.34,22.45,EXTREME_OVERSOLD,FLAT,YES,YES,5m,1.00,0.00,0.50,NEUTRAL,1.00,NORMAL,54.81,STRONG_TREND,NO,⛔ ADX too high (54.81) - Market trending (STRONG_TREND); Max ADX for entry: 6
2026-08-18T00:05:18.692Z,64482.33,3.33,EXTREME_OVERSOLD,FALLING,YES,YES,5m,1.00,0.00,0.50,NEUTRAL,1.00,NORMAL,9.49,RANGING,NO,⛔ ADX too high (9.49) - Market trending (RANGING); Max ADX for entry: 6
2026-08-18T00:05:28.694Z,64482.34,0.61,EXTREME_OVERSOLD,FALLING,YES,YES,5m,1.00,0.00,0.50,NEUTRAL,1.00,NORMAL,46.76,TRENDING,NO,⛔ ADX too high (46.76) - Market trending (TRENDING); Max ADX for entry: 6
2026-08-18T00:05:38.689Z,64482.34,0.60,EXTREME_OVERSOLD,FLAT,YES,YES,5m,1.00,0.00,0.50,NEUTRAL,1.00,NORMAL,25.15,TRENDING,NO,⛔ ADX too high (25.15) - Market trending (TRENDING); Max ADX for entry: 6
2026-08-18T00:05:48.691Z,64482.34,0.69,EXTREME_OVERSOLD,FLAT,YES,YES,30s,1.00,0.00,0.50,NEUTRAL,1.00,NORMAL,64.49,STRONG_TREND,NO,⛔ ADX too high (64.49) - Market trending (STRONG_TREND); Max ADX for entry: 6
2026-08-18T00:05:58.692Z,64482.34,0.69,EXTREME_OVERSOLD,FLAT,YES,YES,10s,1.00,0.00,0.50,NEUTRAL,1.00,NORMAL,7.91,RANGING,NO,⛔ ADX too high (7.91) - Market trending (RANGING); Max ADX for entry: 6
2026-08-18T00:06:08.690Z,64482.33,0.68,EXTREME_OVERSOLD,FLAT,YES,YES,10s,1.00,0.00,0.50,NEUTRAL,1.00,NORMAL,57.63,STRONG_TREND,NO,⛔ ADX too high (57.63) - Market trending (STRONG_TREND); Max ADX for entry: 6
2026-08-18T00:06:18.692Z,64482.34,0.68,EXTREME_OVERSOLD,FLAT,YES,YES,10s,1.00,0.00,0.50,NEUTRAL,1.00,NORMAL,35.24,TRENDING,NO,⛔ ADX too high (35.24) - Market trending (TRENDING); Max ADX for entry: 6
2026-08-18T06:34:19.412Z,64391.72,73.41,EXTREME_OVERBOUGHT,FLAT,YES,YES,10s,1.00,0.00,0.50,NEUTRAL,1.00,NORMAL,97.29,EXTREME_TREND,NO,⛔ ADX too high (97.29) - Market trending (EXTREME_TREND); Max ADX for entry: 6
2026-08-18T06:34:29.415Z,64381.04,67.05,OVERBOUGHT,FLAT,YES,YES,5m,1.00,0.00,0.50,NEUTRAL,1.00,NORMAL,99.75,EXTREME_TREND,NO,⛔ ADX too high (99.75) - Market trending (EXTREME_TREND); Max ADX for entry: 6
2026-08-18T06:34:39.414Z,64381.05,67.05,OVERBOUGHT,FLAT,YES,YES,30s,1.00,0.00,0.50,NEUTRAL,1.00,NORMAL,99.62,EXTREME_TREND,NO,⛔ ADX too high (99.62) - Market trending (EXTREME_TREND); Max ADX for entry: 6
2026-08-18T06:34:49.397Z,64381.05,67.05,OVERBOUGHT,FLAT,YES,YES,30s,1.00,0.00,0.50,NEUTRAL,1.00,NORMAL,53.83,STRONG_TREND,NO,⛔ ADX too high (53.83) - Market trending (STRONG_TREND); Max ADX for entry: 6
2026-08-18T06:34:59.396Z,64381.05,67.05,OVERBOUGHT,FLAT,YES,YES,1m,1.00,0.00,0.50,NEUTRAL,1.00,NORMAL,38.45,TRENDING,NO,⛔ ADX too high (38.45) - Market trending (TRENDING); Max ADX for entry: 6
2026-08-18T06:35:09.400Z,64381.04,64.18,OVERBOUGHT,FLAT,YES,YES,10s,1.00,0.00,0.50,NEUTRAL,1.00,NORMAL,67.25,STRONG_TREND,NO,⛔ ADX too high (67.25) - Market trending (STRONG_TREND); Max ADX for entry: 6
2026-08-18T07:27:29.486Z,64308.22,55.45,NEUTRAL,RISING,YES,YES,10s,1.00,0.00,0.50,NEUTRAL,1.00,NORMAL,37.06,TRENDING,NO,⛔ ADX too high (37.06) - Market trending (TRENDING); Max ADX for entry: 6
2026-08-18T07:27:39.486Z,64308.21,73.26,EXTREME_OVERBOUGHT,RISING,YES,YES,1m,1.00,0.00,0.50,NEUTRAL,1.00,NORMAL,19.39,RANGING,NO,⛔ ADX too high (19.39) - Market trending (RANGING); Max ADX for entry: 6
2026-08-18T07:27:49.486Z,64308.21,76.28,EXTREME_OVERBOUGHT,FLAT,YES,YES,1m,1.00,0.00,0.50,NEUTRAL,1.00,NORMAL,10.34,RANGING,NO,⛔ ADX too high (10.34) - Market trending (RANGING); Max ADX for entry: 6
2026-08-18T07:27:59.485Z,64308.21,76.15,EXTREME_OVERBOUGHT,FLAT,YES,YES,5m,1.00,0.00,0.50,NEUTRAL,1.00,NORMAL,56.36,STRONG_TREND,NO,⛔ ADX too high (56.36) - Market trending (STRONG_TREND); Max ADX for entry: 6
2026-08-18T07:28:09.485Z,64296.12,9.79,EXTREME_OVERSOLD,FLAT,YES,YES,10s,1.00,0.00,0.50,NEUTRAL,1.00,NORMAL,99.65,EXTREME_TREND,NO,⛔ ADX too high (99.65) - Market trending (EXTREME_TREND); Max ADX for entry: 6
2026-08-18T07:28:19.486Z,64296.13,3.32,EXTREME_OVERSOLD,FLAT,YES,YES,30s,1.00,0.00,0.50,NEUTRAL,1.00,NORMAL,100.00,EXTREME_TREND,NO,⛔ ADX too high (100.00) - Market trending (EXTREME_TREND); Max ADX for entry: 6
2026-08-18T07:28:29.486Z,64296.13,3.32,EXTREME_OVERSOLD,FLAT,YES,YES,10s,1.00,0.00,0.50,NEUTRAL,1.00,NORMAL,69.17,STRONG_TREND,NO,⛔ ADX too high (69.17) - Market trending (STRONG_TREND); Max ADX for entry: 6
2026-08-18T07:28:39.487Z,64296.13,3.38,EXTREME_OVERSOLD,FLAT,YES,YES,30s,1.00,0.00,0.50,NEUTRAL,1.00,NORMAL,20.57,TRANSITION,NO,⛔ ADX too high (20.57) - Market trending (TRANSITION); Max ADX for entry: 6
2026-08-18T07:28:49.488Z,64296.13,3.45,EXTREME_OVERSOLD,FLAT,YES,YES,1m,1.00,0.00,0.50,NEUTRAL,0.99,NORMAL,85.03,EXTREME_TREND,NO,⛔ ADX too high (85.03) - Market trending (EXTREME_TREND); Max ADX for entry: 6
2026-08-18T07:28:59.497Z,64296.12,3.51,EXTREME_OVERSOLD,FLAT,YES,YES,5m,1.00,0.00,0.50,NEUTRAL,1.00,NORMAL,8.62,RANGING,NO,⛔ ADX too high (8.62) - Market trending (RANGING); Max ADX for entry: 6
2026-08-18T07:29:09.486Z,64296.13,3.58,EXTREME_OVERSOLD,FLAT,YES,YES,5m,1.00,0.00,0.50,NEUTRAL,1.00,NORMAL,45.70,TRENDING,NO,⛔ ADX too high (45.70) - Market trending (TRENDING); Max ADX for entry: 6
2026-08-18T07:29:19.492Z,64284.17,2.00,EXTREME_OVERSOLD,FLAT,NO,NO,none,0.00,0.00,0.50,NEUTRAL,1.00,NORMAL,99.69,EXTREME_TREND,NO,⛔ ADX too high (99.69) - Market trending (EXTREME_TREND); Max ADX for entry: 6
2026-08-18T07:29:29.485Z,64284.17,2.00,EXTREME_OVERSOLD,FLAT,YES,YES,30s,1.00,0.00,0.50,NEUTRAL,1.00,NORMAL,99.93,EXTREME_TREND,NO,⛔ ADX too high (99.93) - Market trending (EXTREME_TREND); Max ADX for entry: 6
2026-08-18T07:29:39.487Z,64280.69,1.73,EXTREME_OVERSOLD,FLAT,NO,NO,none,0.00,0.00,0.50,NEUTRAL,1.00,NORMAL,99.08,EXTREME_TREND,NO,⛔ ADX too high (99.08) - Market trending (EXTREME_TREND); Max ADX for entry: 6
2026-08-18T07:29:49.484Z,64280.69,1.77,EXTREME_OVERSOLD,FLAT,YES,YES,30s,1.00,0.00,0.50,NEUTRAL,1.00,NORMAL,91.41,EXTREME_TREND,NO,⛔ ADX too high (91.41) - Market trending (EXTREME_TREND); Max ADX for entry: 6
2026-08-18T07:29:59.487Z,64280.00,1.73,EXTREME_OVERSOLD,FLAT,YES,YES,10s,1.00,0.00,0.50,NEUTRAL,1.00,NORMAL,96.98,EXTREME_TREND,NO,⛔ ADX too high (96.98) - Market trending (EXTREME_TREND); Max ADX for entry: 6
2026-08-18T07:30:09.488Z,64260.56,1.08,EXTREME_OVERSOLD,FLAT,NO,NO,none,0.00,0.00,0.50,NEUTRAL,1.00,NORMAL,99.77,EXTREME_TREND,NO,⛔ ADX too high (99.77) - Market trending (EXTREME_TREND); Max ADX for entry: 6
2026-08-18T07:30:19.486Z,64260.56,2.18,EXTREME_OVERSOLD,FLAT,YES,YES,30s,1.00,0.00,0.50,NEUTRAL,1.00,NORMAL,82.00,EXTREME_TREND,NO,⛔ ADX too high (82.00) - Market trending (EXTREME_TREND); Max ADX for entry: 6
2026-08-18T07:30:29.488Z,64269.82,17.14,EXTREME_OVERSOLD,FLAT,YES,YES,10s,1.00,0.00,0.50,NEUTRAL,1.00,NORMAL,92.05,EXTREME_TREND,NO,⛔ ADX too high (92.05) - Market trending (EXTREME_TREND); Max ADX for entry: 6
2026-08-18T07:30:39.489Z,64269.83,17.13,EXTREME_OVERSOLD,FLAT,YES,YES,30s,1.00,0.00,0.50,NEUTRAL,1.00,NORMAL,34.11,TRENDING,NO,⛔ ADX too high (34.11) - Market trending (TRENDING); Max ADX for entry: 6
2026-08-18T07:30:49.492Z,64269.82,17.12,EXTREME_OVERSOLD,FLAT,YES,YES,30s,1.00,0.00,0.50,NEUTRAL,1.00,NORMAL,8.12,RANGING,NO,⛔ ADX too high (8.12) - Market trending (RANGING); Max ADX for entry: 6
2026-08-18T07:30:59.488Z,64269.83,17.13,EXTREME_OVERSOLD,FLAT,YES,YES,10s,1.00,0.00,0.50,NEUTRAL,1.00,NORMAL,60.26,STRONG_TREND,NO,⛔ ADX too high (60.26) - Market trending (STRONG_TREND); Max ADX for entry: 6
2026-08-18T07:31:09.489Z,64267.88,16.58,EXTREME_OVERSOLD,FLAT,YES,YES,1m,1.00,0.00,0.50,NEUTRAL,1.00,NORMAL,98.61,EXTREME_TREND,NO,⛔ ADX too high (98.61) - Market trending (EXTREME_TREND); Max ADX for entry: 6
2026-08-18T07:31:19.490Z,64264.00,15.60,EXTREME_OVERSOLD,FLAT,YES,YES,1m,1.00,0.00,0.50,NEUTRAL,1.00,NORMAL,99.86,EXTREME_TREND,NO,⛔ ADX too high (99.86) - Market trending (EXTREME_TREND); Max ADX for entry: 6
2026-08-18T07:31:29.491Z,64264.00,15.61,EXTREME_OVERSOLD,FLAT,YES,YES,30s,1.00,0.00,0.50,NEUTRAL,1.00,NORMAL,94.14,EXTREME_TREND,NO,⛔ ADX too high (94.14) - Market trending (EXTREME_TREND); Max ADX for entry: 6
2026-08-18T11:52:30.023Z,64363.03,31.42,OVERSOLD,FLAT,YES,YES,1m,1.00,0.00,0.50,NEUTRAL,1.00,NORMAL,45.57,TRENDING,NO,⛔ ADX too high (45.57) - Market trending (TRENDING); Max ADX for entry: 6
2026-08-18T11:52:40.039Z,64357.50,25.55,EXTREME_OVERSOLD,FLAT,YES,YES,1h,1.00,0.00,0.50,NEUTRAL,1.00,NORMAL,99.51,EXTREME_TREND,NO,⛔ ADX too high (99.51) - Market trending (EXTREME_TREND); Max ADX for entry: 6
2026-08-18T11:52:50.035Z,64357.50,25.57,EXTREME_OVERSOLD,FLAT,YES,YES,30s,1.00,0.00,0.50,NEUTRAL,1.00,NORMAL,16.16,RANGING,NO,⛔ ADX too high (16.16) - Market trending (RANGING); Max ADX for entry: 6
2026-08-18T11:53:00.038Z,64356.26,24.54,EXTREME_OVERSOLD,FLAT,YES,YES,1h,1.00,0.00,0.50,NEUTRAL,1.00,NORMAL,97.06,EXTREME_TREND,NO,⛔ ADX too high (97.06) - Market trending (EXTREME_TREND); Max ADX for entry: 6
2026-08-18T11:53:10.026Z,64350.01,20.42,EXTREME_OVERSOLD,FLAT,YES,YES,1h,1.00,0.00,0.50,NEUTRAL,1.00,NORMAL,99.79,EXTREME_TREND,NO,⛔ ADX too high (99.79) - Market trending (EXTREME_TREND); Max ADX for entry: 6
2026-08-18T11:53:20.039Z,64344.64,17.84,EXTREME_OVERSOLD,FLAT,YES,YES,10s,1.00,0.00,0.50,NEUTRAL,1.00,NORMAL,99.06,EXTREME_TREND,NO,⛔ ADX too high (99.06) - Market trending (EXTREME_TREND); Max ADX for entry: 6
2026-08-18T11:53:30.036Z,64344.01,17.56,EXTREME_OVERSOLD,FLAT,YES,YES,30s,1.00,0.00,0.50,NEUTRAL,1.00,NORMAL,76.63,EXTREME_TREND,NO,⛔ ADX too high (76.63) - Market trending (EXTREME_TREND); Max ADX for entry: 6
2026-08-18T11:53:40.033Z,64344.00,23.97,EXTREME_OVERSOLD,FLAT,YES,YES,30s,1.00,0.00,0.50,NEUTRAL,1.00,NORMAL,98.88,EXTREME_TREND,NO,⛔ ADX too high (98.88) - Market trending (EXTREME_TREND); Max ADX for entry: 6
2026-08-18T11:53:50.028Z,64344.00,25.77,EXTREME_OVERSOLD,FLAT,YES,YES,30s,1.00,0.00,0.50,NEUTRAL,1.00,NORMAL,66.11,STRONG_TREND,NO,⛔ ADX too high (66.11) - Market trending (STRONG_TREND); Max ADX for entry: 6
2026-08-18T11:54:00.036Z,64344.01,27.92,EXTREME_OVERSOLD,FLAT,YES,YES,10s,1.00,0.00,0.50,NEUTRAL,1.00,NORMAL,60.85,STRONG_TREND,NO,⛔ ADX too high (60.85) - Market trending (STRONG_TREND); Max ADX for entry: 6
2026-08-18T11:54:10.029Z,64344.00,22.00,EXTREME_OVERSOLD,FLAT,YES,YES,30s,1.00,0.00,0.50,NEUTRAL,1.00,NORMAL,11.79,RANGING,NO,⛔ ADX too high (11.79) - Market trending (RANGING); Max ADX for entry: 6
2026-08-18T11:54:20.028Z,64342.58,20.88,EXTREME_OVERSOLD,FLAT,YES,YES,1h,1.00,0.00,0.50,NEUTRAL,1.00,NORMAL,95.58,EXTREME_TREND,NO,⛔ ADX too high (95.58) - Market trending (EXTREME_TREND); Max ADX for entry: 6
2026-08-18T11:54:30.030Z,64342.00,20.43,EXTREME_OVERSOLD,FLAT,YES,YES,10s,1.00,0.00,0.50,NEUTRAL,1.00,NORMAL,63.03,STRONG_TREND,NO,⛔ ADX too high (63.03) - Market trending (STRONG_TREND); Max ADX for entry: 6
2026-08-18T11:54:40.029Z,64340.52,19.36,EXTREME_OVERSOLD,FLAT,YES,YES,10s,1.00,0.00,0.50,NEUTRAL,1.00,NORMAL,84.71,EXTREME_TREND,NO,⛔ ADX too high (84.71) - Market trending (EXTREME_TREND); Max ADX for entry: 6
2026-08-18T11:54:50.040Z,64345.66,31.64,OVERSOLD,FLAT,YES,YES,5m,1.00,0.00,0.50,NEUTRAL,1.00,NORMAL,98.35,EXTREME_TREND,NO,⛔ ADX too high (98.35) - Market trending (EXTREME_TREND); Max ADX for entry: 6
2026-08-18T11:55:00.513Z,64345.67,31.62,OVERSOLD,FLAT,YES,YES,10s,1.00,0.00,0.50,NEUTRAL,1.00,NORMAL,35.24,TRENDING,NO,⛔ ADX too high (35.24) - Market trending (TRENDING); Max ADX for entry: 6
2026-08-18T11:55:10.027Z,64345.67,31.64,OVERSOLD,FLAT,YES,YES,30s,1.00,0.00,0.50,NEUTRAL,1.00,NORMAL,8.53,RANGING,NO,⛔ ADX too high (8.53) - Market trending (RANGING); Max ADX for entry: 6
2026-08-18T11:55:20.040Z,64345.66,31.61,OVERSOLD,FLAT,YES,YES,1m,1.00,0.00,0.50,NEUTRAL,1.00,NORMAL,58.46,STRONG_TREND,NO,⛔ ADX too high (58.46) - Market trending (STRONG_TREND); Max ADX for entry: 6
2026-08-18T11:55:30.031Z,64345.67,31.64,OVERSOLD,FLAT,YES,YES,30s,1.00,0.00,0.50,NEUTRAL,1.00,NORMAL,8.31,RANGING,NO,⛔ ADX too high (8.31) - Market trending (RANGING); Max ADX for entry: 6
2026-08-18T11:55:40.027Z,64345.67,31.62,OVERSOLD,FLAT,YES,YES,1m,1.00,0.00,0.50,NEUTRAL,1.00,NORMAL,59.06,STRONG_TREND,NO,⛔ ADX too high (59.06) - Market trending (STRONG_TREND); Max ADX for entry: 6
2026-08-18T11:55:50.048Z,64345.66,31.61,OVERSOLD,FLAT,YES,YES,5m,1.00,0.00,0.50,NEUTRAL,1.00,NORMAL,20.26,TRANSITION,NO,⛔ ADX too high (20.26) - Market trending (TRANSITION); Max ADX for entry: 6
2026-08-18T11:56:00.031Z,64345.66,31.58,OVERSOLD,FLAT,YES,YES,30s,1.00,0.00,0.50,NEUTRAL,1.00,NORMAL,65.15,STRONG_TREND,NO,⛔ ADX too high (65.15) - Market trending (STRONG_TREND); Max ADX for entry: 6
2026-08-18T11:56:10.042Z,64345.67,31.61,OVERSOLD,FLAT,YES,YES,5m,1.00,0.00,0.50,NEUTRAL,1.00,NORMAL,7.81,RANGING,NO,⛔ ADX too high (7.81) - Market trending (RANGING); Max ADX for entry: 6
2026-08-18T11:56:20.043Z,64347.72,35.52,OVERSOLD,FLAT,YES,YES,10s,1.00,0.00,0.50,NEUTRAL,1.00,NORMAL,97.15,EXTREME_TREND,NO,⛔ ADX too high (97.15) - Market trending (EXTREME_TREND); Max ADX for entry: 6
2026-08-18T11:56:30.042Z,64347.73,35.54,OVERSOLD,FLAT,YES,YES,30s,1.00,0.00,0.50,NEUTRAL,1.00,NORMAL,7.63,RANGING,NO,⛔ ADX too high (7.63) - Market trending (RANGING); Max ADX for entry: 6
2026-08-18T11:56:40.044Z,64347.72,25.24,EXTREME_OVERSOLD,FALLING,YES,YES,30s,1.00,0.00,0.50,NEUTRAL,1.00,NORMAL,9.37,RANGING,NO,⛔ ADX too high (9.37) - Market trending (RANGING); Max ADX for entry: 6
2026-08-18T11:56:50.041Z,64347.73,25.26,EXTREME_OVERSOLD,FLAT,YES,YES,10s,1.00,0.00,0.50,NEUTRAL,1.00,NORMAL,12.06,RANGING,NO,⛔ ADX too high (12.06) - Market trending (RANGING); Max ADX for entry: 6
2026-08-18T11:57:00.038Z,64347.72,25.23,EXTREME_OVERSOLD,FLAT,YES,YES,1m,1.00,0.00,0.50,NEUTRAL,1.00,NORMAL,58.34,STRONG_TREND,NO,⛔ ADX too high (58.34) - Market trending (STRONG_TREND); Max ADX for entry: 6
2026-08-18T11:57:10.045Z,64347.72,25.23,EXTREME_OVERSOLD,FLAT,YES,YES,1m,1.00,0.00,0.50,NEUTRAL,1.00,NORMAL,8.87,RANGING,NO,⛔ ADX too high (8.87) - Market trending (RANGING); Max ADX for entry: 6
2026-08-18T11:57:20.031Z,64348.76,27.61,EXTREME_OVERSOLD,FLAT,YES,YES,10s,1.00,0.00,0.50,NEUTRAL,1.00,NORMAL,98.60,EXTREME_TREND,NO,⛔ ADX too high (98.60) - Market trending (EXTREME_TREND); Max ADX for entry: 6
2026-08-18T11:57:30.031Z,64348.76,27.60,EXTREME_OVERSOLD,FLAT,YES,YES,30s,1.00,0.00,0.50,NEUTRAL,1.00,NORMAL,14.71,RANGING,NO,⛔ ADX too high (14.71) - Market trending (RANGING); Max ADX for entry: 6
2026-08-18T11:57:40.049Z,64350.00,36.40,OVERSOLD,RISING,YES,YES,5m,1.00,0.00,0.50,NEUTRAL,1.00,NORMAL,97.64,EXTREME_TREND,NO,⛔ ADX too high (97.64) - Market trending (EXTREME_TREND); Max ADX for entry: 6
2026-08-18T11:57:50.031Z,64349.99,36.38,OVERSOLD,FLAT,YES,YES,30s,1.00,0.00,0.50,NEUTRAL,1.00,NORMAL,78.15,EXTREME_TREND,NO,⛔ ADX too high (78.15) - Market trending (EXTREME_TREND); Max ADX for entry: 6
2026-08-18T11:58:00.048Z,64350.00,38.08,OVERSOLD,FLAT,YES,YES,30s,1.00,0.00,0.50,NEUTRAL,1.00,NORMAL,9.73,RANGING,NO,⛔ ADX too high (9.73) - Market trending (RANGING); Max ADX for entry: 6
2026-08-18T11:58:10.045Z,64350.00,62.41,OVERBOUGHT,RISING,YES,YES,1m,1.00,0.00,0.50,NEUTRAL,1.00,NORMAL,69.54,STRONG_TREND,NO,⛔ ADX too high (69.54) - Market trending (STRONG_TREND); Max ADX for entry: 6
2026-08-18T14:31:20.352Z,64984.31,58.07,NEUTRAL,FLAT,YES,YES,5m,1.00,0.00,0.50,NEUTRAL,1.00,NORMAL,84.38,EXTREME_TREND,NO,⛔ ADX too high (84.38) - Market trending (EXTREME_TREND); Max ADX for entry: 6
2026-08-18T14:31:30.837Z,64944.60,55.94,NEUTRAL,FLAT,YES,YES,5m,1.00,0.00,0.50,NEUTRAL,1.00,NORMAL,6.95,RANGING,NO,⛔ ADX too high (6.95) - Market trending (RANGING); Max ADX for entry: 6
2026-08-18T14:31:40.364Z,64864.42,52.48,NEUTRAL,FLAT,YES,YES,5m,1.00,0.00,0.50,NEUTRAL,1.00,NORMAL,97.97,EXTREME_TREND,NO,⛔ ADX too high (97.97) - Market trending (EXTREME_TREND); Max ADX for entry: 6
2026-08-18T14:31:50.366Z,64860.51,50.10,NEUTRAL,FLAT,YES,YES,30s,1.00,0.00,0.50,NEUTRAL,1.00,NORMAL,69.10,STRONG_TREND,NO,⛔ ADX too high (69.10) - Market trending (STRONG_TREND); Max ADX for entry: 6
2026-08-18T14:32:00.362Z,64847.60,48.13,NEUTRAL,FLAT,YES,YES,15m,1.00,0.00,0.50,NEUTRAL,1.00,NORMAL,16.76,RANGING,NO,⛔ ADX too high (16.76) - Market trending (RANGING); Max ADX for entry: 6
2026-08-18T14:32:10.364Z,64811.54,45.46,NEUTRAL,FLAT,YES,YES,15m,1.00,0.00,0.50,NEUTRAL,1.00,NORMAL,17.10,RANGING,NO,⛔ ADX too high (17.10) - Market trending (RANGING); Max ADX for entry: 6
2026-08-18T14:32:20.354Z,64796.01,45.22,NEUTRAL,FLAT,YES,YES,15m,1.00,0.00,0.50,BEARISH,1.00,NORMAL,64.17,STRONG_TREND,NO,⛔ ADX too high (64.17) - Market trending (STRONG_TREND); Max ADX for entry: 6
2026-08-18T14:32:30.353Z,64789.32,46.17,NEUTRAL,FLAT,YES,YES,1m,1.00,0.00,0.50,BEARISH,1.00,NORMAL,80.84,EXTREME_TREND,NO,⛔ ADX too high (80.84) - Market trending (EXTREME_TREND); Max ADX for entry: 6
2026-08-18T14:32:40.368Z,64823.99,46.06,NEUTRAL,FLAT,YES,YES,10s,1.00,0.00,0.50,BEARISH,1.00,NORMAL,20.47,TRANSITION,NO,⛔ ADX too high (20.47) - Market trending (TRANSITION); Max ADX for entry: 6
2026-08-18T14:32:50.370Z,64868.98,48.87,NEUTRAL,FLAT,YES,YES,5m,1.00,0.00,0.50,NEUTRAL,1.00,NORMAL,91.83,EXTREME_TREND,NO,⛔ ADX too high (91.83) - Market trending (EXTREME_TREND); Max ADX for entry: 6
2026-08-18T14:33:00.369Z,64882.57,46.74,NEUTRAL,FALLING,YES,YES,10s,1.00,0.00,0.50,NEUTRAL,1.00,NORMAL,92.77,EXTREME_TREND,NO,⛔ ADX too high (92.77) - Market trending (EXTREME_TREND); Max ADX for entry: 6
2026-08-18T14:33:10.357Z,64863.06,46.29,NEUTRAL,FLAT,YES,YES,30s,1.00,0.00,0.50,NEUTRAL,1.00,NORMAL,63.01,STRONG_TREND,NO,⛔ ADX too high (63.01) - Market trending (STRONG_TREND); Max ADX for entry: 6
2026-08-18T14:33:20.355Z,64847.89,45.94,NEUTRAL,FLAT,YES,YES,1m,1.00,0.00,0.50,NEUTRAL,1.00,NORMAL,86.13,EXTREME_TREND,NO,⛔ ADX too high (86.13) - Market trending (EXTREME_TREND); Max ADX for entry: 6
2026-08-18T14:33:30.373Z,64826.00,45.28,NEUTRAL,FLAT,YES,YES,1m,1.00,0.00,0.50,NEUTRAL,1.00,NORMAL,76.21,EXTREME_TREND,NO,⛔ ADX too high (76.21) - Market trending (EXTREME_TREND); Max ADX for entry: 6
2026-08-18T14:33:40.372Z,64784.06,43.59,NEUTRAL,FLAT,YES,YES,15m,1.00,0.00,0.50,NEUTRAL,1.00,NORMAL,99.98,EXTREME_TREND,NO,⛔ ADX too high (99.98) - Market trending (EXTREME_TREND); Max ADX for entry: 6
2026-08-18T14:33:50.371Z,64820.70,43.46,NEUTRAL,RISING,YES,YES,30s,1.00,0.00,0.50,NEUTRAL,1.00,NORMAL,50.88,STRONG_TREND,NO,⛔ ADX too high (50.88) - Market trending (STRONG_TREND); Max ADX for entry: 6
2026-08-18T18:19:00.823Z,64752.00,76.64,EXTREME_OVERBOUGHT,FLAT,YES,YES,1m,1.00,0.00,0.50,NEUTRAL,1.00,NORMAL,22.34,TRANSITION,NO,⛔ ADX too high (22.34) - Market trending (TRANSITION); Max ADX for entry: 6
2026-08-18T18:19:10.813Z,64764.00,84.14,EXTREME_OVERBOUGHT,FLAT,YES,YES,10s,1.00,0.00,0.50,NEUTRAL,1.00,NORMAL,99.65,EXTREME_TREND,NO,⛔ ADX too high (99.65) - Market trending (EXTREME_TREND); Max ADX for entry: 6
2026-08-18T18:19:20.817Z,64763.00,82.24,EXTREME_OVERBOUGHT,FLAT,YES,YES,30s,1.00,0.00,0.50,NEUTRAL,1.00,NORMAL,99.02,EXTREME_TREND,NO,⛔ ADX too high (99.02) - Market trending (EXTREME_TREND); Max ADX for entry: 6
2026-08-18T18:19:30.819Z,64759.89,76.90,EXTREME_OVERBOUGHT,FALLING,YES,YES,30s,1.00,0.00,0.50,NEUTRAL,1.00,NORMAL,100.00,EXTREME_TREND,NO,⛔ ADX too high (100.00) - Market trending (EXTREME_TREND); Max ADX for entry: 6
2026-08-18T18:19:40.818Z,64759.89,76.90,EXTREME_OVERBOUGHT,FLAT,YES,YES,30s,1.00,0.00,0.50,NEUTRAL,1.00,NORMAL,99.15,EXTREME_TREND,NO,⛔ ADX too high (99.15) - Market trending (EXTREME_TREND); Max ADX for entry: 6
2026-08-18T18:19:50.809Z,64759.88,76.90,EXTREME_OVERBOUGHT,FLAT,YES,YES,30s,1.00,0.00,0.50,NEUTRAL,1.00,NORMAL,19.35,RANGING,NO,⛔ ADX too high (19.35) - Market trending (RANGING); Max ADX for entry: 6
2026-08-18T18:20:00.820Z,64762.72,78.21,EXTREME_OVERBOUGHT,FLAT,YES,YES,1h,1.00,0.00,0.50,NEUTRAL,1.00,NORMAL,99.55,EXTREME_TREND,NO,⛔ ADX too high (99.55) - Market trending (EXTREME_TREND); Max ADX for entry: 6
2026-08-18T18:20:10.814Z,64762.73,78.23,EXTREME_OVERBOUGHT,FLAT,YES,YES,30s,1.00,0.00,0.50,NEUTRAL,1.00,NORMAL,98.79,EXTREME_TREND,NO,⛔ ADX too high (98.79) - Market trending (EXTREME_TREND); Max ADX for entry: 6
2026-08-18T18:20:20.818Z,64762.72,78.24,EXTREME_OVERBOUGHT,FLAT,YES,YES,10s,1.00,0.00,0.50,NEUTRAL,1.00,NORMAL,54.96,STRONG_TREND,NO,⛔ ADX too high (54.96) - Market trending (STRONG_TREND); Max ADX for entry: 6
2026-08-18T18:20:30.801Z,64759.88,74.04,EXTREME_OVERBOUGHT,FALLING,YES,YES,5m,1.00,0.00,0.50,NEUTRAL,1.00,NORMAL,95.12,EXTREME_TREND,NO,⛔ ADX too high (95.12) - Market trending (EXTREME_TREND); Max ADX for entry: 6
2026-08-18T18:20:40.819Z,64759.88,74.05,EXTREME_OVERBOUGHT,FLAT,YES,YES,30s,1.00,0.00,0.50,NEUTRAL,1.00,NORMAL,97.03,EXTREME_TREND,NO,⛔ ADX too high (97.03) - Market trending (EXTREME_TREND); Max ADX for entry: 6
2026-08-18T23:11:11.418Z,64673.84,44.85,NEUTRAL,FLAT,YES,YES,1m,1.00,0.00,0.50,NEUTRAL,1.00,NORMAL,66.52,STRONG_TREND,NO,⛔ ADX too high (66.52) - Market trending (STRONG_TREND); Max ADX for entry: 6
2026-08-19T00:37:31.594Z,64647.52,57.70,NEUTRAL,FLAT,YES,YES,10s,1.00,0.00,0.50,NEUTRAL,1.00,NORMAL,98.62,EXTREME_TREND,NO,⛔ ADX too high (98.62) - Market trending (EXTREME_TREND); Max ADX for entry: 6
2026-08-19T00:37:41.598Z,64630.17,46.17,NEUTRAL,FLAT,YES,YES,10s,1.00,0.00,0.50,NEUTRAL,1.00,NORMAL,99.73,EXTREME_TREND,NO,⛔ ADX too high (99.73) - Market trending (EXTREME_TREND); Max ADX for entry: 6
2026-08-19T00:37:51.603Z,64630.18,46.17,NEUTRAL,FLAT,YES,YES,10s,1.00,0.00,0.50,NEUTRAL,1.00,NORMAL,74.01,STRONG_TREND,NO,⛔ ADX too high (74.01) - Market trending (STRONG_TREND); Max ADX for entry: 6
2026-08-19T00:38:01.610Z,64634.32,40.65,NEUTRAL,FALLING,YES,YES,30s,1.00,0.00,0.50,NEUTRAL,1.00,NORMAL,99.55,EXTREME_TREND,NO,⛔ ADX too high (99.55) - Market trending (EXTREME_TREND); Max ADX for entry: 6
2026-08-19T00:38:11.626Z,64642.89,43.18,NEUTRAL,RISING,YES,YES,1m,1.00,0.00,0.50,NEUTRAL,1.00,NORMAL,98.61,EXTREME_TREND,NO,⛔ ADX too high (98.61) - Market trending (EXTREME_TREND); Max ADX for entry: 6
2026-08-19T00:38:21.617Z,64651.75,48.71,NEUTRAL,FLAT,YES,YES,1m,1.00,0.00,0.50,NEUTRAL,1.00,NORMAL,100.00,EXTREME_TREND,NO,⛔ ADX too high (100.00) - Market trending (EXTREME_TREND); Max ADX for entry: 6
2026-08-19T00:38:31.598Z,64651.75,49.43,NEUTRAL,FLAT,YES,YES,30s,1.00,0.00,0.50,NEUTRAL,1.00,NORMAL,12.14,RANGING,NO,⛔ ADX too high (12.14) - Market trending (RANGING); Max ADX for entry: 6
2026-08-19T00:38:41.597Z,64654.00,50.72,NEUTRAL,FLAT,YES,YES,1h,1.00,0.00,0.50,NEUTRAL,1.00,NORMAL,100.00,EXTREME_TREND,NO,⛔ ADX too high (100.00) - Market trending (EXTREME_TREND); Max ADX for entry: 6
2026-08-19T00:38:51.599Z,64653.99,50.72,NEUTRAL,FLAT,YES,YES,30s,1.00,0.00,0.50,NEUTRAL,1.00,NORMAL,98.89,EXTREME_TREND,NO,⛔ ADX too high (98.89) - Market trending (EXTREME_TREND); Max ADX for entry: 6
2026-08-19T00:39:01.599Z,64653.99,55.58,NEUTRAL,FLAT,YES,YES,10s,1.00,0.00,0.50,NEUTRAL,1.00,NORMAL,18.95,RANGING,NO,⛔ ADX too high (18.95) - Market trending (RANGING); Max ADX for entry: 6
2026-08-19T00:39:11.603Z,64648.00,47.42,NEUTRAL,FALLING,YES,YES,1m,1.00,0.00,0.50,NEUTRAL,1.00,NORMAL,99.29,EXTREME_TREND,NO,⛔ ADX too high (99.29) - Market trending (EXTREME_TREND); Max ADX for entry: 6
2026-08-19T00:39:22.042Z,64646.96,46.80,NEUTRAL,FLAT,YES,YES,15m,1.00,0.00,0.50,NEUTRAL,1.00,NORMAL,96.30,EXTREME_TREND,NO,⛔ ADX too high (96.30) - Market trending (EXTREME_TREND); Max ADX for entry: 6
2026-08-19T00:39:31.598Z,64644.00,45.13,NEUTRAL,FLAT,YES,YES,10s,1.00,0.00,0.50,NEUTRAL,1.00,NORMAL,99.58,EXTREME_TREND,NO,⛔ ADX too high (99.58) - Market trending (EXTREME_TREND); Max ADX for entry: 6
2026-08-19T00:39:41.602Z,64642.13,50.09,NEUTRAL,FLAT,YES,YES,10s,1.00,0.00,0.50,NEUTRAL,1.00,NORMAL,98.30,EXTREME_TREND,NO,⛔ ADX too high (98.30) - Market trending (EXTREME_TREND); Max ADX for entry: 6
2026-08-19T00:39:51.611Z,64640.99,48.10,NEUTRAL,FLAT,YES,YES,10s,1.00,0.00,0.50,NEUTRAL,1.00,NORMAL,94.98,EXTREME_TREND,NO,⛔ ADX too high (94.98) - Market trending (EXTREME_TREND); Max ADX for entry: 6
2026-08-19T00:40:01.603Z,64641.00,48.09,NEUTRAL,FLAT,YES,YES,10s,1.00,0.00,0.50,NEUTRAL,1.00,NORMAL,58.27,STRONG_TREND,NO,⛔ ADX too high (58.27) - Market trending (STRONG_TREND); Max ADX for entry: 6
2026-08-19T00:40:11.601Z,64641.00,48.10,NEUTRAL,FLAT,YES,YES,30s,1.00,0.75,0.50,NEUTRAL,1.00,NORMAL,3.70,RANGING,NO,RSI neutral (48.1)
2026-08-19T00:40:21.605Z,64640.99,48.09,NEUTRAL,FLAT,YES,YES,1m,1.00,0.00,0.50,NEUTRAL,1.00,NORMAL,21.36,TRANSITION,NO,⛔ ADX too high (21.36) - Market trending (TRANSITION); Max ADX for entry: 6
2026-08-19T00:40:31.601Z,64641.00,48.09,NEUTRAL,FLAT,YES,YES,10s,1.00,0.00,0.50,NEUTRAL,1.00,NORMAL,69.34,STRONG_TREND,NO,⛔ ADX too high (69.34) - Market trending (STRONG_TREND); Max ADX for entry: 6
2026-08-19T00:40:41.605Z,64614.70,35.51,OVERSOLD,FLAT,YES,YES,10s,1.00,0.00,0.50,NEUTRAL,1.00,NORMAL,99.35,EXTREME_TREND,NO,⛔ ADX too high (99.35) - Market trending (EXTREME_TREND); Max ADX for entry: 6
2026-08-19T00:40:51.602Z,64614.70,31.31,OVERSOLD,FLAT,YES,YES,10s,1.00,0.00,0.50,NEUTRAL,1.00,NORMAL,94.07,EXTREME_TREND,NO,⛔ ADX too high (94.07) - Market trending (EXTREME_TREND); Max ADX for entry: 6
2026-08-19T00:41:01.608Z,64614.69,31.13,OVERSOLD,FLAT,YES,YES,10s,1.00,0.00,0.50,NEUTRAL,1.00,NORMAL,22.34,TRANSITION,NO,⛔ ADX too high (22.34) - Market trending (TRANSITION); Max ADX for entry: 6
2026-08-19T00:41:11.602Z,64608.83,29.31,EXTREME_OVERSOLD,FLAT,YES,YES,15m,1.00,0.00,0.50,NEUTRAL,1.00,NORMAL,100.00,EXTREME_TREND,NO,⛔ ADX too high (100.00) - Market trending (EXTREME_TREND); Max ADX for entry: 6
2026-08-19T00:41:22.051Z,64607.48,28.93,EXTREME_OVERSOLD,FLAT,YES,YES,10s,1.00,0.00,0.50,NEUTRAL,1.00,NORMAL,96.50,EXTREME_TREND,NO,⛔ ADX too high (96.50) - Market trending (EXTREME_TREND); Max ADX for entry: 6
2026-08-19T00:41:31.602Z,64600.01,27.80,EXTREME_OVERSOLD,FLAT,YES,YES,15m,1.00,0.00,0.50,NEUTRAL,1.00,NORMAL,99.36,EXTREME_TREND,NO,⛔ ADX too high (99.36) - Market trending (EXTREME_TREND); Max ADX for entry: 6
2026-08-19T00:41:41.608Z,64591.09,25.64,EXTREME_OVERSOLD,FLAT,NO,NO,none,0.00,0.00,0.50,NEUTRAL,1.00,NORMAL,99.95,EXTREME_TREND,NO,⛔ ADX too high (99.95) - Market trending (EXTREME_TREND); Max ADX for entry: 6
2026-08-19T00:41:51.601Z,64586.01,24.55,EXTREME_OVERSOLD,FLAT,NO,NO,none,0.00,0.00,0.50,NEUTRAL,1.00,NORMAL,97.58,EXTREME_TREND,NO,⛔ ADX too high (97.58) - Market trending (EXTREME_TREND); Max ADX for entry: 6
2026-08-19T00:42:01.605Z,64570.00,18.57,EXTREME_OVERSOLD,FALLING,NO,NO,none,0.00,0.00,0.50,NEUTRAL,1.00,NORMAL,99.91,EXTREME_TREND,NO,⛔ ADX too high (99.91) - Market trending (EXTREME_TREND); Max ADX for entry: 6
2026-08-19T00:42:11.600Z,64563.36,17.67,EXTREME_OVERSOLD,FLAT,YES,YES,10s,1.00,0.00,0.50,NEUTRAL,1.00,NORMAL,99.64,EXTREME_TREND,NO,⛔ ADX too high (99.64) - Market trending (EXTREME_TREND); Max ADX for entry: 6
2026-08-19T00:42:21.605Z,64565.99,19.22,EXTREME_OVERSOLD,FLAT,YES,YES,30s,1.00,0.00,0.50,NEUTRAL,1.00,NORMAL,98.45,EXTREME_TREND,NO,⛔ ADX too high (98.45) - Market trending (EXTREME_TREND); Max ADX for entry: 6
2026-08-19T00:42:31.603Z,64566.00,22.78,EXTREME_OVERSOLD,RISING,YES,YES,30s,1.00,0.00,0.50,NEUTRAL,1.00,NORMAL,99.58,EXTREME_TREND,NO,⛔ ADX too high (99.58) - Market trending (EXTREME_TREND); Max ADX for entry: 6
2026-08-19T00:42:41.604Z,64566.00,22.78,EXTREME_OVERSOLD,FLAT,YES,YES,10s,1.00,0.00,0.50,NEUTRAL,1.00,NORMAL,10.27,RANGING,NO,⛔ ADX too high (10.27) - Market trending (RANGING); Max ADX for entry: 6
2026-08-19T00:42:51.601Z,64564.00,22.40,EXTREME_OVERSOLD,FLAT,NO,NO,none,0.00,0.00,0.50,NEUTRAL,1.00,NORMAL,98.59,EXTREME_TREND,NO,⛔ ADX too high (98.59) - Market trending (EXTREME_TREND); Max ADX for entry: 6
2026-08-19T00:43:01.604Z,64558.00,18.65,EXTREME_OVERSOLD,FLAT,NO,NO,none,0.00,0.00,0.50,NEUTRAL,1.00,NORMAL,99.81,EXTREME_TREND,NO,⛔ ADX too high (99.81) - Market trending (EXTREME_TREND); Max ADX for entry: 6
2026-08-19T00:43:11.604Z,64556.45,12.11,EXTREME_OVERSOLD,FLAT,YES,YES,10s,1.00,0.00,0.50,NEUTRAL,1.00,NORMAL,97.25,EXTREME_TREND,NO,⛔ ADX too high (97.25) - Market trending (EXTREME_TREND); Max ADX for entry: 6
2026-08-19T00:43:22.051Z,64556.46,5.04,EXTREME_OVERSOLD,FLAT,YES,YES,10s,1.00,0.00,0.50,NEUTRAL,1.00,NORMAL,48.73,TRENDING,NO,⛔ ADX too high (48.73) - Market trending (TRENDING); Max ADX for entry: 6
2026-08-19T00:43:31.605Z,64553.80,4.91,EXTREME_OVERSOLD,FLAT,YES,YES,10s,1.00,0.00,0.50,NEUTRAL,1.00,NORMAL,98.21,EXTREME_TREND,NO,⛔ ADX too high (98.21) - Market trending (EXTREME_TREND); Max ADX for entry: 6
2026-08-19T00:43:41.607Z,64549.01,2.79,EXTREME_OVERSOLD,FLAT,NO,NO,none,0.00,0.00,0.50,NEUTRAL,1.00,NORMAL,97.00,EXTREME_TREND,NO,⛔ ADX too high (97.00) - Market trending (EXTREME_TREND); Max ADX for entry: 6
2026-08-19T00:43:51.604Z,64549.01,2.80,EXTREME_OVERSOLD,FLAT,YES,YES,30s,1.00,0.00,0.50,NEUTRAL,1.00,NORMAL,98.28,EXTREME_TREND,NO,⛔ ADX too high (98.28) - Market trending (EXTREME_TREND); Max ADX for entry: 6
2026-08-19T00:44:01.609Z,64555.96,8.51,EXTREME_OVERSOLD,RISING,YES,YES,1m,1.00,0.00,0.50,NEUTRAL,1.00,NORMAL,100.00,EXTREME_TREND,NO,⛔ ADX too high (100.00) - Market trending (EXTREME_TREND); Max ADX for entry: 6
2026-08-19T00:44:11.619Z,64562.00,13.61,EXTREME_OVERSOLD,FLAT,YES,YES,5m,1.00,0.00,0.50,NEUTRAL,1.00,NORMAL,99.78,EXTREME_TREND,NO,⛔ ADX too high (99.78) - Market trending (EXTREME_TREND); Max ADX for entry: 6
2026-08-19T00:44:21.624Z,64570.00,19.24,EXTREME_OVERSOLD,FLAT,YES,YES,10s,1.00,0.00,0.50,NEUTRAL,1.00,NORMAL,99.94,EXTREME_TREND,NO,⛔ ADX too high (99.94) - Market trending (EXTREME_TREND); Max ADX for entry: 6
2026-08-19T00:44:31.605Z,64569.99,19.70,EXTREME_OVERSOLD,FLAT,YES,YES,30s,1.00,0.00,0.50,NEUTRAL,1.00,NORMAL,100.00,EXTREME_TREND,NO,⛔ ADX too high (100.00) - Market trending (EXTREME_TREND); Max ADX for entry: 6
2026-08-19T00:44:41.607Z,64564.34,19.28,EXTREME_OVERSOLD,FLAT,YES,YES,30s,1.00,0.00,0.50,NEUTRAL,1.00,NORMAL,99.45,EXTREME_TREND,NO,⛔ ADX too high (99.45) - Market trending (EXTREME_TREND); Max ADX for entry: 6
2026-08-19T00:44:51.607Z,64564.34,19.28,EXTREME_OVERSOLD,FLAT,YES,YES,30s,1.00,0.00,0.50,NEUTRAL,1.00,NORMAL,94.53,EXTREME_TREND,NO,⛔ ADX too high (94.53) - Market trending (EXTREME_TREND); Max ADX for entry: 6
2026-08-19T00:45:01.611Z,64563.10,19.09,EXTREME_OVERSOLD,FLAT,YES,YES,1m,1.00,0.00,0.50,NEUTRAL,1.00,NORMAL,97.81,EXTREME_TREND,NO,⛔ ADX too high (97.81) - Market trending (EXTREME_TREND); Max ADX for entry: 6
2026-08-19T00:45:11.607Z,64563.10,19.10,EXTREME_OVERSOLD,FLAT,YES,YES,10s,1.00,0.00,0.50,NEUTRAL,1.00,NORMAL,94.65,EXTREME_TREND,NO,⛔ ADX too high (94.65) - Market trending (EXTREME_TREND); Max ADX for entry: 6
2026-08-19T00:45:21.607Z,64560.01,18.64,EXTREME_OVERSOLD,FLAT,NO,NO,none,0.00,0.00,0.50,NEUTRAL,1.00,NORMAL,98.78,EXTREME_TREND,NO,⛔ ADX too high (98.78) - Market trending (EXTREME_TREND); Max ADX for entry: 6
2026-08-19T00:45:31.609Z,64556.00,18.07,EXTREME_OVERSOLD,FLAT,NO,NO,none,0.00,0.00,0.50,NEUTRAL,1.00,NORMAL,100.00,EXTREME_TREND,NO,⛔ ADX too high (100.00) - Market trending (EXTREME_TREND); Max ADX for entry: 6
2026-08-19T00:45:41.623Z,64554.01,22.12,EXTREME_OVERSOLD,FLAT,YES,YES,10s,1.00,0.00,0.50,NEUTRAL,1.00,NORMAL,99.76,EXTREME_TREND,NO,⛔ ADX too high (99.76) - Market trending (EXTREME_TREND); Max ADX for entry: 6
2026-08-19T00:45:51.625Z,64550.01,21.34,EXTREME_OVERSOLD,FLAT,NO,NO,none,0.00,0.00,0.50,NEUTRAL,1.00,NORMAL,98.37,EXTREME_TREND,NO,⛔ ADX too high (98.37) - Market trending (EXTREME_TREND); Max ADX for entry: 6
2026-08-19T00:46:01.612Z,64550.01,21.35,EXTREME_OVERSOLD,FLAT,YES,YES,30s,1.00,0.00,0.50,NEUTRAL,1.00,NORMAL,99.79,EXTREME_TREND,NO,⛔ ADX too high (99.79) - Market trending (EXTREME_TREND); Max ADX for entry: 6
2026-08-19T00:46:11.611Z,64554.00,25.31,EXTREME_OVERSOLD,FLAT,YES,YES,30s,1.00,0.00,0.50,NEUTRAL,1.00,NORMAL,98.97,EXTREME_TREND,NO,⛔ ADX too high (98.97) - Market trending (EXTREME_TREND); Max ADX for entry: 6
2026-08-19T00:46:21.620Z,64550.01,24.71,EXTREME_OVERSOLD,FLAT,NO,NO,none,0.00,0.00,0.50,NEUTRAL,1.00,NORMAL,96.73,EXTREME_TREND,NO,⛔ ADX too high (96.73) - Market trending (EXTREME_TREND); Max ADX for entry: 6
2026-08-19T00:46:31.614Z,64561.64,33.71,OVERSOLD,FLAT,YES,YES,10s,1.00,0.00,0.50,NEUTRAL,1.00,NORMAL,63.37,STRONG_TREND,NO,⛔ ADX too high (63.37) - Market trending (STRONG_TREND); Max ADX for entry: 6
2026-08-19T00:46:42.060Z,64561.65,36.48,OVERSOLD,FLAT,YES,YES,30s,1.00,0.00,0.50,NEUTRAL,1.00,NORMAL,25.66,TRENDING,NO,⛔ ADX too high (25.66) - Market trending (TRENDING); Max ADX for entry: 6
2026-08-19T00:46:51.610Z,64561.64,38.26,OVERSOLD,FLAT,YES,YES,30s,1.00,0.00,0.50,NEUTRAL,1.00,NORMAL,86.02,EXTREME_TREND,NO,⛔ ADX too high (86.02) - Market trending (EXTREME_TREND); Max ADX for entry: 6
2026-08-19T00:47:01.610Z,64561.64,48.56,NEUTRAL,RISING,YES,YES,1m,1.00,0.00,0.50,NEUTRAL,1.00,NORMAL,15.84,RANGING,NO,⛔ ADX too high (15.84) - Market trending (RANGING); Max ADX for entry: 6
2026-08-19T00:47:11.614Z,64561.65,48.95,NEUTRAL,FLAT,YES,YES,1m,1.00,0.00,0.50,NEUTRAL,1.00,NORMAL,67.18,STRONG_TREND,NO,⛔ ADX too high (67.18) - Market trending (STRONG_TREND); Max ADX for entry: 6
2026-08-19T00:47:21.612Z,64564.93,49.35,NEUTRAL,FLAT,YES,YES,5m,1.00,0.00,0.50,NEUTRAL,1.00,NORMAL,98.67,EXTREME_TREND,NO,⛔ ADX too high (98.67) - Market trending (EXTREME_TREND); Max ADX for entry: 6
2026-08-19T00:47:31.615Z,64564.93,49.35,NEUTRAL,FLAT,YES,YES,30s,1.00,0.00,0.50,NEUTRAL,1.00,NORMAL,99.80,EXTREME_TREND,NO,⛔ ADX too high (99.80) - Market trending (EXTREME_TREND); Max ADX for entry: 6
2026-08-19T00:47:41.615Z,64558.96,45.99,NEUTRAL,FLAT,NO,NO,none,0.00,0.00,0.50,NEUTRAL,1.00,NORMAL,99.40,EXTREME_TREND,NO,⛔ ADX too high (99.40) - Market trending (EXTREME_TREND); Max ADX for entry: 6
2026-08-19T00:47:51.615Z,64558.96,47.06,NEUTRAL,FLAT,YES,YES,30s,1.00,0.00,0.50,NEUTRAL,1.00,NORMAL,51.57,STRONG_TREND,NO,⛔ ADX too high (51.57) - Market trending (STRONG_TREND); Max ADX for entry: 6
2026-08-19T00:48:02.063Z,64558.96,50.60,NEUTRAL,FLAT,YES,YES,30s,1.00,0.00,0.50,NEUTRAL,1.00,NORMAL,22.54,TRANSITION,NO,⛔ ADX too high (22.54) - Market trending (TRANSITION); Max ADX for entry: 6
2026-08-19T00:48:11.618Z,64566.00,55.60,NEUTRAL,FLAT,YES,YES,10s,1.00,0.00,0.50,NEUTRAL,1.00,NORMAL,99.38,EXTREME_TREND,NO,⛔ ADX too high (99.38) - Market trending (EXTREME_TREND); Max ADX for entry: 6
2026-08-19T00:48:21.617Z,64570.00,59.35,NEUTRAL,RISING,YES,YES,15m,1.00,0.00,0.50,NEUTRAL,1.00,NORMAL,99.23,EXTREME_TREND,NO,⛔ ADX too high (99.23) - Market trending (EXTREME_TREND); Max ADX for entry: 6
2026-08-19T00:48:31.615Z,64570.00,59.36,NEUTRAL,FLAT,YES,YES,30s,1.00,0.00,0.50,NEUTRAL,1.00,NORMAL,8.53,RANGING,NO,⛔ ADX too high (8.53) - Market trending (RANGING); Max ADX for entry: 6
2026-08-19T00:48:41.616Z,64575.99,65.38,OVERBOUGHT,FLAT,YES,YES,10s,1.00,0.00,0.50,NEUTRAL,1.00,NORMAL,99.71,EXTREME_TREND,NO,⛔ ADX too high (99.71) - Market trending (EXTREME_TREND); Max ADX for entry: 6
2026-08-19T00:48:51.616Z,64577.99,66.15,OVERBOUGHT,FLAT,YES,YES,10s,1.00,0.00,0.50,NEUTRAL,1.00,NORMAL,98.42,EXTREME_TREND,NO,⛔ ADX too high (98.42) - Market trending (EXTREME_TREND); Max ADX for entry: 6
2026-08-19T00:49:01.616Z,64576.80,60.01,OVERBOUGHT,FALLING,YES,YES,10s,1.00,0.00,0.50,NEUTRAL,1.00,NORMAL,38.36,TRENDING,NO,⛔ ADX too high (38.36) - Market trending (TRENDING); Max ADX for entry: 6
2026-08-19T00:49:11.618Z,64572.91,54.25,NEUTRAL,FALLING,YES,YES,10s,1.00,0.00,0.50,NEUTRAL,1.00,NORMAL,99.77,EXTREME_TREND,NO,⛔ ADX too high (99.77) - Market trending (EXTREME_TREND); Max ADX for entry: 6
2026-08-19T00:49:21.619Z,64572.92,51.81,NEUTRAL,FLAT,YES,YES,30s,1.00,0.00,0.50,NEUTRAL,1.00,NORMAL,8.92,RANGING,NO,⛔ ADX too high (8.92) - Market trending (RANGING); Max ADX for entry: 6
2026-08-19T00:49:31.619Z,64571.43,50.88,NEUTRAL,FLAT,YES,YES,10s,1.00,0.00,0.50,NEUTRAL,1.00,NORMAL,84.81,EXTREME_TREND,NO,⛔ ADX too high (84.81) - Market trending (EXTREME_TREND); Max ADX for entry: 6
2026-08-19T00:49:41.619Z,64570.58,54.03,NEUTRAL,FLAT,YES,YES,10s,1.00,0.00,0.50,NEUTRAL,1.00,NORMAL,96.77,EXTREME_TREND,NO,⛔ ADX too high (96.77) - Market trending (EXTREME_TREND); Max ADX for entry: 6
2026-08-19T00:49:51.618Z,64570.02,53.64,NEUTRAL,FLAT,YES,YES,10s,1.00,0.00,0.50,NEUTRAL,1.00,NORMAL,98.89,EXTREME_TREND,NO,⛔ ADX too high (98.89) - Market trending (EXTREME_TREND); Max ADX for entry: 6
2026-08-19T00:50:01.621Z,64570.03,54.52,NEUTRAL,FLAT,YES,YES,30s,1.00,0.00,0.50,NEUTRAL,1.00,NORMAL,94.79,EXTREME_TREND,NO,⛔ ADX too high (94.79) - Market trending (EXTREME_TREND); Max ADX for entry: 6
2026-08-19T00:50:11.622Z,64560.01,48.22,NEUTRAL,FLAT,NO,NO,none,0.00,0.00,0.50,NEUTRAL,1.00,NORMAL,99.89,EXTREME_TREND,NO,⛔ ADX too high (99.89) - Market trending (EXTREME_TREND); Max ADX for entry: 6
2026-08-19T00:50:21.619Z,64548.27,43.84,NEUTRAL,FLAT,NO,NO,none,0.00,0.00,0.50,NEUTRAL,1.00,NORMAL,99.90,EXTREME_TREND,NO,⛔ ADX too high (99.90) - Market trending (EXTREME_TREND); Max ADX for entry: 6
2026-08-19T00:50:31.623Z,64536.68,41.25,NEUTRAL,FLAT,NO,NO,none,0.00,0.00,0.50,NEUTRAL,1.00,NORMAL,99.75,EXTREME_TREND,NO,⛔ ADX too high (99.75) - Market trending (EXTREME_TREND); Max ADX for entry: 6
2026-08-19T00:50:41.617Z,64536.69,41.42,NEUTRAL,FLAT,YES,YES,10s,1.00,0.00,0.50,NEUTRAL,1.00,NORMAL,98.51,EXTREME_TREND,NO,⛔ ADX too high (98.51) - Market trending (EXTREME_TREND); Max ADX for entry: 6
2026-08-19T00:50:51.623Z,64521.17,38.61,OVERSOLD,FLAT,NO,NO,none,0.00,0.00,0.50,NEUTRAL,1.00,NORMAL,48.24,TRENDING,NO,⛔ ADX too high (48.24) - Market trending (TRENDING); Max ADX for entry: 6
2026-08-19T00:51:01.619Z,64536.68,45.31,NEUTRAL,FLAT,YES,YES,1m,1.00,0.00,0.50,NEUTRAL,1.00,NORMAL,99.85,EXTREME_TREND,NO,⛔ ADX too high (99.85) - Market trending (EXTREME_TREND); Max ADX for entry: 6
2026-08-19T00:51:11.623Z,64528.00,41.14,NEUTRAL,FLAT,NO,NO,none,0.00,0.00,0.50,NEUTRAL,1.00,NORMAL,68.29,STRONG_TREND,NO,⛔ ADX too high (68.29) - Market trending (STRONG_TREND); Max ADX for entry: 6
2026-08-19T00:51:21.619Z,64526.00,41.71,NEUTRAL,FLAT,YES,YES,30s,1.00,0.00,0.50,NEUTRAL,1.00,NORMAL,99.89,EXTREME_TREND,NO,⛔ ADX too high (99.89) - Market trending (EXTREME_TREND); Max ADX for entry: 6
2026-08-19T00:51:31.634Z,64520.29,35.12,OVERSOLD,FALLING,NO,NO,none,0.00,0.00,0.50,NEUTRAL,1.00,NORMAL,97.58,EXTREME_TREND,NO,⛔ ADX too high (97.58) - Market trending (EXTREME_TREND); Max ADX for entry: 6
2026-08-19T00:51:41.633Z,64536.00,41.71,NEUTRAL,RISING,YES,YES,1m,1.00,0.00,0.50,NEUTRAL,1.00,NORMAL,70.69,STRONG_TREND,NO,⛔ ADX too high (70.69) - Market trending (STRONG_TREND); Max ADX for entry: 6
2026-08-19T00:51:51.623Z,64536.00,42.12,NEUTRAL,FLAT,YES,YES,30s,1.00,0.00,0.50,NEUTRAL,1.00,NORMAL,49.24,TRENDING,NO,⛔ ADX too high (49.24) - Market trending (TRENDING); Max ADX for entry: 6
2026-08-19T00:52:01.622Z,64536.00,42.12,NEUTRAL,FLAT,YES,YES,30s,1.00,0.00,0.50,NEUTRAL,1.00,NORMAL,99.87,EXTREME_TREND,NO,⛔ ADX too high (99.87) - Market trending (EXTREME_TREND); Max ADX for entry: 6
2026-08-19T00:52:11.624Z,64526.01,39.68,OVERSOLD,FLAT,NO,NO,none,0.00,0.00,0.50,NEUTRAL,1.00,NORMAL,99.50,EXTREME_TREND,NO,⛔ ADX too high (99.50) - Market trending (EXTREME_TREND); Max ADX for entry: 6
2026-08-19T00:52:21.623Z,64524.67,38.20,OVERSOLD,FLAT,YES,YES,30s,0.63,0.00,0.50,NEUTRAL,1.00,NORMAL,96.06,EXTREME_TREND,NO,⛔ ADX too high (96.06) - Market trending (EXTREME_TREND); Max ADX for entry: 6
2026-08-19T00:52:32.076Z,64524.67,38.20,OVERSOLD,FLAT,YES,YES,30s,1.00,0.00,0.50,NEUTRAL,1.00,NORMAL,98.03,EXTREME_TREND,NO,⛔ ADX too high (98.03) - Market trending (EXTREME_TREND); Max ADX for entry: 6
2026-08-19T00:52:41.628Z,64522.01,38.96,OVERSOLD,FLAT,YES,YES,10s,1.00,0.00,0.50,NEUTRAL,1.00,NORMAL,98.78,EXTREME_TREND,NO,⛔ ADX too high (98.78) - Market trending (EXTREME_TREND); Max ADX for entry: 6
2026-08-19T00:52:51.625Z,64528.00,41.07,NEUTRAL,FLAT,YES,YES,1m,1.00,0.00,0.50,NEUTRAL,1.00,NORMAL,99.69,EXTREME_TREND,NO,⛔ ADX too high (99.69) - Market trending (EXTREME_TREND); Max ADX for entry: 6
2026-08-19T00:53:01.625Z,64527.99,41.07,NEUTRAL,FLAT,YES,YES,30s,1.00,0.00,0.50,NEUTRAL,1.00,NORMAL,99.82,EXTREME_TREND,NO,⛔ ADX too high (99.82) - Market trending (EXTREME_TREND); Max ADX for entry: 6
2026-08-19T03:23:51.919Z,64382.01,37.58,OVERSOLD,FALLING,YES,YES,5m,1.00,0.00,0.50,NEUTRAL,1.00,NORMAL,99.10,EXTREME_TREND,NO,⛔ ADX too high (99.10) - Market trending (EXTREME_TREND); Max ADX for entry: 6
2026-08-19T03:24:01.920Z,64380.95,41.55,NEUTRAL,FLAT,YES,YES,30s,1.00,0.00,0.50,NEUTRAL,1.00,NORMAL,98.72,EXTREME_TREND,NO,⛔ ADX too high (98.72) - Market trending (EXTREME_TREND); Max ADX for entry: 6
2026-08-19T03:24:11.919Z,64378.95,40.18,NEUTRAL,FLAT,YES,YES,30s,1.00,0.00,0.50,NEUTRAL,1.00,NORMAL,97.12,EXTREME_TREND,NO,⛔ ADX too high (97.12) - Market trending (EXTREME_TREND); Max ADX for entry: 6
2026-08-19T03:24:21.919Z,64378.01,29.11,EXTREME_OVERSOLD,FALLING,YES,YES,10s,1.00,0.00,0.50,NEUTRAL,1.00,NORMAL,97.10,EXTREME_TREND,NO,⛔ ADX too high (97.10) - Market trending (EXTREME_TREND); Max ADX for entry: 6
2026-08-19T03:24:31.917Z,64372.01,26.09,EXTREME_OVERSOLD,FALLING,YES,YES,15m,1.00,0.00,0.50,NEUTRAL,1.00,NORMAL,100.00,EXTREME_TREND,NO,⛔ ADX too high (100.00) - Market trending (EXTREME_TREND); Max ADX for entry: 6
2026-08-19T03:24:41.920Z,64366.61,23.87,EXTREME_OVERSOLD,FLAT,YES,YES,10s,1.00,0.00,0.50,NEUTRAL,1.00,NORMAL,99.78,EXTREME_TREND,NO,⛔ ADX too high (99.78) - Market trending (EXTREME_TREND); Max ADX for entry: 6
2026-08-19T03:24:51.921Z,64366.60,18.53,EXTREME_OVERSOLD,FLAT,YES,YES,30s,1.00,0.00,0.50,NEUTRAL,1.00,NORMAL,19.12,RANGING,NO,⛔ ADX too high (19.12) - Market trending (RANGING); Max ADX for entry: 6
2026-08-19T03:25:01.928Z,64366.60,18.71,EXTREME_OVERSOLD,FLAT,YES,YES,10s,1.00,0.00,0.50,NEUTRAL,1.00,NORMAL,8.87,RANGING,NO,⛔ ADX too high (8.87) - Market trending (RANGING); Max ADX for entry: 6
2026-08-19T03:25:11.921Z,64371.99,22.44,EXTREME_OVERSOLD,FALLING,YES,YES,10s,1.00,0.00,0.50,NEUTRAL,1.00,NORMAL,98.46,EXTREME_TREND,NO,⛔ ADX too high (98.46) - Market trending (EXTREME_TREND); Max ADX for entry: 6
2026-08-19T03:25:21.923Z,64372.00,19.87,EXTREME_OVERSOLD,FLAT,YES,YES,30s,1.00,0.00,0.50,NEUTRAL,1.00,NORMAL,50.97,STRONG_TREND,NO,⛔ ADX too high (50.97) - Market trending (STRONG_TREND); Max ADX for entry: 6
2026-08-19T03:25:31.922Z,64369.95,19.19,EXTREME_OVERSOLD,FLAT,YES,YES,15m,1.00,0.00,0.50,NEUTRAL,1.00,NORMAL,92.82,EXTREME_TREND,NO,⛔ ADX too high (92.82) - Market trending (EXTREME_TREND); Max ADX for entry: 6
2026-08-19T03:25:41.920Z,64367.49,15.85,EXTREME_OVERSOLD,FLAT,YES,YES,1m,1.00,0.00,0.50,NEUTRAL,1.00,NORMAL,99.10,EXTREME_TREND,NO,⛔ ADX too high (99.10) - Market trending (EXTREME_TREND); Max ADX for entry: 6
2026-08-19T03:25:51.924Z,64366.00,12.93,EXTREME_OVERSOLD,FLAT,YES,YES,15m,1.00,0.00,0.50,NEUTRAL,1.00,NORMAL,98.37,EXTREME_TREND,NO,⛔ ADX too high (98.37) - Market trending (EXTREME_TREND); Max ADX for entry: 6
2026-08-19T03:26:01.924Z,64364.77,12.68,EXTREME_OVERSOLD,FLAT,YES,YES,10s,1.00,0.00,0.50,NEUTRAL,1.00,NORMAL,98.17,EXTREME_TREND,NO,⛔ ADX too high (98.17) - Market trending (EXTREME_TREND); Max ADX for entry: 6
2026-08-19T03:26:11.924Z,64362.67,10.42,EXTREME_OVERSOLD,FLAT,YES,YES,15m,1.00,0.00,0.50,NEUTRAL,1.00,NORMAL,92.85,EXTREME_TREND,NO,⛔ ADX too high (92.85) - Market trending (EXTREME_TREND); Max ADX for entry: 6
2026-08-19T03:26:21.923Z,64362.66,9.29,EXTREME_OVERSOLD,FLAT,YES,YES,30s,1.00,0.00,0.50,NEUTRAL,1.00,NORMAL,95.75,EXTREME_TREND,NO,⛔ ADX too high (95.75) - Market trending (EXTREME_TREND); Max ADX for entry: 6
2026-08-19T03:26:31.922Z,64362.67,9.30,EXTREME_OVERSOLD,FLAT,YES,YES,30s,1.00,0.00,0.50,NEUTRAL,1.00,NORMAL,68.43,STRONG_TREND,NO,⛔ ADX too high (68.43) - Market trending (STRONG_TREND); Max ADX for entry: 6
2026-08-19T03:26:41.922Z,64360.01,8.92,EXTREME_OVERSOLD,FLAT,YES,YES,15m,1.00,0.00,0.50,NEUTRAL,1.00,NORMAL,93.42,EXTREME_TREND,NO,⛔ ADX too high (93.42) - Market trending (EXTREME_TREND); Max ADX for entry: 6
2026-08-19T03:26:51.922Z,64360.00,8.93,EXTREME_OVERSOLD,FLAT,YES,YES,30s,1.00,0.00,0.50,NEUTRAL,1.00,NORMAL,22.05,TRANSITION,NO,⛔ ADX too high (22.05) - Market trending (TRANSITION); Max ADX for entry: 6
2026-08-19T03:27:01.923Z,64360.00,8.90,EXTREME_OVERSOLD,FLAT,YES,YES,30s,1.00,0.00,0.50,NEUTRAL,1.00,NORMAL,86.73,EXTREME_TREND,NO,⛔ ADX too high (86.73) - Market trending (EXTREME_TREND); Max ADX for entry: 6
2026-08-19T03:27:11.924Z,64360.00,8.89,EXTREME_OVERSOLD,FLAT,YES,YES,30s,1.00,0.00,0.50,NEUTRAL,1.00,NORMAL,7.40,RANGING,NO,⛔ ADX too high (7.40) - Market trending (RANGING); Max ADX for entry: 6
2026-08-19T03:27:21.924Z,64360.00,8.91,EXTREME_OVERSOLD,FLAT,YES,YES,1m,1.00,0.00,0.50,NEUTRAL,1.00,NORMAL,51.26,STRONG_TREND,NO,⛔ ADX too high (51.26) - Market trending (STRONG_TREND); Max ADX for entry: 6
2026-08-19T03:27:31.925Z,64365.55,16.01,EXTREME_OVERSOLD,RISING,YES,YES,5m,1.00,0.00,0.50,NEUTRAL,1.00,NORMAL,97.14,EXTREME_TREND,NO,⛔ ADX too high (97.14) - Market trending (EXTREME_TREND); Max ADX for entry: 6
2026-08-19T03:27:41.925Z,64365.54,19.90,EXTREME_OVERSOLD,FLAT,YES,YES,30s,1.00,0.00,0.50,NEUTRAL,1.00,NORMAL,94.99,EXTREME_TREND,NO,⛔ ADX too high (94.99) - Market trending (EXTREME_TREND); Max ADX for entry: 6
2026-08-19T03:27:51.926Z,64365.55,27.65,EXTREME_OVERSOLD,FLAT,YES,YES,10s,1.00,0.00,0.50,NEUTRAL,1.00,NORMAL,33.82,TRENDING,NO,⛔ ADX too high (33.82) - Market trending (TRENDING); Max ADX for entry: 6
2026-08-19T03:28:01.928Z,64361.77,25.31,EXTREME_OVERSOLD,FALLING,YES,YES,1m,1.00,0.00,0.50,NEUTRAL,1.00,NORMAL,98.99,EXTREME_TREND,NO,⛔ ADX too high (98.99) - Market trending (EXTREME_TREND); Max ADX for entry: 6
2026-08-19T03:28:11.925Z,64361.78,25.31,EXTREME_OVERSOLD,FLAT,YES,YES,30s,1.00,0.00,0.50,NEUTRAL,1.00,NORMAL,98.24,EXTREME_TREND,NO,⛔ ADX too high (98.24) - Market trending (EXTREME_TREND); Max ADX for entry: 6
2026-08-19T03:28:21.925Z,64361.85,25.42,EXTREME_OVERSOLD,FLAT,YES,YES,10s,1.00,0.00,0.50,NEUTRAL,1.00,NORMAL,86.98,EXTREME_TREND,NO,⛔ ADX too high (86.98) - Market trending (EXTREME_TREND); Max ADX for entry: 6
2026-08-19T03:28:31.928Z,64361.85,25.43,EXTREME_OVERSOLD,FLAT,YES,YES,30s,1.00,0.00,0.50,NEUTRAL,1.00,NORMAL,67.29,STRONG_TREND,NO,⛔ ADX too high (67.29) - Market trending (STRONG_TREND); Max ADX for entry: 6
2026-08-19T03:28:41.926Z,64363.88,28.64,EXTREME_OVERSOLD,FLAT,YES,YES,1m,1.00,0.00,0.50,NEUTRAL,1.00,NORMAL,98.69,EXTREME_TREND,NO,⛔ ADX too high (98.69) - Market trending (EXTREME_TREND); Max ADX for entry: 6
2026-08-19T03:28:51.926Z,64363.89,29.92,EXTREME_OVERSOLD,FLAT,YES,YES,30s,1.00,0.00,0.50,NEUTRAL,1.00,NORMAL,13.39,RANGING,NO,⛔ ADX too high (13.39) - Market trending (RANGING); Max ADX for entry: 6
2026-08-19T03:29:01.927Z,64363.89,31.31,OVERSOLD,RISING,YES,YES,30s,1.00,0.00,0.50,NEUTRAL,1.00,NORMAL,84.70,EXTREME_TREND,NO,⛔ ADX too high (84.70) - Market trending (EXTREME_TREND); Max ADX for entry: 6
2026-08-19T03:29:11.929Z,64363.88,32.08,OVERSOLD,FLAT,YES,YES,1m,1.00,0.00,0.50,NEUTRAL,1.00,NORMAL,16.94,RANGING,NO,⛔ ADX too high (16.94) - Market trending (RANGING); Max ADX for entry: 6
2026-08-19T03:29:21.931Z,64363.89,32.84,OVERSOLD,FLAT,YES,YES,10s,1.00,0.00,0.50,NEUTRAL,1.00,NORMAL,61.45,STRONG_TREND,NO,⛔ ADX too high (61.45) - Market trending (STRONG_TREND); Max ADX for entry: 6
2026-08-19T03:29:31.932Z,64363.89,40.78,NEUTRAL,RISING,YES,YES,1m,1.00,0.00,0.50,NEUTRAL,1.00,NORMAL,33.82,TRENDING,NO,⛔ ADX too high (33.82) - Market trending (TRENDING); Max ADX for entry: 6
2026-08-19T03:29:41.930Z,64361.78,42.44,NEUTRAL,FLAT,YES,YES,10s,1.00,0.00,0.50,NEUTRAL,1.00,NORMAL,98.54,EXTREME_TREND,NO,⛔ ADX too high (98.54) - Market trending (EXTREME_TREND); Max ADX for entry: 6
2026-08-19T03:29:51.930Z,64361.78,42.44,NEUTRAL,FLAT,YES,YES,30s,1.00,0.00,0.50,NEUTRAL,1.00,NORMAL,22.64,TRANSITION,NO,⛔ ADX too high (22.64) - Market trending (TRANSITION); Max ADX for entry: 6
2026-08-19T03:30:01.931Z,64361.78,30.71,OVERSOLD,FALLING,YES,YES,30s,1.00,0.00,0.50,NEUTRAL,1.00,NORMAL,73.88,STRONG_TREND,NO,⛔ ADX too high (73.88) - Market trending (STRONG_TREND); Max ADX for entry: 6
2026-08-19T03:30:11.931Z,64361.58,30.45,OVERSOLD,FLAT,YES,YES,10s,1.00,0.00,0.50,NEUTRAL,1.00,NORMAL,100.00,EXTREME_TREND,NO,⛔ ADX too high (100.00) - Market trending (EXTREME_TREND); Max ADX for entry: 6
2026-08-19T03:30:21.930Z,64361.58,30.41,OVERSOLD,FLAT,YES,YES,30s,1.00,0.00,0.50,NEUTRAL,1.00,NORMAL,11.07,RANGING,NO,⛔ ADX too high (11.07) - Market trending (RANGING); Max ADX for entry: 6
2026-08-19T03:30:31.931Z,64358.01,28.77,EXTREME_OVERSOLD,FLAT,YES,YES,15m,1.00,0.00,0.50,NEUTRAL,1.00,NORMAL,98.70,EXTREME_TREND,NO,⛔ ADX too high (98.70) - Market trending (EXTREME_TREND); Max ADX for entry: 6
2026-08-19T03:30:41.933Z,64358.01,31.53,OVERSOLD,FLAT,YES,YES,30s,1.00,0.00,0.50,NEUTRAL,1.00,NORMAL,35.27,TRENDING,NO,⛔ ADX too high (35.27) - Market trending (TRENDING); Max ADX for entry: 6
2026-08-19T06:22:22.213Z,64274.92,76.81,EXTREME_OVERBOUGHT,FLAT,YES,YES,1m,1.00,0.00,0.50,NEUTRAL,1.00,NORMAL,99.39,EXTREME_TREND,NO,⛔ ADX too high (99.39) - Market trending (EXTREME_TREND); Max ADX for entry: 6
2026-08-19T09:48:02.601Z,64368.18,38.11,OVERSOLD,FLAT,YES,YES,30s,1.00,0.00,0.50,NEUTRAL,1.00,NORMAL,14.09,RANGING,NO,⛔ ADX too high (14.09) - Market trending (RANGING); Max ADX for entry: 6
2026-08-19T09:48:12.598Z,64368.18,38.09,OVERSOLD,FLAT,YES,YES,5m,1.00,0.00,0.50,NEUTRAL,1.00,NORMAL,28.80,TRENDING,NO,⛔ ADX too high (28.80) - Market trending (TRENDING); Max ADX for entry: 6
2026-08-19T14:57:13.121Z,65891.04,59.97,NEUTRAL,FLAT,YES,YES,10s,1.00,0.00,0.50,NEUTRAL,1.00,NORMAL,65.49,STRONG_TREND,NO,⛔ ADX too high (65.49) - Market trending (STRONG_TREND); Max ADX for entry: 6
2026-08-19T14:57:23.140Z,65888.59,59.39,NEUTRAL,FLAT,YES,YES,30s,1.00,0.00,0.50,PEAKING,1.00,NORMAL,45.02,TRENDING,NO,⛔ ADX too high (45.02) - Market trending (TRENDING); Max ADX for entry: 6
2026-08-19T14:57:33.132Z,65890.62,59.49,NEUTRAL,FLAT,YES,YES,5m,1.00,0.00,0.50,NEUTRAL,1.00,NORMAL,13.66,RANGING,NO,⛔ ADX too high (13.66) - Market trending (RANGING); Max ADX for entry: 6
2026-08-19T15:14:43.163Z,66644.00,56.36,NEUTRAL,FLAT,YES,YES,10s,1.00,0.00,0.50,NEUTRAL,1.00,NORMAL,81.52,EXTREME_TREND,NO,⛔ ADX too high (81.52) - Market trending (EXTREME_TREND); Max ADX for entry: 6
2026-08-19T15:14:53.154Z,66684.91,57.72,NEUTRAL,FLAT,YES,YES,30s,1.00,0.00,0.50,NEUTRAL,1.00,NORMAL,83.74,EXTREME_TREND,NO,⛔ ADX too high (83.74) - Market trending (EXTREME_TREND); Max ADX for entry: 6
2026-08-19T15:15:03.165Z,66632.00,54.92,NEUTRAL,FLAT,YES,YES,10s,1.00,0.00,0.50,NEUTRAL,1.00,NORMAL,34.03,TRENDING,NO,⛔ ADX too high (34.03) - Market trending (TRENDING); Max ADX for entry: 6
2026-08-19T15:15:13.170Z,66627.99,54.18,NEUTRAL,FLAT,YES,YES,10s,1.00,0.00,0.50,NEUTRAL,1.00,NORMAL,19.58,RANGING,NO,⛔ ADX too high (19.58) - Market trending (RANGING); Max ADX for entry: 6
2026-08-19T15:15:23.167Z,66673.99,55.56,NEUTRAL,FLAT,YES,YES,30s,1.00,0.00,0.50,NEUTRAL,1.00,NORMAL,99.97,EXTREME_TREND,NO,⛔ ADX too high (99.97) - Market trending (EXTREME_TREND); Max ADX for entry: 6
2026-08-19T15:15:33.155Z,66678.00,56.28,NEUTRAL,FLAT,YES,YES,10s,1.00,0.00,0.50,NEUTRAL,1.00,NORMAL,70.65,STRONG_TREND,NO,⛔ ADX too high (70.65) - Market trending (STRONG_TREND); Max ADX for entry: 6
2026-08-19T15:15:43.169Z,66706.53,57.43,NEUTRAL,FLAT,NO,NO,none,0.00,0.00,0.50,NEUTRAL,1.00,NORMAL,98.52,EXTREME_TREND,NO,⛔ ADX too high (98.52) - Market trending (EXTREME_TREND); Max ADX for entry: 6
2026-08-19T15:15:53.170Z,66743.36,59.55,NEUTRAL,FLAT,YES,YES,10s,1.00,0.00,0.50,NEUTRAL,1.00,NORMAL,88.28,EXTREME_TREND,NO,⛔ ADX too high (88.28) - Market trending (EXTREME_TREND); Max ADX for entry: 6
2026-08-19T15:16:03.171Z,66752.01,59.52,NEUTRAL,FLAT,NO,NO,none,0.00,0.00,0.50,NEUTRAL,1.00,NORMAL,11.37,RANGING,NO,⛔ ADX too high (11.37) - Market trending (RANGING); Max ADX for entry: 6
2026-08-19T15:16:13.171Z,66772.75,60.05,OVERBOUGHT,FLAT,NO,NO,none,0.00,0.00,0.50,NEUTRAL,1.00,NORMAL,10.82,RANGING,NO,⛔ ADX too high (10.82) - Market trending (RANGING); Max ADX for entry: 6
2026-08-19T15:16:23.176Z,66787.96,60.18,OVERBOUGHT,FLAT,NO,NO,none,0.00,0.00,0.50,NEUTRAL,1.00,NORMAL,99.01,EXTREME_TREND,NO,⛔ ADX too high (99.01) - Market trending (EXTREME_TREND); Max ADX for entry: 6
2026-08-19T15:16:33.160Z,66808.00,62.51,OVERBOUGHT,FLAT,NO,NO,none,0.00,0.00,0.50,NEUTRAL,1.00,NORMAL,65.09,STRONG_TREND,NO,⛔ ADX too high (65.09) - Market trending (STRONG_TREND); Max ADX for entry: 6
2026-08-19T15:16:43.608Z,66809.80,61.39,OVERBOUGHT,FLAT,NO,NO,none,0.00,0.00,0.50,NEUTRAL,1.00,NORMAL,21.06,TRANSITION,NO,⛔ ADX too high (21.06) - Market trending (TRANSITION); Max ADX for entry: 6
2026-08-19T15:16:53.163Z,66822.89,61.25,OVERBOUGHT,FLAT,YES,YES,10s,1.00,0.00,0.50,NEUTRAL,1.00,NORMAL,64.41,STRONG_TREND,NO,⛔ ADX too high (64.41) - Market trending (STRONG_TREND); Max ADX for entry: 6
2026-08-19T15:17:03.173Z,66837.38,60.75,OVERBOUGHT,FLAT,YES,YES,10s,1.00,0.00,0.50,NEUTRAL,1.00,NORMAL,51.96,STRONG_TREND,NO,⛔ ADX too high (51.96) - Market trending (STRONG_TREND); Max ADX for entry: 6
2026-08-19T15:17:13.161Z,66795.32,59.37,NEUTRAL,FLAT,YES,YES,1m,1.00,0.00,0.50,NEUTRAL,1.00,NORMAL,68.51,STRONG_TREND,NO,⛔ ADX too high (68.51) - Market trending (STRONG_TREND); Max ADX for entry: 6
2026-08-19T15:32:53.192Z,68260.17,45.06,NEUTRAL,FLAT,YES,YES,10s,1.00,0.75,0.50,BULLISH,1.00,NORMAL,3.67,RANGING,NO,RSI neutral (45.1)
2026-08-19T15:33:03.202Z,68102.41,43.64,NEUTRAL,FLAT,YES,YES,1m,1.00,0.00,0.50,NEUTRAL,1.00,NORMAL,68.85,STRONG_TREND,NO,⛔ ADX too high (68.85) - Market trending (STRONG_TREND); Max ADX for entry: 6
2026-08-19T15:33:13.207Z,68193.70,42.68,NEUTRAL,FLAT,YES,YES,10s,1.00,0.00,0.50,NEUTRAL,1.00,NORMAL,24.50,TRANSITION,NO,⛔ ADX too high (24.50) - Market trending (TRANSITION); Max ADX for entry: 6
2026-08-19T15:33:23.207Z,68143.96,43.76,NEUTRAL,FLAT,YES,YES,1m,1.00,0.00,0.50,NEUTRAL,1.00,NORMAL,69.33,STRONG_TREND,NO,⛔ ADX too high (69.33) - Market trending (STRONG_TREND); Max ADX for entry: 6
2026-08-19T15:33:33.203Z,68102.89,44.97,NEUTRAL,FLAT,YES,YES,15m,1.00,0.00,0.50,NEUTRAL,1.00,NORMAL,46.88,TRENDING,NO,⛔ ADX too high (46.88) - Market trending (TRENDING); Max ADX for entry: 6
2026-08-19T15:33:43.204Z,68093.94,45.34,NEUTRAL,FLAT,YES,YES,10s,1.00,0.00,0.50,PEAKING,1.00,NORMAL,50.08,STRONG_TREND,NO,⛔ ADX too high (50.08) - Market trending (STRONG_TREND); Max ADX for entry: 6
2026-08-19T15:33:53.210Z,68267.30,46.53,NEUTRAL,FLAT,YES,YES,1m,1.00,0.00,0.50,BULLISH,1.00,NORMAL,78.96,EXTREME_TREND,NO,⛔ ADX too high (78.96) - Market trending (EXTREME_TREND); Max ADX for entry: 6
2026-08-19T15:34:03.208Z,68165.50,46.60,NEUTRAL,FLAT,YES,YES,10s,1.00,0.00,0.50,NEUTRAL,1.00,NORMAL,17.53,RANGING,NO,⛔ ADX too high (17.53) - Market trending (RANGING); Max ADX for entry: 6
2026-08-19T15:34:13.205Z,68179.72,47.66,NEUTRAL,FLAT,YES,YES,10s,1.00,0.00,0.50,NEUTRAL,1.00,NORMAL,37.15,TRENDING,NO,⛔ ADX too high (37.15) - Market trending (TRENDING); Max ADX for entry: 6
2026-08-19T15:34:23.212Z,68207.00,47.68,NEUTRAL,FLAT,YES,YES,10s,1.00,0.00,0.50,NEUTRAL,1.00,NORMAL,71.45,STRONG_TREND,NO,⛔ ADX too high (71.45) - Market trending (STRONG_TREND); Max ADX for entry: 6
2026-08-19T15:34:33.208Z,68207.49,48.59,NEUTRAL,FLAT,YES,YES,10s,1.00,0.00,0.50,NEUTRAL,1.00,NORMAL,20.10,TRANSITION,NO,⛔ ADX too high (20.10) - Market trending (TRANSITION); Max ADX for entry: 6
2026-08-19T15:34:43.198Z,68234.56,50.12,NEUTRAL,FLAT,YES,YES,10s,1.00,0.00,0.50,NEUTRAL,1.00,NORMAL,45.74,TRENDING,NO,⛔ ADX too high (45.74) - Market trending (TRENDING); Max ADX for entry: 6
2026-08-19T15:34:53.208Z,68418.11,52.67,NEUTRAL,FLAT,YES,YES,10s,1.00,0.00,0.50,BULLISH,1.00,NORMAL,47.45,TRENDING,NO,⛔ ADX too high (47.45) - Market trending (TRENDING); Max ADX for entry: 6
2026-08-19T15:35:03.196Z,68497.49,51.97,NEUTRAL,FLAT,YES,YES,10s,1.00,0.00,0.50,BULLISH,1.00,NORMAL,82.96,EXTREME_TREND,NO,⛔ ADX too high (82.96) - Market trending (EXTREME_TREND); Max ADX for entry: 6
2026-08-19T15:35:13.214Z,68595.09,54.27,NEUTRAL,FLAT,YES,YES,30s,1.00,0.75,0.50,BULLISH,1.00,NORMAL,5.66,RANGING,NO,RSI neutral (54.3)
2026-08-19T15:35:23.219Z,68374.01,52.59,NEUTRAL,FLAT,YES,YES,1m,1.00,0.00,0.50,NEUTRAL,1.00,NORMAL,7.05,RANGING,NO,⛔ ADX too high (7.05) - Market trending (RANGING); Max ADX for entry: 6
2026-08-19T15:35:33.207Z,68241.59,52.61,NEUTRAL,FLAT,YES,YES,1m,1.00,0.00,0.50,NEUTRAL,1.00,NORMAL,34.67,TRENDING,NO,⛔ ADX too high (34.67) - Market trending (TRENDING); Max ADX for entry: 6
2026-08-19T15:35:43.211Z,68287.59,53.31,NEUTRAL,FLAT,YES,YES,30s,1.00,0.00,0.50,NEUTRAL,1.00,NORMAL,60.61,STRONG_TREND,NO,⛔ ADX too high (60.61) - Market trending (STRONG_TREND); Max ADX for entry: 6
2026-08-19T15:35:53.229Z,68276.63,53.62,NEUTRAL,FLAT,YES,YES,5m,1.00,0.00,0.50,PEAKING,1.00,NORMAL,27.07,TRENDING,NO,⛔ ADX too high (27.07) - Market trending (TRENDING); Max ADX for entry: 6
2026-08-19T15:36:03.211Z,68311.54,54.67,NEUTRAL,FLAT,YES,YES,10s,1.00,0.00,0.50,NEUTRAL,1.00,NORMAL,54.88,STRONG_TREND,NO,⛔ ADX too high (54.88) - Market trending (STRONG_TREND); Max ADX for entry: 6
2026-08-19T15:36:13.209Z,68273.97,54.42,NEUTRAL,FLAT,YES,YES,5m,1.00,0.00,0.50,NEUTRAL,1.00,NORMAL,32.74,TRENDING,NO,⛔ ADX too high (32.74) - Market trending (TRENDING); Max ADX for entry: 6
2026-08-19T15:36:23.199Z,68287.03,52.79,NEUTRAL,FLAT,YES,YES,1m,1.00,0.00,0.50,NEUTRAL,1.00,NORMAL,47.60,TRENDING,NO,⛔ ADX too high (47.60) - Market trending (TRENDING); Max ADX for entry: 6
2026-08-19T15:36:33.198Z,68252.06,52.36,NEUTRAL,FLAT,YES,YES,1m,1.00,0.00,0.50,BEARISH,1.00,NORMAL,11.20,RANGING,NO,⛔ ADX too high (11.20) - Market trending (RANGING); Max ADX for entry: 6
2026-08-19T15:36:43.205Z,68312.82,52.96,NEUTRAL,FLAT,NO,NO,none,0.00,0.00,0.50,BOTTOMING,1.00,NORMAL,89.84,EXTREME_TREND,NO,⛔ ADX too high (89.84) - Market trending (EXTREME_TREND); Max ADX for entry: 6
2026-08-19T15:36:53.207Z,68448.97,55.32,NEUTRAL,FLAT,NO,NO,none,0.00,0.00,0.50,NEUTRAL,1.00,NORMAL,85.52,EXTREME_TREND,NO,⛔ ADX too high (85.52) - Market trending (EXTREME_TREND); Max ADX for entry: 6
2026-08-19T15:37:03.199Z,68407.79,54.73,NEUTRAL,FLAT,YES,YES,30s,1.00,0.00,0.50,NEUTRAL,1.00,NORMAL,28.70,TRENDING,NO,⛔ ADX too high (28.70) - Market trending (TRENDING); Max ADX for entry: 6
2026-08-19T15:37:13.213Z,68464.50,55.10,NEUTRAL,FLAT,YES,YES,10s,1.00,0.00,0.50,NEUTRAL,1.00,NORMAL,14.63,RANGING,NO,⛔ ADX too high (14.63) - Market trending (RANGING); Max ADX for entry: 6
2026-08-19T15:37:23.216Z,68549.70,54.93,NEUTRAL,FLAT,NO,NO,none,0.00,0.25,0.50,BULLISH,1.00,NORMAL,3.02,RANGING,NO,RSI neutral (54.9); No slowdown detected - waiting for momentum to fade; Confidence too low (25% < 50%)
2026-08-19T15:37:33.207Z,68549.69,53.55,NEUTRAL,FLAT,YES,YES,10s,1.00,0.75,0.50,BULLISH,1.00,NORMAL,2.64,RANGING,NO,RSI neutral (53.5)
2026-08-19T15:37:43.211Z,68543.84,53.51,NEUTRAL,FLAT,NO,NO,none,0.00,0.00,0.50,BULLISH,1.00,NORMAL,51.82,STRONG_TREND,NO,⛔ ADX too high (51.82) - Market trending (STRONG_TREND); Max ADX for entry: 6
2026-08-19T15:37:53.211Z,68513.75,52.77,NEUTRAL,FLAT,YES,YES,1m,1.00,0.00,0.50,BULLISH,1.00,NORMAL,25.98,TRENDING,NO,⛔ ADX too high (25.98) - Market trending (TRENDING); Max ADX for entry: 6
2026-08-19T15:38:03.700Z,68510.40,53.96,NEUTRAL,FLAT,YES,YES,1m,1.00,0.75,0.50,BULLISH,1.00,NORMAL,2.95,RANGING,NO,RSI neutral (54.0)
2026-08-19T15:38:13.210Z,68443.29,52.54,NEUTRAL,FLAT,YES,YES,10s,1.00,0.00,0.50,NEUTRAL,1.00,NORMAL,51.04,STRONG_TREND,NO,⛔ ADX too high (51.04) - Market trending (STRONG_TREND); Max ADX for entry: 6
2026-08-19T15:38:23.214Z,68457.91,53.00,NEUTRAL,FLAT,YES,YES,30s,1.00,0.00,0.50,NEUTRAL,1.00,NORMAL,51.14,STRONG_TREND,NO,⛔ ADX too high (51.14) - Market trending (STRONG_TREND); Max ADX for entry: 6
2026-08-19T15:38:33.199Z,68457.74,53.58,NEUTRAL,FLAT,YES,YES,10s,1.00,0.00,0.50,NEUTRAL,1.00,NORMAL,17.25,RANGING,NO,⛔ ADX too high (17.25) - Market trending (RANGING); Max ADX for entry: 6
2026-08-19T15:38:43.210Z,68521.23,54.17,NEUTRAL,FLAT,YES,YES,1m,1.00,0.00,0.50,NEUTRAL,1.00,NORMAL,75.12,EXTREME_TREND,NO,⛔ ADX too high (75.12) - Market trending (EXTREME_TREND); Max ADX for entry: 6
2026-08-19T15:38:53.210Z,68518.10,52.61,NEUTRAL,FLAT,YES,YES,10s,1.00,0.00,0.50,NEUTRAL,1.00,NORMAL,36.40,TRENDING,NO,⛔ ADX too high (36.40) - Market trending (TRENDING); Max ADX for entry: 6
2026-08-19T15:39:03.645Z,68532.65,53.85,NEUTRAL,FLAT,NO,NO,none,0.00,0.00,0.50,NEUTRAL,1.00,NORMAL,28.19,TRENDING,NO,⛔ ADX too high (28.19) - Market trending (TRENDING); Max ADX for entry: 6
2026-08-19T15:39:13.199Z,68540.52,53.84,NEUTRAL,FLAT,NO,NO,none,0.00,0.00,0.50,NEUTRAL,1.00,NORMAL,45.05,TRENDING,NO,⛔ ADX too high (45.05) - Market trending (TRENDING); Max ADX for entry: 6
2026-08-19T15:39:23.213Z,68543.44,53.49,NEUTRAL,FLAT,NO,NO,none,0.00,0.00,0.50,NEUTRAL,1.00,NORMAL,47.80,TRENDING,NO,⛔ ADX too high (47.80) - Market trending (TRENDING); Max ADX for entry: 6
2026-08-19T15:39:33.210Z,68667.16,54.68,NEUTRAL,FLAT,NO,NO,none,0.00,0.00,0.50,NEUTRAL,1.00,NORMAL,62.91,STRONG_TREND,NO,⛔ ADX too high (62.91) - Market trending (STRONG_TREND); Max ADX for entry: 6
2026-08-19T15:39:43.196Z,68733.79,54.64,NEUTRAL,FLAT,YES,YES,10s,1.00,0.00,0.50,BULLISH,1.00,NORMAL,40.87,TRENDING,NO,⛔ ADX too high (40.87) - Market trending (TRENDING); Max ADX for entry: 6
2026-08-19T15:39:53.210Z,68743.51,53.17,NEUTRAL,FLAT,NO,NO,none,0.00,0.00,0.50,BULLISH,1.00,NORMAL,52.20,STRONG_TREND,NO,⛔ ADX too high (52.20) - Market trending (STRONG_TREND); Max ADX for entry: 6
2026-08-19T15:40:03.197Z,68581.22,50.55,NEUTRAL,FLAT,YES,YES,1m,1.00,0.00,0.50,NEUTRAL,1.00,NORMAL,66.58,STRONG_TREND,NO,⛔ ADX too high (66.58) - Market trending (STRONG_TREND); Max ADX for entry: 6
2026-08-19T15:40:13.209Z,68609.11,49.91,NEUTRAL,FALLING,YES,YES,30s,1.00,0.00,0.50,NEUTRAL,1.00,NORMAL,30.19,TRENDING,NO,⛔ ADX too high (30.19) - Market trending (TRENDING); Max ADX for entry: 6
2026-08-19T15:40:23.197Z,68710.58,53.34,NEUTRAL,FLAT,YES,YES,30s,1.00,0.00,0.50,NEUTRAL,1.00,NORMAL,78.25,EXTREME_TREND,NO,⛔ ADX too high (78.25) - Market trending (EXTREME_TREND); Max ADX for entry: 6
2026-08-19T15:40:33.196Z,68715.79,55.43,NEUTRAL,FLAT,YES,YES,10s,1.00,0.00,0.50,NEUTRAL,1.00,NORMAL,47.72,TRENDING,NO,⛔ ADX too high (47.72) - Market trending (TRENDING); Max ADX for entry: 6
2026-08-19T15:40:43.214Z,68697.93,54.02,NEUTRAL,FLAT,YES,YES,10s,1.00,0.00,0.50,PEAKING,1.00,NORMAL,35.91,TRENDING,NO,⛔ ADX too high (35.91) - Market trending (TRENDING); Max ADX for entry: 6
2026-08-19T15:40:53.198Z,68759.99,55.36,NEUTRAL,FLAT,YES,YES,1m,1.00,0.00,0.50,BULLISH,1.00,NORMAL,42.06,TRENDING,NO,⛔ ADX too high (42.06) - Market trending (TRENDING); Max ADX for entry: 6
2026-08-19T15:41:03.198Z,68820.30,55.97,NEUTRAL,FLAT,NO,NO,none,0.00,0.00,0.50,NEUTRAL,1.00,NORMAL,93.17,EXTREME_TREND,NO,⛔ ADX too high (93.17) - Market trending (EXTREME_TREND); Max ADX for entry: 6
2026-08-19T15:41:13.202Z,68790.04,55.95,NEUTRAL,FLAT,YES,YES,10s,1.00,0.00,0.50,NEUTRAL,1.00,NORMAL,33.98,TRENDING,NO,⛔ ADX too high (33.98) - Market trending (TRENDING); Max ADX for entry: 6
2026-08-19T15:41:23.199Z,68666.52,54.16,NEUTRAL,FLAT,YES,YES,5m,1.00,0.00,0.50,NEUTRAL,1.00,NORMAL,49.44,TRENDING,NO,⛔ ADX too high (49.44) - Market trending (TRENDING); Max ADX for entry: 6
2026-08-19T15:41:33.211Z,68668.04,54.41,NEUTRAL,FLAT,YES,YES,10s,1.00,0.00,0.50,NEUTRAL,1.00,NORMAL,24.53,TRANSITION,NO,⛔ ADX too high (24.53) - Market trending (TRANSITION); Max ADX for entry: 6
2026-08-19T15:41:43.202Z,68700.00,54.01,NEUTRAL,FLAT,YES,YES,10s,1.00,0.00,0.50,NEUTRAL,1.00,NORMAL,37.94,TRENDING,NO,⛔ ADX too high (37.94) - Market trending (TRENDING); Max ADX for entry: 6
2026-08-19T15:41:53.219Z,68669.37,52.27,NEUTRAL,FLAT,YES,YES,10s,1.00,0.00,0.50,NEUTRAL,1.00,NORMAL,36.31,TRENDING,NO,⛔ ADX too high (36.31) - Market trending (TRENDING); Max ADX for entry: 6
2026-08-19T15:42:03.202Z,68754.72,53.35,NEUTRAL,FLAT,YES,YES,1m,1.00,0.00,0.50,NEUTRAL,1.00,NORMAL,30.28,TRENDING,NO,⛔ ADX too high (30.28) - Market trending (TRENDING); Max ADX for entry: 6
2026-08-19T15:42:13.214Z,68669.79,51.99,NEUTRAL,FLAT,YES,YES,10s,1.00,0.00,0.50,NEUTRAL,1.00,NORMAL,27.47,TRENDING,NO,⛔ ADX too high (27.47) - Market trending (TRENDING); Max ADX for entry: 6
2026-08-19T15:42:23.214Z,68721.08,51.65,NEUTRAL,FLAT,YES,YES,10s,1.00,0.00,0.50,NEUTRAL,1.00,NORMAL,23.29,TRANSITION,NO,⛔ ADX too high (23.29) - Market trending (TRANSITION); Max ADX for entry: 6
2026-08-19T15:42:33.205Z,68730.32,51.98,NEUTRAL,FLAT,NO,NO,none,0.00,0.00,0.50,BOTTOMING,1.00,NORMAL,35.27,TRENDING,NO,⛔ ADX too high (35.27) - Market trending (TRENDING); Max ADX for entry: 6
2026-08-19T15:42:43.200Z,68726.97,51.98,NEUTRAL,FLAT,YES,YES,10s,1.00,0.00,0.50,NEUTRAL,1.00,NORMAL,36.50,TRENDING,NO,⛔ ADX too high (36.50) - Market trending (TRENDING); Max ADX for entry: 6
2026-08-19T15:42:53.202Z,68730.35,52.72,NEUTRAL,FLAT,YES,YES,15m,1.00,0.75,0.50,NEUTRAL,1.00,NORMAL,2.36,RANGING,NO,RSI neutral (52.7)
2026-08-19T15:43:03.216Z,68708.50,52.08,NEUTRAL,FLAT,YES,YES,10s,1.00,0.00,0.50,NEUTRAL,1.00,NORMAL,25.26,TRENDING,NO,⛔ ADX too high (25.26) - Market trending (TRENDING); Max ADX for entry: 6
2026-08-19T15:43:13.216Z,68698.88,53.46,NEUTRAL,FLAT,YES,YES,10s,1.00,0.00,0.50,NEUTRAL,1.00,NORMAL,17.93,RANGING,NO,⛔ ADX too high (17.93) - Market trending (RANGING); Max ADX for entry: 6
2026-08-19T15:43:23.218Z,68683.99,52.97,NEUTRAL,FLAT,YES,YES,10s,1.00,0.00,0.50,NEUTRAL,1.00,NORMAL,52.42,STRONG_TREND,NO,⛔ ADX too high (52.42) - Market trending (STRONG_TREND); Max ADX for entry: 6
2026-08-19T15:43:33.221Z,68583.76,51.61,NEUTRAL,FLAT,YES,YES,5m,1.00,0.00,0.50,NEUTRAL,1.00,NORMAL,92.98,EXTREME_TREND,NO,⛔ ADX too high (92.98) - Market trending (EXTREME_TREND); Max ADX for entry: 6
2026-08-19T15:43:43.220Z,68650.42,51.87,NEUTRAL,FLAT,YES,YES,30s,1.00,0.00,0.50,NEUTRAL,1.00,NORMAL,19.23,RANGING,NO,⛔ ADX too high (19.23) - Market trending (RANGING); Max ADX for entry: 6
2026-08-19T15:43:53.207Z,68600.18,51.26,NEUTRAL,FLAT,YES,YES,5m,1.00,0.00,0.50,NEUTRAL,1.00,NORMAL,44.01,TRENDING,NO,⛔ ADX too high (44.01) - Market trending (TRENDING); Max ADX for entry: 6
2026-08-19T15:44:03.222Z,68603.98,50.70,NEUTRAL,FLAT,YES,YES,30s,1.00,0.00,0.50,NEUTRAL,1.00,NORMAL,31.41,TRENDING,NO,⛔ ADX too high (31.41) - Market trending (TRENDING); Max ADX for entry: 6
2026-08-19T15:44:13.208Z,68579.37,50.56,NEUTRAL,FLAT,YES,YES,10s,1.00,0.75,0.50,NEUTRAL,1.00,NORMAL,2.56,RANGING,NO,RSI neutral (50.6)
2026-08-19T15:44:23.209Z,68619.99,51.04,NEUTRAL,FLAT,YES,YES,10s,1.00,0.00,0.50,NEUTRAL,1.00,NORMAL,7.77,RANGING,NO,⛔ ADX too high (7.77) - Market trending (RANGING); Max ADX for entry: 6
2026-08-19T15:44:33.218Z,68597.42,48.71,NEUTRAL,FLAT,YES,YES,10s,1.00,0.00,0.50,NEUTRAL,1.00,NORMAL,38.35,TRENDING,NO,⛔ ADX too high (38.35) - Market trending (TRENDING); Max ADX for entry: 6
2026-08-19T15:44:43.220Z,68631.83,48.98,NEUTRAL,FLAT,YES,YES,1m,1.00,0.00,0.50,NEUTRAL,1.00,NORMAL,15.86,RANGING,NO,⛔ ADX too high (15.86) - Market trending (RANGING); Max ADX for entry: 6
2026-08-19T15:44:53.210Z,68624.40,48.70,NEUTRAL,FLAT,YES,YES,10s,1.00,0.00,0.50,NEUTRAL,1.00,NORMAL,39.46,TRENDING,NO,⛔ ADX too high (39.46) - Market trending (TRENDING); Max ADX for entry: 6
2026-08-19T15:45:03.227Z,68668.70,50.98,NEUTRAL,FLAT,YES,YES,10s,1.00,0.00,0.50,NEUTRAL,1.00,NORMAL,24.32,TRANSITION,NO,⛔ ADX too high (24.32) - Market trending (TRANSITION); Max ADX for entry: 6
2026-08-19T15:45:13.210Z,68643.84,50.19,NEUTRAL,FLAT,YES,YES,10s,1.00,0.00,0.50,NEUTRAL,1.00,NORMAL,9.69,RANGING,NO,⛔ ADX too high (9.69) - Market trending (RANGING); Max ADX for entry: 6
2026-08-19T15:45:23.210Z,68510.31,47.19,NEUTRAL,FLAT,YES,YES,15m,1.00,0.75,0.50,NEUTRAL,1.00,NORMAL,2.21,RANGING,NO,RSI neutral (47.2)
2026-08-19T15:45:33.227Z,68503.67,47.26,NEUTRAL,FLAT,YES,YES,10s,1.00,0.00,0.50,NEUTRAL,1.00,NORMAL,57.24,STRONG_TREND,NO,⛔ ADX too high (57.24) - Market trending (STRONG_TREND); Max ADX for entry: 6
2026-08-19T15:45:43.212Z,68533.03,47.93,NEUTRAL,FLAT,YES,YES,30s,1.00,0.00,0.50,NEUTRAL,1.00,NORMAL,6.01,RANGING,NO,⛔ ADX too high (6.01) - Market trending (RANGING); Max ADX for entry: 6
2026-08-19T15:45:53.225Z,68496.73,46.41,NEUTRAL,FLAT,YES,YES,15m,1.00,0.00,0.50,NEUTRAL,1.00,NORMAL,60.09,STRONG_TREND,NO,⛔ ADX too high (60.09) - Market trending (STRONG_TREND); Max ADX for entry: 6
2026-08-19T15:46:03.209Z,68473.09,45.55,NEUTRAL,FLAT,YES,YES,10s,1.00,0.00,0.50,NEUTRAL,1.00,NORMAL,53.22,STRONG_TREND,NO,⛔ ADX too high (53.22) - Market trending (STRONG_TREND); Max ADX for entry: 6
2026-08-19T15:46:13.213Z,68455.13,45.89,NEUTRAL,FLAT,YES,YES,10s,1.00,0.00,0.50,NEUTRAL,1.00,NORMAL,22.82,TRANSITION,NO,⛔ ADX too high (22.82) - Market trending (TRANSITION); Max ADX for entry: 6
2026-08-19T15:46:23.211Z,68452.94,46.84,NEUTRAL,FLAT,YES,YES,10s,1.00,0.00,0.50,NEUTRAL,1.00,NORMAL,57.31,STRONG_TREND,NO,⛔ ADX too high (57.31) - Market trending (STRONG_TREND); Max ADX for entry: 6
2026-08-19T15:46:33.215Z,68519.99,47.64,NEUTRAL,FLAT,YES,YES,10s,1.00,0.00,0.50,NEUTRAL,1.00,NORMAL,73.95,STRONG_TREND,NO,⛔ ADX too high (73.95) - Market trending (STRONG_TREND); Max ADX for entry: 6
2026-08-19T15:46:43.213Z,68500.95,47.12,NEUTRAL,FLAT,YES,YES,10s,1.00,0.75,0.50,NEUTRAL,1.00,NORMAL,2.05,RANGING,NO,RSI neutral (47.1)
2026-08-19T15:46:53.224Z,68499.99,47.38,NEUTRAL,FLAT,YES,YES,10s,1.00,0.00,0.50,NEUTRAL,1.00,NORMAL,42.12,TRENDING,NO,⛔ ADX too high (42.12) - Market trending (TRENDING); Max ADX for entry: 6
2026-08-19T15:47:03.221Z,68507.05,46.67,NEUTRAL,FLAT,YES,YES,10s,1.00,0.00,0.50,NEUTRAL,1.00,NORMAL,26.89,TRENDING,NO,⛔ ADX too high (26.89) - Market trending (TRENDING); Max ADX for entry: 6
2026-08-19T15:47:13.214Z,68467.59,47.14,NEUTRAL,FLAT,YES,YES,1m,1.00,0.00,0.50,NEUTRAL,1.00,NORMAL,80.40,EXTREME_TREND,NO,⛔ ADX too high (80.40) - Market trending (EXTREME_TREND); Max ADX for entry: 6
2026-08-19T15:47:23.210Z,68481.50,46.26,NEUTRAL,FLAT,YES,YES,30s,1.00,0.00,0.50,NEUTRAL,1.00,NORMAL,58.52,STRONG_TREND,NO,⛔ ADX too high (58.52) - Market trending (STRONG_TREND); Max ADX for entry: 6
2026-08-19T15:47:33.212Z,68382.50,44.68,NEUTRAL,FLAT,YES,YES,15m,1.00,0.00,0.50,NEUTRAL,1.00,NORMAL,76.21,EXTREME_TREND,NO,⛔ ADX too high (76.21) - Market trending (EXTREME_TREND); Max ADX for entry: 6
2026-08-19T15:47:43.210Z,68443.71,45.77,NEUTRAL,FLAT,YES,YES,30s,1.00,0.00,0.50,NEUTRAL,1.00,NORMAL,14.31,RANGING,NO,⛔ ADX too high (14.31) - Market trending (RANGING); Max ADX for entry: 6
2026-08-19T15:47:53.228Z,68467.09,46.13,NEUTRAL,FLAT,YES,YES,30s,1.00,0.00,0.50,NEUTRAL,1.00,NORMAL,60.11,STRONG_TREND,NO,⛔ ADX too high (60.11) - Market trending (STRONG_TREND); Max ADX for entry: 6
2026-08-19T15:48:03.212Z,68499.50,47.22,NEUTRAL,FLAT,YES,YES,1m,1.00,0.00,0.50,NEUTRAL,1.00,NORMAL,25.64,TRENDING,NO,⛔ ADX too high (25.64) - Market trending (TRENDING); Max ADX for entry: 6
2026-08-19T15:48:13.228Z,68488.93,46.45,NEUTRAL,FLAT,YES,YES,30s,1.00,0.00,0.50,NEUTRAL,1.00,NORMAL,55.17,STRONG_TREND,NO,⛔ ADX too high (55.17) - Market trending (STRONG_TREND); Max ADX for entry: 6
2026-08-19T15:48:23.212Z,68453.34,46.78,NEUTRAL,FLAT,YES,YES,10s,1.00,0.00,0.50,NEUTRAL,1.00,NORMAL,85.13,EXTREME_TREND,NO,⛔ ADX too high (85.13) - Market trending (EXTREME_TREND); Max ADX for entry: 6
2026-08-19T15:48:33.233Z,68507.70,48.57,NEUTRAL,FLAT,YES,YES,10s,1.00,0.00,0.50,NEUTRAL,1.00,NORMAL,81.32,EXTREME_TREND,NO,⛔ ADX too high (81.32) - Market trending (EXTREME_TREND); Max ADX for entry: 6
2026-08-19T15:48:43.225Z,68497.04,47.38,NEUTRAL,FLAT,YES,YES,10s,1.00,0.00,0.50,NEUTRAL,1.00,NORMAL,20.15,TRANSITION,NO,⛔ ADX too high (20.15) - Market trending (TRANSITION); Max ADX for entry: 6
2026-08-19T15:48:53.222Z,68485.25,47.70,NEUTRAL,FLAT,YES,YES,10s,1.00,0.75,0.50,NEUTRAL,1.00,NORMAL,4.33,RANGING,NO,RSI neutral (47.7)
2026-08-19T15:49:03.214Z,68477.47,47.41,NEUTRAL,FLAT,YES,YES,15m,1.00,0.90,0.50,PEAKING,1.00,NORMAL,5.16,RANGING,NO,RSI neutral (47.4)
2026-08-19T15:49:13.689Z,68485.25,47.94,NEUTRAL,FLAT,YES,YES,10s,1.00,0.00,0.50,NEUTRAL,1.00,NORMAL,28.19,TRENDING,NO,⛔ ADX too high (28.19) - Market trending (TRENDING); Max ADX for entry: 6
2026-08-19T15:49:23.223Z,68485.00,47.58,NEUTRAL,FLAT,YES,YES,1m,1.00,0.00,0.50,NEUTRAL,1.00,NORMAL,10.57,RANGING,NO,⛔ ADX too high (10.57) - Market trending (RANGING); Max ADX for entry: 6
2026-08-19T15:49:33.229Z,68451.14,47.18,NEUTRAL,FLAT,YES,YES,15m,1.00,0.00,0.50,NEUTRAL,1.00,NORMAL,12.15,RANGING,NO,⛔ ADX too high (12.15) - Market trending (RANGING); Max ADX for entry: 6
2026-08-19T15:49:43.224Z,68467.95,47.06,NEUTRAL,FLAT,YES,YES,10s,1.00,0.00,0.50,NEUTRAL,1.00,NORMAL,29.80,TRENDING,NO,⛔ ADX too high (29.80) - Market trending (TRENDING); Max ADX for entry: 6
2026-08-19T15:49:53.227Z,68436.76,45.80,NEUTRAL,FLAT,YES,YES,15m,1.00,0.00,0.50,NEUTRAL,1.00,NORMAL,80.80,EXTREME_TREND,NO,⛔ ADX too high (80.80) - Market trending (EXTREME_TREND); Max ADX for entry: 6
2026-08-19T15:50:03.213Z,68506.17,47.40,NEUTRAL,FLAT,YES,YES,5m,1.00,0.00,0.50,NEUTRAL,1.00,NORMAL,57.38,STRONG_TREND,NO,⛔ ADX too high (57.38) - Market trending (STRONG_TREND); Max ADX for entry: 6
2026-08-19T15:50:13.244Z,68508.54,47.51,NEUTRAL,FLAT,YES,YES,5m,1.00,0.75,0.50,NEUTRAL,1.00,NORMAL,5.57,RANGING,NO,RSI neutral (47.5)
2026-08-19T15:50:23.228Z,68499.35,49.29,NEUTRAL,FLAT,YES,YES,30s,1.00,0.00,0.50,NEUTRAL,1.00,NORMAL,49.69,TRENDING,NO,⛔ ADX too high (49.69) - Market trending (TRENDING); Max ADX for entry: 6
2026-08-19T15:50:33.215Z,68482.96,49.30,NEUTRAL,FLAT,YES,YES,1m,1.00,0.00,0.50,NEUTRAL,1.00,NORMAL,44.12,TRENDING,NO,⛔ ADX too high (44.12) - Market trending (TRENDING); Max ADX for entry: 6
2026-08-19T15:50:43.231Z,68542.45,50.27,NEUTRAL,FLAT,NO,NO,none,0.00,0.00,0.50,NEUTRAL,1.00,NORMAL,26.90,TRENDING,NO,⛔ ADX too high (26.90) - Market trending (TRENDING); Max ADX for entry: 6
2026-08-19T15:50:53.228Z,68626.21,52.81,NEUTRAL,FLAT,NO,NO,none,0.00,0.00,0.50,NEUTRAL,1.00,NORMAL,99.80,EXTREME_TREND,NO,⛔ ADX too high (99.80) - Market trending (EXTREME_TREND); Max ADX for entry: 6
2026-08-19T15:51:03.215Z,68630.61,53.76,NEUTRAL,FLAT,YES,YES,30s,1.00,0.00,0.50,NEUTRAL,1.00,NORMAL,54.21,STRONG_TREND,NO,⛔ ADX too high (54.21) - Market trending (STRONG_TREND); Max ADX for entry: 6
2026-08-19T15:51:13.217Z,68545.85,52.55,NEUTRAL,FLAT,YES,YES,1m,1.00,0.75,0.50,NEUTRAL,1.00,NORMAL,2.40,RANGING,NO,RSI neutral (52.5)
2026-08-19T15:51:23.226Z,68598.83,52.82,NEUTRAL,FLAT,YES,YES,30s,1.00,0.00,0.50,NEUTRAL,1.00,NORMAL,10.34,RANGING,NO,⛔ ADX too high (10.34) - Market trending (RANGING); Max ADX for entry: 6
2026-08-19T15:51:33.221Z,68565.11,50.58,NEUTRAL,FLAT,YES,YES,10s,1.00,0.00,0.50,NEUTRAL,1.00,NORMAL,9.64,RANGING,NO,⛔ ADX too high (9.64) - Market trending (RANGING); Max ADX for entry: 6
2026-08-19T15:51:43.218Z,68540.10,51.61,NEUTRAL,FLAT,YES,YES,5m,1.00,0.75,0.50,NEUTRAL,1.00,NORMAL,3.03,RANGING,NO,RSI neutral (51.6)
2026-08-19T15:51:53.220Z,68450.37,48.77,NEUTRAL,FLAT,YES,YES,15m,1.00,0.00,0.50,NEUTRAL,1.00,NORMAL,71.78,STRONG_TREND,NO,⛔ ADX too high (71.78) - Market trending (STRONG_TREND); Max ADX for entry: 6
2026-08-19T15:52:03.220Z,68418.94,48.24,NEUTRAL,FLAT,YES,YES,10s,1.00,0.00,0.50,NEUTRAL,1.00,NORMAL,76.53,EXTREME_TREND,NO,⛔ ADX too high (76.53) - Market trending (EXTREME_TREND); Max ADX for entry: 6
2026-08-19T15:52:13.234Z,68411.49,48.26,NEUTRAL,FLAT,YES,YES,1h,1.00,0.00,0.50,NEUTRAL,1.00,NORMAL,69.55,STRONG_TREND,NO,⛔ ADX too high (69.55) - Market trending (STRONG_TREND); Max ADX for entry: 6
2026-08-19T15:52:23.221Z,68431.00,49.15,NEUTRAL,FLAT,YES,YES,30s,1.00,0.00,0.50,NEUTRAL,1.00,NORMAL,57.66,STRONG_TREND,NO,⛔ ADX too high (57.66) - Market trending (STRONG_TREND); Max ADX for entry: 6
2026-08-19T15:52:33.221Z,68486.37,52.04,NEUTRAL,FLAT,YES,YES,10s,1.00,0.00,0.50,NEUTRAL,1.00,NORMAL,82.12,EXTREME_TREND,NO,⛔ ADX too high (82.12) - Market trending (EXTREME_TREND); Max ADX for entry: 6
2026-08-19T15:52:43.222Z,68444.43,50.49,NEUTRAL,FLAT,YES,YES,30s,1.00,0.75,0.50,NEUTRAL,1.00,NORMAL,5.59,RANGING,NO,RSI neutral (50.5)
2026-08-19T15:52:53.238Z,68423.15,49.10,NEUTRAL,FLAT,YES,YES,30s,1.00,0.00,0.50,NEUTRAL,1.00,NORMAL,65.70,STRONG_TREND,NO,⛔ ADX too high (65.70) - Market trending (STRONG_TREND); Max ADX for entry: 6
2026-08-19T15:53:03.239Z,68427.80,48.31,NEUTRAL,FLAT,YES,YES,10s,1.00,0.00,0.50,BOTTOMING,1.00,NORMAL,65.75,STRONG_TREND,NO,⛔ ADX too high (65.75) - Market trending (STRONG_TREND); Max ADX for entry: 6
2026-08-19T15:53:13.235Z,68389.96,47.65,NEUTRAL,FLAT,YES,YES,10s,1.00,0.00,0.50,NEUTRAL,1.00,NORMAL,45.37,TRENDING,NO,⛔ ADX too high (45.37) - Market trending (TRENDING); Max ADX for entry: 6
2026-08-19T15:53:23.232Z,68392.68,48.51,NEUTRAL,FLAT,YES,YES,10s,1.00,0.00,0.50,NEUTRAL,1.00,NORMAL,33.03,TRENDING,NO,⛔ ADX too high (33.03) - Market trending (TRENDING); Max ADX for entry: 6
2026-08-19T15:53:33.225Z,68328.53,45.99,NEUTRAL,FLAT,YES,YES,1h,1.00,0.00,0.50,NEUTRAL,1.00,NORMAL,69.02,STRONG_TREND,NO,⛔ ADX too high (69.02) - Market trending (STRONG_TREND); Max ADX for entry: 6
2026-08-19T15:53:43.226Z,68345.99,46.88,NEUTRAL,FLAT,YES,YES,30s,1.00,0.00,0.50,NEUTRAL,1.00,NORMAL,71.89,STRONG_TREND,NO,⛔ ADX too high (71.89) - Market trending (STRONG_TREND); Max ADX for entry: 6
2026-08-19T15:53:53.223Z,68354.35,47.28,NEUTRAL,FLAT,YES,YES,10s,1.00,0.00,0.50,NEUTRAL,1.00,NORMAL,39.38,TRENDING,NO,⛔ ADX too high (39.38) - Market trending (TRENDING); Max ADX for entry: 6
2026-08-19T15:54:03.239Z,68364.34,47.57,NEUTRAL,FLAT,YES,YES,10s,1.00,0.00,0.50,NEUTRAL,1.00,NORMAL,50.38,STRONG_TREND,NO,⛔ ADX too high (50.38) - Market trending (STRONG_TREND); Max ADX for entry: 6
2026-08-19T15:54:13.224Z,68335.12,46.87,NEUTRAL,FLAT,YES,YES,10s,1.00,0.00,0.50,NEUTRAL,1.00,NORMAL,18.81,RANGING,NO,⛔ ADX too high (18.81) - Market trending (RANGING); Max ADX for entry: 6
2026-08-19T15:54:23.236Z,68347.84,47.14,NEUTRAL,FLAT,YES,YES,10s,1.00,0.00,0.50,NEUTRAL,1.00,NORMAL,37.88,TRENDING,NO,⛔ ADX too high (37.88) - Market trending (TRENDING); Max ADX for entry: 6
2026-08-19T15:54:33.240Z,68324.93,47.49,NEUTRAL,FLAT,YES,YES,1h,1.00,0.00,0.50,NEUTRAL,1.00,NORMAL,57.51,STRONG_TREND,NO,⛔ ADX too high (57.51) - Market trending (STRONG_TREND); Max ADX for entry: 6
2026-08-19T15:54:43.236Z,68323.60,46.83,NEUTRAL,FLAT,YES,YES,10s,1.00,0.00,0.50,NEUTRAL,1.00,NORMAL,6.94,RANGING,NO,⛔ ADX too high (6.94) - Market trending (RANGING); Max ADX for entry: 6
2026-08-19T15:54:53.226Z,68291.48,46.77,NEUTRAL,FLAT,YES,YES,1h,1.00,0.75,0.50,NEUTRAL,1.00,NORMAL,3.45,RANGING,NO,RSI neutral (46.8)
2026-08-19T15:55:03.239Z,68242.12,44.07,NEUTRAL,FLAT,YES,YES,1h,1.00,0.00,0.50,NEUTRAL,1.00,NORMAL,77.39,EXTREME_TREND,NO,⛔ ADX too high (77.39) - Market trending (EXTREME_TREND); Max ADX for entry: 6
2026-08-19T15:55:13.226Z,68289.25,45.30,NEUTRAL,FLAT,YES,YES,30s,1.00,0.00,0.50,NEUTRAL,1.00,NORMAL,69.78,STRONG_TREND,NO,⛔ ADX too high (69.78) - Market trending (STRONG_TREND); Max ADX for entry: 6
2026-08-19T15:55:23.229Z,68325.11,45.91,NEUTRAL,FLAT,YES,YES,1m,1.00,0.00,0.50,NEUTRAL,1.00,NORMAL,99.94,EXTREME_TREND,NO,⛔ ADX too high (99.94) - Market trending (EXTREME_TREND); Max ADX for entry: 6
2026-08-19T15:55:33.227Z,68369.51,47.29,NEUTRAL,FLAT,YES,YES,5m,1.00,0.00,0.50,NEUTRAL,1.00,NORMAL,92.05,EXTREME_TREND,NO,⛔ ADX too high (92.05) - Market trending (EXTREME_TREND); Max ADX for entry: 6
2026-08-19T15:55:43.229Z,68386.48,46.20,NEUTRAL,FLAT,YES,YES,5m,1.00,0.00,0.50,NEUTRAL,1.00,NORMAL,53.15,STRONG_TREND,NO,⛔ ADX too high (53.15) - Market trending (STRONG_TREND); Max ADX for entry: 6
2026-08-19T15:55:53.228Z,68475.75,46.38,NEUTRAL,FLAT,YES,YES,10s,1.00,0.00,0.50,NEUTRAL,1.00,NORMAL,54.89,STRONG_TREND,NO,⛔ ADX too high (54.89) - Market trending (STRONG_TREND); Max ADX for entry: 6
2026-08-19T15:56:03.227Z,68483.96,47.12,NEUTRAL,FLAT,YES,YES,5m,1.00,0.00,0.50,NEUTRAL,1.00,NORMAL,46.03,TRENDING,NO,⛔ ADX too high (46.03) - Market trending (TRENDING); Max ADX for entry: 6
2026-08-19T15:56:13.243Z,68440.13,47.11,NEUTRAL,FALLING,YES,YES,10s,1.00,0.00,0.50,NEUTRAL,1.00,NORMAL,38.42,TRENDING,NO,⛔ ADX too high (38.42) - Market trending (TRENDING); Max ADX for entry: 6
2026-08-19T15:56:23.234Z,68405.69,45.27,NEUTRAL,FLAT,YES,YES,1m,1.00,0.00,0.50,NEUTRAL,1.00,NORMAL,40.67,TRENDING,NO,⛔ ADX too high (40.67) - Market trending (TRENDING); Max ADX for entry: 6
2026-08-19T15:56:33.230Z,68413.14,46.30,NEUTRAL,FLAT,YES,YES,30s,1.00,0.00,0.50,NEUTRAL,1.00,NORMAL,34.20,TRENDING,NO,⛔ ADX too high (34.20) - Market trending (TRENDING); Max ADX for entry: 6
2026-08-19T15:56:43.229Z,68384.08,46.16,NEUTRAL,FLAT,YES,YES,1h,1.00,0.00,0.50,NEUTRAL,1.00,NORMAL,39.36,TRENDING,NO,⛔ ADX too high (39.36) - Market trending (TRENDING); Max ADX for entry: 6
2026-08-19T15:56:53.230Z,68428.36,49.50,NEUTRAL,FLAT,YES,YES,1m,1.00,0.00,0.50,NEUTRAL,1.00,NORMAL,68.23,STRONG_TREND,NO,⛔ ADX too high (68.23) - Market trending (STRONG_TREND); Max ADX for entry: 6
2026-08-19T15:57:03.244Z,68456.16,51.12,NEUTRAL,FLAT,YES,YES,1m,1.00,0.00,0.50,NEUTRAL,1.00,NORMAL,100.00,EXTREME_TREND,NO,⛔ ADX too high (100.00) - Market trending (EXTREME_TREND); Max ADX for entry: 6
2026-08-19T15:57:13.231Z,68484.04,51.83,NEUTRAL,FLAT,YES,YES,10s,1.00,0.00,0.50,NEUTRAL,1.00,NORMAL,72.42,STRONG_TREND,NO,⛔ ADX too high (72.42) - Market trending (STRONG_TREND); Max ADX for entry: 6
2026-08-19T15:57:23.677Z,68465.60,50.79,NEUTRAL,FLAT,YES,YES,30s,1.00,0.00,0.50,NEUTRAL,1.00,NORMAL,37.45,TRENDING,NO,⛔ ADX too high (37.45) - Market trending (TRENDING); Max ADX for entry: 6
2026-08-19T15:57:33.231Z,68469.93,49.11,NEUTRAL,FLAT,YES,YES,5m,1.00,0.75,0.50,NEUTRAL,1.00,NORMAL,5.18,RANGING,NO,RSI neutral (49.1)
2026-08-19T15:57:43.227Z,68480.69,51.04,NEUTRAL,FLAT,YES,YES,10s,1.00,0.00,0.50,NEUTRAL,1.00,NORMAL,85.86,EXTREME_TREND,NO,⛔ ADX too high (85.86) - Market trending (EXTREME_TREND); Max ADX for entry: 6
2026-08-19T15:57:53.229Z,68468.88,51.36,NEUTRAL,FLAT,YES,YES,10s,1.00,0.00,0.50,NEUTRAL,1.00,NORMAL,47.76,TRENDING,NO,⛔ ADX too high (47.76) - Market trending (TRENDING); Max ADX for entry: 6
2026-08-19T15:58:03.232Z,68464.10,52.19,NEUTRAL,FLAT,YES,YES,1m,1.00,0.00,0.50,NEUTRAL,1.00,NORMAL,99.83,EXTREME_TREND,NO,⛔ ADX too high (99.83) - Market trending (EXTREME_TREND); Max ADX for entry: 6
2026-08-19T15:58:13.229Z,68470.94,52.89,NEUTRAL,FLAT,YES,YES,30s,1.00,0.75,0.50,NEUTRAL,1.00,NORMAL,3.16,RANGING,NO,RSI neutral (52.9)
2026-08-19T15:58:23.238Z,68468.34,52.81,NEUTRAL,FLAT,YES,YES,15m,1.00,0.00,0.50,NEUTRAL,1.00,NORMAL,25.01,TRENDING,NO,⛔ ADX too high (25.01) - Market trending (TRENDING); Max ADX for entry: 6
2026-08-19T15:58:33.233Z,68504.29,56.37,NEUTRAL,FLAT,YES,YES,15m,1.00,0.00,0.50,NEUTRAL,1.00,NORMAL,66.83,STRONG_TREND,NO,⛔ ADX too high (66.83) - Market trending (STRONG_TREND); Max ADX for entry: 6
2026-08-19T15:58:43.229Z,68490.14,55.35,NEUTRAL,FLAT,YES,YES,30s,1.00,0.00,0.50,NEUTRAL,1.00,NORMAL,22.41,TRANSITION,NO,⛔ ADX too high (22.41) - Market trending (TRANSITION); Max ADX for entry: 6
2026-08-19T15:58:53.229Z,68480.32,54.72,NEUTRAL,FLAT,YES,YES,10s,1.00,0.00,0.50,NEUTRAL,1.00,NORMAL,57.27,STRONG_TREND,NO,⛔ ADX too high (57.27) - Market trending (STRONG_TREND); Max ADX for entry: 6
2026-08-19T15:59:03.227Z,68509.60,56.38,NEUTRAL,FLAT,YES,YES,15m,1.00,0.00,0.50,NEUTRAL,1.00,NORMAL,99.98,EXTREME_TREND,NO,⛔ ADX too high (99.98) - Market trending (EXTREME_TREND); Max ADX for entry: 6
2026-08-19T19:15:23.481Z,68194.27,39.45,OVERSOLD,FLAT,YES,YES,5m,1.00,0.00,0.50,BEARISH,1.00,NORMAL,44.63,TRENDING,NO,⛔ ADX too high (44.63) - Market trending (TRENDING); Max ADX for entry: 6
2026-08-19T19:15:33.495Z,68165.93,38.77,OVERSOLD,FLAT,YES,YES,30s,1.00,0.00,0.50,BEARISH,1.00,NORMAL,59.64,STRONG_TREND,NO,⛔ ADX too high (59.64) - Market trending (STRONG_TREND); Max ADX for entry: 6
2026-08-19T19:15:43.498Z,68162.48,38.54,OVERSOLD,FLAT,YES,YES,10s,1.00,0.00,0.50,NEUTRAL,1.00,NORMAL,14.69,RANGING,NO,⛔ ADX too high (14.69) - Market trending (RANGING); Max ADX for entry: 6
2026-08-19T19:15:53.483Z,68194.68,39.03,OVERSOLD,FLAT,YES,YES,30s,1.00,0.00,0.50,NEUTRAL,1.00,NORMAL,53.59,STRONG_TREND,NO,⛔ ADX too high (53.59) - Market trending (STRONG_TREND); Max ADX for entry: 6
2026-08-19T19:16:03.482Z,68197.99,39.25,OVERSOLD,FLAT,YES,YES,30s,1.00,0.00,0.50,NEUTRAL,1.00,NORMAL,99.97,EXTREME_TREND,NO,⛔ ADX too high (99.97) - Market trending (EXTREME_TREND); Max ADX for entry: 6
2026-08-19T19:16:13.484Z,68216.92,39.71,OVERSOLD,FLAT,YES,YES,10s,1.00,0.00,0.50,NEUTRAL,1.00,NORMAL,100.00,EXTREME_TREND,NO,⛔ ADX too high (100.00) - Market trending (EXTREME_TREND); Max ADX for entry: 6
2026-08-19T19:16:23.484Z,68210.00,38.77,OVERSOLD,FLAT,YES,YES,30s,1.00,0.00,0.50,NEUTRAL,1.00,NORMAL,100.00,EXTREME_TREND,NO,⛔ ADX too high (100.00) - Market trending (EXTREME_TREND); Max ADX for entry: 6
2026-08-19T19:16:33.483Z,68204.54,38.35,OVERSOLD,FLAT,YES,YES,30s,1.00,0.00,0.50,NEUTRAL,1.00,NORMAL,7.33,RANGING,NO,⛔ ADX too high (7.33) - Market trending (RANGING); Max ADX for entry: 6
2026-08-19T19:16:43.481Z,68202.22,37.73,OVERSOLD,FLAT,YES,YES,1m,1.00,0.00,0.50,NEUTRAL,1.00,NORMAL,79.93,EXTREME_TREND,NO,⛔ ADX too high (79.93) - Market trending (EXTREME_TREND); Max ADX for entry: 6
2026-08-19T19:16:53.498Z,68235.45,39.86,OVERSOLD,RISING,YES,YES,5m,1.00,0.00,0.50,NEUTRAL,1.00,NORMAL,98.54,EXTREME_TREND,NO,⛔ ADX too high (98.54) - Market trending (EXTREME_TREND); Max ADX for entry: 6
2026-08-19T19:17:03.491Z,68228.00,39.78,OVERSOLD,FLAT,YES,YES,30s,1.00,0.00,0.50,NEUTRAL,1.00,NORMAL,42.52,TRENDING,NO,⛔ ADX too high (42.52) - Market trending (TRENDING); Max ADX for entry: 6
2026-08-19T19:17:13.485Z,68226.83,40.22,NEUTRAL,FLAT,YES,YES,10s,1.00,0.00,0.50,NEUTRAL,1.00,NORMAL,70.32,STRONG_TREND,NO,⛔ ADX too high (70.32) - Market trending (STRONG_TREND); Max ADX for entry: 6
2026-08-19T19:17:23.487Z,68217.52,39.92,OVERSOLD,FLAT,YES,YES,10s,1.00,0.00,0.50,NEUTRAL,1.00,NORMAL,28.90,TRENDING,NO,⛔ ADX too high (28.90) - Market trending (TRENDING); Max ADX for entry: 6
2026-08-19T19:17:33.484Z,68283.11,43.45,NEUTRAL,FLAT,YES,YES,5m,1.00,0.00,0.50,NEUTRAL,1.00,NORMAL,54.40,STRONG_TREND,NO,⛔ ADX too high (54.40) - Market trending (STRONG_TREND); Max ADX for entry: 6
2026-08-19T19:17:43.485Z,68288.00,43.70,NEUTRAL,FLAT,YES,YES,30s,1.00,0.00,0.50,NEUTRAL,1.00,NORMAL,99.75,EXTREME_TREND,NO,⛔ ADX too high (99.75) - Market trending (EXTREME_TREND); Max ADX for entry: 6
2026-08-19T19:17:53.484Z,68276.21,43.01,NEUTRAL,FLAT,YES,YES,30s,1.00,0.00,0.50,NEUTRAL,1.00,NORMAL,99.97,EXTREME_TREND,NO,⛔ ADX too high (99.97) - Market trending (EXTREME_TREND); Max ADX for entry: 6
2026-08-19T19:18:03.499Z,68290.05,43.63,NEUTRAL,FLAT,YES,YES,10s,1.00,0.00,0.50,NEUTRAL,1.00,NORMAL,70.17,STRONG_TREND,NO,⛔ ADX too high (70.17) - Market trending (STRONG_TREND); Max ADX for entry: 6
2026-08-19T19:18:13.497Z,68304.00,43.57,NEUTRAL,FLAT,YES,YES,10s,1.00,0.00,0.50,NEUTRAL,1.00,NORMAL,43.54,TRENDING,NO,⛔ ADX too high (43.54) - Market trending (TRENDING); Max ADX for entry: 6
2026-08-19T19:18:23.485Z,68321.35,44.80,NEUTRAL,FLAT,YES,YES,5m,1.00,0.00,0.50,NEUTRAL,1.00,NORMAL,99.73,EXTREME_TREND,NO,⛔ ADX too high (99.73) - Market trending (EXTREME_TREND); Max ADX for entry: 6
2026-08-19T19:18:33.511Z,68323.85,45.05,NEUTRAL,FLAT,YES,YES,10s,1.00,0.00,0.50,NEUTRAL,1.00,NORMAL,99.96,EXTREME_TREND,NO,⛔ ADX too high (99.96) - Market trending (EXTREME_TREND); Max ADX for entry: 6
2026-08-19T21:31:53.722Z,69782.26,57.11,NEUTRAL,FLAT,YES,YES,1m,1.00,0.00,0.50,NEUTRAL,1.00,NORMAL,47.85,TRENDING,NO,⛔ ADX too high (47.85) - Market trending (TRENDING); Max ADX for entry: 6
2026-08-20T05:42:24.673Z,69531.90,37.23,OVERSOLD,FLAT,YES,YES,10s,1.00,0.00,0.50,NEUTRAL,1.00,NORMAL,21.11,TRANSITION,NO,⛔ ADX too high (21.11) - Market trending (TRANSITION); Max ADX for entry: 6
2026-08-20T05:42:34.675Z,69535.71,40.27,NEUTRAL,FLAT,YES,YES,5m,1.00,0.00,0.50,NEUTRAL,1.00,NORMAL,97.47,EXTREME_TREND,NO,⛔ ADX too high (97.47) - Market trending (EXTREME_TREND); Max ADX for entry: 6
2026-08-20T05:42:44.678Z,69533.28,40.02,NEUTRAL,FLAT,YES,YES,10s,1.00,0.00,0.50,NEUTRAL,1.00,NORMAL,65.00,STRONG_TREND,NO,⛔ ADX too high (65.00) - Market trending (STRONG_TREND); Max ADX for entry: 6
2026-08-20T05:42:54.676Z,69557.97,44.40,NEUTRAL,FLAT,YES,YES,10s,1.00,0.00,0.50,NEUTRAL,1.00,NORMAL,90.05,EXTREME_TREND,NO,⛔ ADX too high (90.05) - Market trending (EXTREME_TREND); Max ADX for entry: 6
2026-08-20T05:43:04.672Z,69548.10,44.22,NEUTRAL,FLAT,YES,YES,30s,1.00,0.00,0.50,NEUTRAL,1.00,NORMAL,63.45,STRONG_TREND,NO,⛔ ADX too high (63.45) - Market trending (STRONG_TREND); Max ADX for entry: 6
2026-08-20T05:43:14.676Z,69546.99,45.10,NEUTRAL,FLAT,YES,YES,10s,1.00,0.00,0.50,NEUTRAL,1.00,NORMAL,100.00,EXTREME_TREND,NO,⛔ ADX too high (100.00) - Market trending (EXTREME_TREND); Max ADX for entry: 6
2026-08-20T05:43:24.675Z,69551.99,47.70,NEUTRAL,FLAT,YES,YES,10s,1.00,0.00,0.50,NEUTRAL,1.00,NORMAL,46.28,TRENDING,NO,⛔ ADX too high (46.28) - Market trending (TRENDING); Max ADX for entry: 6
2026-08-20T05:43:34.677Z,69548.94,47.16,NEUTRAL,FLAT,YES,YES,10s,1.00,0.00,0.50,NEUTRAL,1.00,NORMAL,98.82,EXTREME_TREND,NO,⛔ ADX too high (98.82) - Market trending (EXTREME_TREND); Max ADX for entry: 6
2026-08-20T05:43:44.677Z,69561.99,51.09,NEUTRAL,RISING,YES,YES,15m,1.00,0.00,0.50,NEUTRAL,1.00,NORMAL,97.76,EXTREME_TREND,NO,⛔ ADX too high (97.76) - Market trending (EXTREME_TREND); Max ADX for entry: 6
2026-08-20T05:43:54.676Z,69551.24,47.37,NEUTRAL,FLAT,YES,YES,1h,1.00,0.00,0.50,NEUTRAL,1.00,NORMAL,99.64,EXTREME_TREND,NO,⛔ ADX too high (99.64) - Market trending (EXTREME_TREND); Max ADX for entry: 6
2026-08-20T05:44:04.677Z,69547.01,47.50,NEUTRAL,FLAT,YES,YES,10s,1.00,0.00,0.50,NEUTRAL,1.00,NORMAL,70.71,STRONG_TREND,NO,⛔ ADX too high (70.71) - Market trending (STRONG_TREND); Max ADX for entry: 6
2026-08-20T05:44:14.679Z,69544.45,47.55,NEUTRAL,FLAT,YES,YES,10s,1.00,0.00,0.50,NEUTRAL,1.00,NORMAL,96.10,EXTREME_TREND,NO,⛔ ADX too high (96.10) - Market trending (EXTREME_TREND); Max ADX for entry: 6
2026-08-20T05:44:24.679Z,69543.46,49.26,NEUTRAL,FLAT,YES,YES,1h,1.00,0.00,0.50,NEUTRAL,1.00,NORMAL,96.82,EXTREME_TREND,NO,⛔ ADX too high (96.82) - Market trending (EXTREME_TREND); Max ADX for entry: 6
2026-08-20T05:44:34.679Z,69554.00,50.00,NEUTRAL,FLAT,YES,YES,10s,1.00,0.00,0.50,NEUTRAL,1.00,NORMAL,95.24,EXTREME_TREND,NO,⛔ ADX too high (95.24) - Market trending (EXTREME_TREND); Max ADX for entry: 6
2026-08-20T05:44:44.680Z,69552.53,50.23,NEUTRAL,FLAT,YES,YES,30s,1.00,0.00,0.50,NEUTRAL,1.00,NORMAL,99.52,EXTREME_TREND,NO,⛔ ADX too high (99.52) - Market trending (EXTREME_TREND); Max ADX for entry: 6
2026-08-20T05:44:54.679Z,69552.88,49.99,NEUTRAL,FALLING,YES,YES,10s,1.00,0.00,0.50,NEUTRAL,1.00,NORMAL,98.95,EXTREME_TREND,NO,⛔ ADX too high (98.95) - Market trending (EXTREME_TREND); Max ADX for entry: 6
2026-08-20T05:45:04.679Z,69544.01,52.74,NEUTRAL,FALLING,YES,YES,10s,1.00,0.00,0.50,NEUTRAL,1.00,NORMAL,67.33,STRONG_TREND,NO,⛔ ADX too high (67.33) - Market trending (STRONG_TREND); Max ADX for entry: 6
2026-08-20T05:45:14.678Z,69537.77,53.22,NEUTRAL,FLAT,YES,YES,10s,1.00,0.00,0.50,NEUTRAL,1.00,NORMAL,99.76,EXTREME_TREND,NO,⛔ ADX too high (99.76) - Market trending (EXTREME_TREND); Max ADX for entry: 6
2026-08-20T05:45:24.674Z,69535.65,50.35,NEUTRAL,FLAT,YES,YES,10s,1.00,0.00,0.50,NEUTRAL,1.00,NORMAL,98.51,EXTREME_TREND,NO,⛔ ADX too high (98.51) - Market trending (EXTREME_TREND); Max ADX for entry: 6
2026-08-20T05:45:34.680Z,69543.05,50.63,NEUTRAL,FLAT,YES,YES,10s,1.00,0.00,0.50,NEUTRAL,1.00,NORMAL,97.91,EXTREME_TREND,NO,⛔ ADX too high (97.91) - Market trending (EXTREME_TREND); Max ADX for entry: 6
2026-08-20T05:45:44.690Z,69530.01,50.00,NEUTRAL,FLAT,YES,YES,5m,1.00,0.00,0.50,NEUTRAL,1.00,NORMAL,30.30,TRENDING,NO,⛔ ADX too high (30.30) - Market trending (TRENDING); Max ADX for entry: 6
2026-08-20T05:45:54.680Z,69528.34,46.88,NEUTRAL,FLAT,YES,YES,30s,1.00,0.00,0.50,NEUTRAL,1.00,NORMAL,99.85,EXTREME_TREND,NO,⛔ ADX too high (99.85) - Market trending (EXTREME_TREND); Max ADX for entry: 6
2026-08-20T05:46:04.678Z,69527.46,48.60,NEUTRAL,FLAT,YES,YES,30s,1.00,0.00,0.50,NEUTRAL,1.00,NORMAL,97.17,EXTREME_TREND,NO,⛔ ADX too high (97.17) - Market trending (EXTREME_TREND); Max ADX for entry: 6
2026-08-20T05:46:14.680Z,69510.20,46.86,NEUTRAL,FLAT,YES,YES,10s,1.00,0.00,0.50,NEUTRAL,1.00,NORMAL,17.48,RANGING,NO,⛔ ADX too high (17.48) - Market trending (RANGING); Max ADX for entry: 6
2026-08-20T05:46:24.690Z,69507.92,47.17,NEUTRAL,FLAT,YES,YES,1h,1.00,0.00,0.50,NEUTRAL,1.00,NORMAL,68.33,STRONG_TREND,NO,⛔ ADX too high (68.33) - Market trending (STRONG_TREND); Max ADX for entry: 6
2026-08-20T05:46:34.696Z,69505.33,46.71,NEUTRAL,FLAT,YES,YES,1h,1.00,0.00,0.50,NEUTRAL,1.00,NORMAL,57.03,STRONG_TREND,NO,⛔ ADX too high (57.03) - Market trending (STRONG_TREND); Max ADX for entry: 6
2026-08-20T05:46:44.692Z,69506.02,45.92,NEUTRAL,FLAT,YES,YES,10s,1.00,0.00,0.50,NEUTRAL,1.00,NORMAL,99.87,EXTREME_TREND,NO,⛔ ADX too high (99.87) - Market trending (EXTREME_TREND); Max ADX for entry: 6
2026-08-20T05:46:54.685Z,69500.01,44.26,NEUTRAL,FLAT,YES,YES,1h,1.00,0.00,0.50,NEUTRAL,1.00,NORMAL,19.72,RANGING,NO,⛔ ADX too high (19.72) - Market trending (RANGING); Max ADX for entry: 6
2026-08-20T05:47:04.682Z,69495.99,42.68,NEUTRAL,RISING,YES,YES,10s,1.00,0.00,0.50,NEUTRAL,1.00,NORMAL,99.49,EXTREME_TREND,NO,⛔ ADX too high (99.49) - Market trending (EXTREME_TREND); Max ADX for entry: 6
2026-08-20T05:47:14.681Z,69496.46,43.14,NEUTRAL,FLAT,YES,YES,10s,1.00,0.00,0.50,NEUTRAL,1.00,NORMAL,12.53,RANGING,NO,⛔ ADX too high (12.53) - Market trending (RANGING); Max ADX for entry: 6
2026-08-20T05:47:24.680Z,69489.61,42.97,NEUTRAL,RISING,YES,YES,10s,1.00,0.00,0.50,NEUTRAL,1.00,NORMAL,15.77,RANGING,NO,⛔ ADX too high (15.77) - Market trending (RANGING); Max ADX for entry: 6
2026-08-20T05:47:34.681Z,69497.39,43.49,NEUTRAL,FLAT,YES,YES,1m,1.00,0.00,0.50,NEUTRAL,1.00,NORMAL,68.28,STRONG_TREND,NO,⛔ ADX too high (68.28) - Market trending (STRONG_TREND); Max ADX for entry: 6
2026-08-20T05:47:44.695Z,69467.26,40.24,NEUTRAL,FLAT,YES,YES,10s,1.00,0.00,0.50,NEUTRAL,1.00,NORMAL,60.90,STRONG_TREND,NO,⛔ ADX too high (60.90) - Market trending (STRONG_TREND); Max ADX for entry: 6
2026-08-20T05:47:55.177Z,69456.01,34.31,OVERSOLD,FLAT,YES,YES,1h,1.00,0.00,0.50,NEUTRAL,1.00,NORMAL,54.88,STRONG_TREND,NO,⛔ ADX too high (54.88) - Market trending (STRONG_TREND); Max ADX for entry: 6
2026-08-20T05:48:04.683Z,69414.33,31.24,OVERSOLD,FLAT,YES,YES,10s,1.00,0.00,0.50,NEUTRAL,1.00,NORMAL,58.17,STRONG_TREND,NO,⛔ ADX too high (58.17) - Market trending (STRONG_TREND); Max ADX for entry: 6
2026-08-20T05:48:14.692Z,69418.00,32.90,OVERSOLD,FLAT,YES,YES,1h,1.00,0.00,0.50,NEUTRAL,1.00,NORMAL,100.00,EXTREME_TREND,NO,⛔ ADX too high (100.00) - Market trending (EXTREME_TREND); Max ADX for entry: 6
2026-08-20T05:48:24.708Z,69421.37,33.31,OVERSOLD,FLAT,YES,YES,10s,1.00,0.00,0.50,NEUTRAL,1.00,NORMAL,6.39,RANGING,NO,⛔ ADX too high (6.39) - Market trending (RANGING); Max ADX for entry: 6
2026-08-20T05:48:34.684Z,69404.01,32.13,OVERSOLD,FALLING,YES,YES,1h,1.00,0.00,0.50,NEUTRAL,1.00,NORMAL,43.88,TRENDING,NO,⛔ ADX too high (43.88) - Market trending (TRENDING); Max ADX for entry: 6
2026-08-20T05:48:44.686Z,69461.15,38.90,OVERSOLD,RISING,YES,YES,1m,1.00,0.00,0.50,NEUTRAL,1.00,NORMAL,100.00,EXTREME_TREND,NO,⛔ ADX too high (100.00) - Market trending (EXTREME_TREND); Max ADX for entry: 6
2026-08-20T05:48:54.687Z,69442.97,38.60,OVERSOLD,FLAT,YES,YES,30s,1.00,0.00,0.50,NEUTRAL,1.00,NORMAL,68.55,STRONG_TREND,NO,⛔ ADX too high (68.55) - Market trending (STRONG_TREND); Max ADX for entry: 6
2026-08-20T05:49:04.688Z,69422.24,37.15,OVERSOLD,FLAT,YES,YES,30s,1.00,0.00,0.50,NEUTRAL,1.00,NORMAL,49.97,TRENDING,NO,⛔ ADX too high (49.97) - Market trending (TRENDING); Max ADX for entry: 6
2026-08-20T05:49:14.687Z,69435.39,39.06,OVERSOLD,FLAT,YES,YES,10s,1.00,0.00,0.50,NEUTRAL,1.00,NORMAL,99.83,EXTREME_TREND,NO,⛔ ADX too high (99.83) - Market trending (EXTREME_TREND); Max ADX for entry: 6
2026-08-20T05:49:24.689Z,69428.67,38.70,OVERSOLD,FLAT,YES,YES,1m,1.00,0.00,0.50,NEUTRAL,1.00,NORMAL,12.72,RANGING,NO,⛔ ADX too high (12.72) - Market trending (RANGING); Max ADX for entry: 6
2026-08-20T05:49:34.688Z,69429.04,37.79,OVERSOLD,FLAT,YES,YES,10s,1.00,0.00,0.50,NEUTRAL,1.00,NORMAL,57.37,STRONG_TREND,NO,⛔ ADX too high (57.37) - Market trending (STRONG_TREND); Max ADX for entry: 6
2026-08-20T05:49:44.689Z,69404.01,36.13,OVERSOLD,FLAT,YES,YES,1h,1.00,0.00,0.50,NEUTRAL,1.00,NORMAL,29.59,TRENDING,NO,⛔ ADX too high (29.59) - Market trending (TRENDING); Max ADX for entry: 6
2026-08-20T05:49:54.688Z,69394.02,35.30,OVERSOLD,FLAT,YES,YES,1h,1.00,0.00,0.50,NEUTRAL,1.00,NORMAL,99.93,EXTREME_TREND,NO,⛔ ADX too high (99.93) - Market trending (EXTREME_TREND); Max ADX for entry: 6
2026-08-20T05:50:04.688Z,69392.01,35.76,OVERSOLD,FLAT,YES,YES,30s,1.00,0.00,0.50,NEUTRAL,1.00,NORMAL,100.00,EXTREME_TREND,NO,⛔ ADX too high (100.00) - Market trending (EXTREME_TREND); Max ADX for entry: 6
2026-08-20T05:50:14.684Z,69389.75,36.60,OVERSOLD,FLAT,YES,YES,30s,1.00,0.00,0.50,NEUTRAL,1.00,NORMAL,99.43,EXTREME_TREND,NO,⛔ ADX too high (99.43) - Market trending (EXTREME_TREND); Max ADX for entry: 6
2026-08-20T08:12:34.979Z,70935.94,60.18,OVERBOUGHT,FLAT,YES,YES,5m,1.00,0.00,0.50,NEUTRAL,1.00,NORMAL,84.96,EXTREME_TREND,NO,⛔ ADX too high (84.96) - Market trending (EXTREME_TREND); Max ADX for entry: 6
2026-08-20T08:12:44.978Z,71035.56,60.68,OVERBOUGHT,FLAT,YES,YES,30s,1.00,0.00,0.50,NEUTRAL,1.00,NORMAL,53.15,STRONG_TREND,NO,⛔ ADX too high (53.15) - Market trending (STRONG_TREND); Max ADX for entry: 6
2026-08-20T08:12:54.979Z,70970.59,58.89,NEUTRAL,FLAT,YES,YES,5m,1.00,0.00,0.50,NEUTRAL,1.00,NORMAL,30.00,TRENDING,NO,⛔ ADX too high (30.00) - Market trending (TRENDING); Max ADX for entry: 6
2026-08-20T08:13:04.979Z,71048.61,60.10,OVERBOUGHT,FLAT,YES,YES,1m,1.00,0.00,0.50,NEUTRAL,1.00,NORMAL,53.95,STRONG_TREND,NO,⛔ ADX too high (53.95) - Market trending (STRONG_TREND); Max ADX for entry: 6
2026-08-20T08:13:14.986Z,71080.00,61.04,OVERBOUGHT,FLAT,YES,YES,1m,1.00,0.00,0.50,NEUTRAL,1.00,NORMAL,21.82,TRANSITION,NO,⛔ ADX too high (21.82) - Market trending (TRANSITION); Max ADX for entry: 6
2026-08-20T08:13:24.981Z,71048.00,60.47,OVERBOUGHT,FLAT,YES,YES,30s,1.00,0.00,0.50,NEUTRAL,1.00,NORMAL,21.63,TRANSITION,NO,⛔ ADX too high (21.63) - Market trending (TRANSITION); Max ADX for entry: 6
2026-08-20T08:13:35.003Z,71116.01,61.45,OVERBOUGHT,FLAT,YES,YES,10s,1.00,0.00,0.50,NEUTRAL,1.00,NORMAL,29.58,TRENDING,NO,⛔ ADX too high (29.58) - Market trending (TRENDING); Max ADX for entry: 6
2026-08-20T08:13:44.969Z,71158.00,61.72,OVERBOUGHT,FLAT,NO,NO,none,0.00,0.00,0.50,NEUTRAL,1.00,NORMAL,45.00,TRENDING,NO,⛔ ADX too high (45.00) - Market trending (TRENDING); Max ADX for entry: 6
2026-08-20T08:13:54.978Z,71278.81,62.80,OVERBOUGHT,FLAT,YES,YES,10s,0.93,0.00,0.50,BULLISH,1.00,NORMAL,16.21,RANGING,NO,⛔ ADX too high (16.21) - Market trending (RANGING); Max ADX for entry: 6
2026-08-20T08:14:04.966Z,71278.00,61.96,OVERBOUGHT,FLAT,NO,NO,none,0.00,0.00,0.50,BULLISH,1.00,NORMAL,42.20,TRENDING,NO,⛔ ADX too high (42.20) - Market trending (TRENDING); Max ADX for entry: 6
2026-08-20T08:14:15.411Z,71276.99,60.74,OVERBOUGHT,FLAT,YES,YES,10s,1.00,0.00,0.50,BULLISH,1.00,NORMAL,55.75,STRONG_TREND,NO,⛔ ADX too high (55.75) - Market trending (STRONG_TREND); Max ADX for entry: 6
2026-08-20T08:14:24.974Z,71288.30,57.86,NEUTRAL,FLAT,YES,YES,10s,1.00,0.00,0.50,BULLISH,1.00,NORMAL,30.69,TRENDING,NO,⛔ ADX too high (30.69) - Market trending (TRENDING); Max ADX for entry: 6
2026-08-20T08:14:34.965Z,71268.01,56.88,NEUTRAL,FLAT,YES,YES,1m,1.00,0.00,0.50,BULLISH,1.00,NORMAL,7.81,RANGING,NO,⛔ ADX too high (7.81) - Market trending (RANGING); Max ADX for entry: 6
2026-08-20T08:14:44.965Z,71349.99,59.02,NEUTRAL,FLAT,NO,NO,none,0.00,0.00,0.50,BULLISH,1.00,NORMAL,40.59,TRENDING,NO,⛔ ADX too high (40.59) - Market trending (TRENDING); Max ADX for entry: 6
2026-08-20T08:14:54.977Z,71300.68,57.82,NEUTRAL,FLAT,YES,YES,30s,1.00,0.00,0.50,BULLISH,1.00,NORMAL,50.97,STRONG_TREND,NO,⛔ ADX too high (50.97) - Market trending (STRONG_TREND); Max ADX for entry: 6
2026-08-20T08:15:04.966Z,71217.69,57.09,NEUTRAL,FALLING,YES,YES,5m,1.00,0.00,0.50,NEUTRAL,1.00,NORMAL,99.97,EXTREME_TREND,NO,⛔ ADX too high (99.97) - Market trending (EXTREME_TREND); Max ADX for entry: 6
2026-08-20T08:15:14.983Z,71218.91,57.62,NEUTRAL,FLAT,YES,YES,30s,1.00,0.00,0.50,NEUTRAL,1.00,NORMAL,77.06,EXTREME_TREND,NO,⛔ ADX too high (77.06) - Market trending (EXTREME_TREND); Max ADX for entry: 6
2026-08-20T08:15:24.985Z,71192.10,56.93,NEUTRAL,FLAT,YES,YES,5m,1.00,0.00,0.50,NEUTRAL,1.00,NORMAL,49.00,TRENDING,NO,⛔ ADX too high (49.00) - Market trending (TRENDING); Max ADX for entry: 6
2026-08-20T08:15:34.985Z,71182.66,56.38,NEUTRAL,FLAT,YES,YES,10s,1.00,0.00,0.50,NEUTRAL,1.00,NORMAL,60.20,STRONG_TREND,NO,⛔ ADX too high (60.20) - Market trending (STRONG_TREND); Max ADX for entry: 6
2026-08-20T08:15:44.986Z,71064.00,53.36,NEUTRAL,FLAT,YES,YES,5m,1.00,0.00,0.50,NEUTRAL,1.00,NORMAL,47.02,TRENDING,NO,⛔ ADX too high (47.02) - Market trending (TRENDING); Max ADX for entry: 6
2026-08-20T08:15:54.997Z,71070.90,52.88,NEUTRAL,FLAT,YES,YES,10s,1.00,0.00,0.50,BEARISH,1.00,NORMAL,53.47,STRONG_TREND,NO,⛔ ADX too high (53.47) - Market trending (STRONG_TREND); Max ADX for entry: 6
2026-08-20T08:16:04.985Z,71032.71,52.56,NEUTRAL,FLAT,YES,YES,10s,1.00,0.00,0.50,BEARISH,1.00,NORMAL,82.50,EXTREME_TREND,NO,⛔ ADX too high (82.50) - Market trending (EXTREME_TREND); Max ADX for entry: 6
2026-08-20T08:16:14.992Z,71032.70,51.48,NEUTRAL,FLAT,YES,YES,30s,1.00,0.00,0.50,BEARISH,1.00,NORMAL,39.28,TRENDING,NO,⛔ ADX too high (39.28) - Market trending (TRENDING); Max ADX for entry: 6
2026-08-20T08:16:24.987Z,71032.29,51.31,NEUTRAL,FLAT,YES,YES,10s,1.00,0.00,0.50,BEARISH,1.00,NORMAL,39.28,TRENDING,NO,⛔ ADX too high (39.28) - Market trending (TRENDING); Max ADX for entry: 6
2026-08-20T08:16:34.987Z,71051.14,50.96,NEUTRAL,FLAT,YES,YES,10s,1.00,0.00,0.50,NEUTRAL,1.00,NORMAL,39.34,TRENDING,NO,⛔ ADX too high (39.34) - Market trending (TRENDING); Max ADX for entry: 6
2026-08-20T08:16:44.967Z,71032.71,50.01,NEUTRAL,FLAT,YES,YES,1m,1.00,0.00,0.50,NEUTRAL,1.00,NORMAL,49.32,TRENDING,NO,⛔ ADX too high (49.32) - Market trending (TRENDING); Max ADX for entry: 6
2026-08-20T08:16:54.981Z,71047.09,48.83,NEUTRAL,FLAT,YES,YES,10s,1.00,0.00,0.50,NEUTRAL,1.00,NORMAL,49.93,TRENDING,NO,⛔ ADX too high (49.93) - Market trending (TRENDING); Max ADX for entry: 6
2026-08-20T08:17:04.971Z,71030.01,49.11,NEUTRAL,FLAT,YES,YES,10s,1.00,0.00,0.50,NEUTRAL,1.00,NORMAL,50.61,STRONG_TREND,NO,⛔ ADX too high (50.61) - Market trending (STRONG_TREND); Max ADX for entry: 6
2026-08-20T08:17:14.972Z,71081.23,48.74,NEUTRAL,FLAT,YES,YES,10s,1.00,0.00,0.50,NEUTRAL,1.00,NORMAL,58.40,STRONG_TREND,NO,⛔ ADX too high (58.40) - Market trending (STRONG_TREND); Max ADX for entry: 6
2026-08-20T08:17:24.970Z,71227.19,52.68,NEUTRAL,FLAT,NO,NO,none,0.00,0.00,0.50,NEUTRAL,1.00,NORMAL,78.13,EXTREME_TREND,NO,⛔ ADX too high (78.13) - Market trending (EXTREME_TREND); Max ADX for entry: 6
2026-08-20T08:17:34.973Z,71313.63,55.51,NEUTRAL,FLAT,NO,NO,none,0.00,0.00,0.50,BULLISH,1.00,NORMAL,73.96,STRONG_TREND,NO,⛔ ADX too high (73.96) - Market trending (STRONG_TREND); Max ADX for entry: 6
2026-08-20T08:17:44.972Z,71490.00,57.12,NEUTRAL,RISING,NO,NO,none,0.00,0.00,0.50,BULLISH,1.00,NORMAL,85.78,EXTREME_TREND,NO,⛔ ADX too high (85.78) - Market trending (EXTREME_TREND); Max ADX for entry: 6
2026-08-20T08:17:54.972Z,71503.22,57.79,NEUTRAL,FLAT,YES,YES,30s,1.00,0.00,0.50,BULLISH,1.00,NORMAL,51.04,STRONG_TREND,NO,⛔ ADX too high (51.04) - Market trending (STRONG_TREND); Max ADX for entry: 6
2026-08-20T08:18:04.986Z,71440.00,55.99,NEUTRAL,FALLING,YES,YES,30s,1.00,0.00,0.50,BULLISH,1.00,NORMAL,71.14,STRONG_TREND,NO,⛔ ADX too high (71.14) - Market trending (STRONG_TREND); Max ADX for entry: 6
2026-08-20T08:18:14.986Z,71369.99,53.94,NEUTRAL,FLAT,YES,YES,1m,1.00,0.00,0.50,BULLISH,1.00,NORMAL,67.02,STRONG_TREND,NO,⛔ ADX too high (67.02) - Market trending (STRONG_TREND); Max ADX for entry: 6
2026-08-20T08:18:24.985Z,71342.00,54.03,NEUTRAL,FLAT,YES,YES,1m,1.00,0.00,0.50,BULLISH,1.00,NORMAL,34.02,TRENDING,NO,⛔ ADX too high (34.02) - Market trending (TRENDING); Max ADX for entry: 6
2026-08-20T08:18:34.973Z,71327.57,53.08,NEUTRAL,FLAT,YES,YES,10s,1.00,0.00,0.50,BULLISH,1.00,NORMAL,34.98,TRENDING,NO,⛔ ADX too high (34.98) - Market trending (TRENDING); Max ADX for entry: 6
2026-08-20T08:18:44.975Z,71327.73,52.34,NEUTRAL,FLAT,YES,YES,10s,1.00,0.00,0.50,BULLISH,1.00,NORMAL,13.91,RANGING,NO,⛔ ADX too high (13.91) - Market trending (RANGING); Max ADX for entry: 6
2026-08-20T08:18:54.990Z,71349.99,51.03,NEUTRAL,FLAT,YES,YES,10s,1.00,0.00,0.50,NEUTRAL,1.00,NORMAL,38.22,TRENDING,NO,⛔ ADX too high (38.22) - Market trending (TRENDING); Max ADX for entry: 6
2026-08-20T08:19:04.977Z,71326.89,51.35,NEUTRAL,FLAT,YES,YES,10s,1.00,0.00,0.50,NEUTRAL,1.00,NORMAL,7.29,RANGING,NO,⛔ ADX too high (7.29) - Market trending (RANGING); Max ADX for entry: 6
2026-08-20T08:19:14.976Z,71362.95,51.45,NEUTRAL,FLAT,YES,YES,1m,1.00,0.00,0.50,NEUTRAL,1.00,NORMAL,68.95,STRONG_TREND,NO,⛔ ADX too high (68.95) - Market trending (STRONG_TREND); Max ADX for entry: 6
2026-08-20T08:19:24.975Z,71372.04,51.38,NEUTRAL,FLAT,YES,YES,10s,1.00,0.00,0.50,NEUTRAL,1.00,NORMAL,52.72,STRONG_TREND,NO,⛔ ADX too high (52.72) - Market trending (STRONG_TREND); Max ADX for entry: 6
2026-08-20T08:19:34.977Z,71340.00,50.99,NEUTRAL,FLAT,YES,YES,10s,1.00,0.00,0.50,NEUTRAL,1.00,NORMAL,95.01,EXTREME_TREND,NO,⛔ ADX too high (95.01) - Market trending (EXTREME_TREND); Max ADX for entry: 6
2026-08-20T08:19:44.978Z,71328.01,49.54,NEUTRAL,FLAT,YES,YES,1m,1.00,0.00,0.50,NEUTRAL,1.00,NORMAL,86.34,EXTREME_TREND,NO,⛔ ADX too high (86.34) - Market trending (EXTREME_TREND); Max ADX for entry: 6
2026-08-20T08:19:54.990Z,71318.98,50.30,NEUTRAL,FLAT,YES,YES,30s,1.00,0.00,0.50,NEUTRAL,1.00,NORMAL,48.05,TRENDING,NO,⛔ ADX too high (48.05) - Market trending (TRENDING); Max ADX for entry: 6
2026-08-20T08:20:04.976Z,71306.66,51.56,NEUTRAL,FLAT,YES,YES,5m,1.00,0.00,0.50,NEUTRAL,1.00,NORMAL,38.38,TRENDING,NO,⛔ ADX too high (38.38) - Market trending (TRENDING); Max ADX for entry: 6
2026-08-20T08:20:14.976Z,71295.37,51.43,NEUTRAL,FLAT,YES,YES,30s,1.00,0.00,0.50,NEUTRAL,1.00,NORMAL,56.91,STRONG_TREND,NO,⛔ ADX too high (56.91) - Market trending (STRONG_TREND); Max ADX for entry: 6
2026-08-20T08:20:24.980Z,71295.45,51.73,NEUTRAL,FLAT,YES,YES,10s,1.00,0.00,0.50,NEUTRAL,1.00,NORMAL,24.45,TRANSITION,NO,⛔ ADX too high (24.45) - Market trending (TRANSITION); Max ADX for entry: 6
2026-08-20T08:20:34.979Z,71235.18,50.74,NEUTRAL,FLAT,YES,YES,5m,1.00,0.00,0.50,NEUTRAL,1.00,NORMAL,81.63,EXTREME_TREND,NO,⛔ ADX too high (81.63) - Market trending (EXTREME_TREND); Max ADX for entry: 6
2026-08-20T08:20:44.992Z,71250.40,53.25,NEUTRAL,RISING,YES,YES,10s,1.00,0.00,0.50,NEUTRAL,1.00,NORMAL,66.66,STRONG_TREND,NO,⛔ ADX too high (66.66) - Market trending (STRONG_TREND); Max ADX for entry: 6
2026-08-20T08:20:54.980Z,71263.43,53.30,NEUTRAL,FLAT,YES,YES,10s,1.00,0.00,0.50,NEUTRAL,1.00,NORMAL,38.18,TRENDING,NO,⛔ ADX too high (38.18) - Market trending (TRENDING); Max ADX for entry: 6
2026-08-20T08:21:04.981Z,71258.00,53.83,NEUTRAL,FLAT,YES,YES,10s,1.00,0.00,0.50,NEUTRAL,1.00,NORMAL,49.05,TRENDING,NO,⛔ ADX too high (49.05) - Market trending (TRENDING); Max ADX for entry: 6
2026-08-20T08:21:14.981Z,71150.01,52.09,NEUTRAL,FLAT,YES,YES,5m,1.00,0.00,0.50,NEUTRAL,1.00,NORMAL,24.80,TRANSITION,NO,⛔ ADX too high (24.80) - Market trending (TRANSITION); Max ADX for entry: 6
2026-08-20T08:21:24.981Z,71192.94,52.39,NEUTRAL,FLAT,YES,YES,30s,1.00,0.00,0.50,NEUTRAL,1.00,NORMAL,44.05,TRENDING,NO,⛔ ADX too high (44.05) - Market trending (TRENDING); Max ADX for entry: 6
2026-08-20T08:21:34.992Z,71132.01,50.95,NEUTRAL,FLAT,YES,YES,5m,1.00,0.00,0.50,NEUTRAL,1.00,NORMAL,44.90,TRENDING,NO,⛔ ADX too high (44.90) - Market trending (TRENDING); Max ADX for entry: 6
2026-08-20T08:21:44.984Z,71154.00,52.19,NEUTRAL,FLAT,YES,YES,1m,1.00,0.00,0.50,NEUTRAL,1.00,NORMAL,8.80,RANGING,NO,⛔ ADX too high (8.80) - Market trending (RANGING); Max ADX for entry: 6
2026-08-20T08:21:54.999Z,71142.50,51.76,NEUTRAL,FLAT,YES,YES,5m,1.00,0.00,0.50,NEUTRAL,1.00,NORMAL,62.70,STRONG_TREND,NO,⛔ ADX too high (62.70) - Market trending (STRONG_TREND); Max ADX for entry: 6
2026-08-20T08:22:04.999Z,71145.15,51.78,NEUTRAL,FLAT,YES,YES,1m,1.00,0.75,0.50,NEUTRAL,1.00,NORMAL,0.04,RANGING,NO,RSI neutral (51.8)
2026-08-20T08:22:15.000Z,71155.99,51.36,NEUTRAL,FLAT,YES,YES,30s,1.00,0.00,0.50,NEUTRAL,1.00,NORMAL,47.60,TRENDING,NO,⛔ ADX too high (47.60) - Market trending (TRENDING); Max ADX for entry: 6
2026-08-20T08:22:24.999Z,71154.00,48.58,NEUTRAL,FLAT,YES,YES,10s,1.00,0.00,0.50,NEUTRAL,1.00,NORMAL,10.90,RANGING,NO,⛔ ADX too high (10.90) - Market trending (RANGING); Max ADX for entry: 6
2026-08-20T08:22:35.004Z,71145.15,46.57,NEUTRAL,FLAT,YES,YES,10s,1.00,0.00,0.50,NEUTRAL,1.00,NORMAL,88.09,EXTREME_TREND,NO,⛔ ADX too high (88.09) - Market trending (EXTREME_TREND); Max ADX for entry: 6
2026-08-20T08:22:44.999Z,71182.75,43.27,NEUTRAL,FALLING,YES,YES,10s,1.00,0.00,0.50,NEUTRAL,1.00,NORMAL,56.20,STRONG_TREND,NO,⛔ ADX too high (56.20) - Market trending (STRONG_TREND); Max ADX for entry: 6
2026-08-20T08:22:54.999Z,71223.99,43.56,NEUTRAL,FLAT,YES,YES,10s,1.00,0.00,0.50,NEUTRAL,1.00,NORMAL,76.03,EXTREME_TREND,NO,⛔ ADX too high (76.03) - Market trending (EXTREME_TREND); Max ADX for entry: 6
2026-08-20T08:23:05.004Z,71174.00,43.42,NEUTRAL,RISING,YES,YES,30s,1.00,0.00,0.50,NEUTRAL,1.00,NORMAL,76.03,EXTREME_TREND,NO,⛔ ADX too high (76.03) - Market trending (EXTREME_TREND); Max ADX for entry: 6
2026-08-20T08:23:15.002Z,71153.58,44.28,NEUTRAL,FLAT,YES,YES,10s,1.00,0.00,0.50,NEUTRAL,1.00,NORMAL,85.52,EXTREME_TREND,NO,⛔ ADX too high (85.52) - Market trending (EXTREME_TREND); Max ADX for entry: 6
2026-08-20T08:23:24.986Z,71136.01,44.45,NEUTRAL,FLAT,YES,YES,15m,1.00,0.00,0.50,NEUTRAL,1.00,NORMAL,55.37,STRONG_TREND,NO,⛔ ADX too high (55.37) - Market trending (STRONG_TREND); Max ADX for entry: 6
2026-08-20T11:02:25.309Z,72118.83,67.23,OVERBOUGHT,FLAT,YES,YES,30s,1.00,0.00,0.50,NEUTRAL,1.00,NORMAL,95.54,EXTREME_TREND,NO,⛔ ADX too high (95.54) - Market trending (EXTREME_TREND); Max ADX for entry: 6
2026-08-20T11:02:35.305Z,72142.61,68.45,OVERBOUGHT,FLAT,NO,NO,none,0.00,0.00,0.50,NEUTRAL,1.00,NORMAL,10.51,RANGING,NO,⛔ ADX too high (10.51) - Market trending (RANGING); Max ADX for entry: 6
2026-08-20T11:02:45.304Z,72145.99,68.10,OVERBOUGHT,FLAT,YES,YES,10s,1.00,0.00,0.50,NEUTRAL,1.00,NORMAL,99.97,EXTREME_TREND,NO,⛔ ADX too high (99.97) - Market trending (EXTREME_TREND); Max ADX for entry: 6
2026-08-20T11:02:55.308Z,72141.07,66.09,OVERBOUGHT,FLAT,YES,YES,10s,1.00,0.00,0.50,NEUTRAL,1.00,NORMAL,99.71,EXTREME_TREND,NO,⛔ ADX too high (99.71) - Market trending (EXTREME_TREND); Max ADX for entry: 6
2026-08-20T11:03:05.306Z,72124.27,63.66,OVERBOUGHT,FLAT,YES,YES,5m,1.00,0.00,0.50,NEUTRAL,1.00,NORMAL,65.29,STRONG_TREND,NO,⛔ ADX too high (65.29) - Market trending (STRONG_TREND); Max ADX for entry: 6
2026-08-20T11:03:15.306Z,72114.40,61.80,OVERBOUGHT,FLAT,YES,YES,10s,1.00,0.00,0.50,NEUTRAL,1.00,NORMAL,99.89,EXTREME_TREND,NO,⛔ ADX too high (99.89) - Market trending (EXTREME_TREND); Max ADX for entry: 6
2026-08-20T11:03:25.287Z,72118.19,61.51,OVERBOUGHT,FLAT,YES,YES,30s,1.00,0.00,0.50,NEUTRAL,1.00,NORMAL,99.88,EXTREME_TREND,NO,⛔ ADX too high (99.88) - Market trending (EXTREME_TREND); Max ADX for entry: 6
2026-08-20T11:03:35.309Z,72109.31,62.58,OVERBOUGHT,FLAT,YES,YES,10s,1.00,0.00,0.50,NEUTRAL,1.00,NORMAL,10.91,RANGING,NO,⛔ ADX too high (10.91) - Market trending (RANGING); Max ADX for entry: 6
2026-08-20T11:03:45.308Z,72106.01,61.24,OVERBOUGHT,FLAT,YES,YES,10s,1.00,0.00,0.50,NEUTRAL,1.00,NORMAL,13.54,RANGING,NO,⛔ ADX too high (13.54) - Market trending (RANGING); Max ADX for entry: 6
2026-08-20T11:03:55.310Z,72120.00,61.96,OVERBOUGHT,FLAT,YES,YES,1m,1.00,0.00,0.50,NEUTRAL,1.00,NORMAL,19.70,RANGING,NO,⛔ ADX too high (19.70) - Market trending (RANGING); Max ADX for entry: 6
2026-08-20T11:04:05.311Z,72066.57,56.45,NEUTRAL,FALLING,YES,YES,5m,1.00,0.00,0.50,NEUTRAL,1.00,NORMAL,98.59,EXTREME_TREND,NO,⛔ ADX too high (98.59) - Market trending (EXTREME_TREND); Max ADX for entry: 6
2026-08-20T11:04:15.312Z,72084.00,57.26,NEUTRAL,FLAT,YES,YES,30s,1.00,0.00,0.50,NEUTRAL,1.00,NORMAL,99.91,EXTREME_TREND,NO,⛔ ADX too high (99.91) - Market trending (EXTREME_TREND); Max ADX for entry: 6
2026-08-20T13:32:15.603Z,71632.80,42.29,NEUTRAL,RISING,YES,YES,1m,1.00,0.00,0.50,NEUTRAL,1.00,NORMAL,11.90,RANGING,NO,⛔ ADX too high (11.90) - Market trending (RANGING); Max ADX for entry: 6
2026-08-20T13:32:25.604Z,71605.14,42.26,NEUTRAL,FLAT,YES,YES,30s,1.00,0.00,0.50,NEUTRAL,1.00,NORMAL,14.93,RANGING,NO,⛔ ADX too high (14.93) - Market trending (RANGING); Max ADX for entry: 6
2026-08-20T13:32:35.604Z,71620.00,42.21,NEUTRAL,FLAT,YES,YES,10s,1.00,0.00,0.50,NEUTRAL,1.00,NORMAL,50.58,STRONG_TREND,NO,⛔ ADX too high (50.58) - Market trending (STRONG_TREND); Max ADX for entry: 6
2026-08-20T13:32:45.604Z,71664.38,44.01,NEUTRAL,FLAT,YES,YES,10s,1.00,0.00,0.50,NEUTRAL,1.00,NORMAL,18.88,RANGING,NO,⛔ ADX too high (18.88) - Market trending (RANGING); Max ADX for entry: 6
2026-08-20T13:32:55.604Z,71640.01,43.84,NEUTRAL,FLAT,YES,YES,30s,1.00,0.00,0.50,NEUTRAL,1.00,NORMAL,15.10,RANGING,NO,⛔ ADX too high (15.10) - Market trending (RANGING); Max ADX for entry: 6
2026-08-20T13:33:05.628Z,71634.01,43.61,NEUTRAL,FLAT,YES,YES,30s,1.00,0.00,0.50,NEUTRAL,1.00,NORMAL,51.32,STRONG_TREND,NO,⛔ ADX too high (51.32) - Market trending (STRONG_TREND); Max ADX for entry: 6
2026-08-20T13:33:15.616Z,71648.00,43.60,NEUTRAL,FLAT,YES,YES,30s,1.00,0.00,0.50,NEUTRAL,1.00,NORMAL,40.04,TRENDING,NO,⛔ ADX too high (40.04) - Market trending (TRENDING); Max ADX for entry: 6
2026-08-20T13:33:25.629Z,71650.00,43.98,NEUTRAL,FLAT,YES,YES,1m,1.00,0.00,0.50,NEUTRAL,1.00,NORMAL,61.55,STRONG_TREND,NO,⛔ ADX too high (61.55) - Market trending (STRONG_TREND); Max ADX for entry: 6
2026-08-20T13:33:35.605Z,71620.00,43.51,NEUTRAL,FLAT,YES,YES,10s,1.00,0.00,0.50,PEAKING,1.00,NORMAL,58.90,STRONG_TREND,NO,⛔ ADX too high (58.90) - Market trending (STRONG_TREND); Max ADX for entry: 6
2026-08-20T15:04:35.803Z,72353.08,63.08,OVERBOUGHT,FLAT,YES,YES,30s,1.00,0.00,0.50,NEUTRAL,1.00,NORMAL,82.46,EXTREME_TREND,NO,⛔ ADX too high (82.46) - Market trending (EXTREME_TREND); Max ADX for entry: 6
2026-08-20T15:04:45.799Z,72306.01,61.61,OVERBOUGHT,FLAT,YES,YES,10s,1.00,0.00,0.50,NEUTRAL,1.00,NORMAL,25.63,TRENDING,NO,⛔ ADX too high (25.63) - Market trending (TRENDING); Max ADX for entry: 6
2026-08-20T15:04:55.785Z,72328.00,61.21,OVERBOUGHT,FLAT,YES,YES,10s,1.00,0.00,0.50,NEUTRAL,1.00,NORMAL,6.30,RANGING,NO,⛔ ADX too high (6.30) - Market trending (RANGING); Max ADX for entry: 6
2026-08-20T15:05:05.806Z,72390.96,62.09,OVERBOUGHT,FLAT,NO,NO,none,0.00,0.00,0.50,NEUTRAL,1.00,NORMAL,64.58,STRONG_TREND,NO,⛔ ADX too high (64.58) - Market trending (STRONG_TREND); Max ADX for entry: 6
2026-08-20T15:05:15.787Z,72415.99,62.82,OVERBOUGHT,FLAT,YES,YES,1m,1.00,0.00,0.50,NEUTRAL,1.00,NORMAL,60.65,STRONG_TREND,NO,⛔ ADX too high (60.65) - Market trending (STRONG_TREND); Max ADX for entry: 6
2026-08-20T18:03:16.193Z,72619.02,35.12,OVERSOLD,FLAT,YES,YES,30s,1.00,0.00,0.50,NEUTRAL,1.00,NORMAL,99.99,EXTREME_TREND,NO,⛔ ADX too high (99.99) - Market trending (EXTREME_TREND); Max ADX for entry: 6
2026-08-20T18:03:26.191Z,72621.36,36.10,OVERSOLD,FLAT,YES,YES,30s,1.00,0.00,0.50,NEUTRAL,1.00,NORMAL,98.13,EXTREME_TREND,NO,⛔ ADX too high (98.13) - Market trending (EXTREME_TREND); Max ADX for entry: 6
2026-08-20T18:03:36.203Z,72643.99,37.45,OVERSOLD,FLAT,YES,YES,10s,1.00,0.00,0.50,NEUTRAL,1.00,NORMAL,61.25,STRONG_TREND,NO,⛔ ADX too high (61.25) - Market trending (STRONG_TREND); Max ADX for entry: 6
2026-08-21T01:17:37.084Z,74111.19,55.77,NEUTRAL,FLAT,YES,YES,10s,1.00,0.00,0.50,NEUTRAL,1.00,NORMAL,30.00,TRENDING,NO,⛔ ADX too high (30.00) - Market trending (TRENDING); Max ADX for entry: 6
2026-08-21T01:17:47.082Z,74174.91,57.13,NEUTRAL,FLAT,YES,YES,10s,1.00,0.00,0.50,NEUTRAL,1.00,NORMAL,47.05,TRENDING,NO,⛔ ADX too high (47.05) - Market trending (TRENDING); Max ADX for entry: 6
2026-08-21T01:17:57.077Z,74220.02,58.14,NEUTRAL,FLAT,NO,NO,none,0.00,0.00,0.50,BULLISH,1.00,NORMAL,37.52,TRENDING,NO,⛔ ADX too high (37.52) - Market trending (TRENDING); Max ADX for entry: 6
2026-08-21T01:18:07.079Z,74451.12,62.06,OVERBOUGHT,FLAT,NO,NO,none,0.00,0.00,0.50,BULLISH,1.00,NORMAL,80.11,EXTREME_TREND,NO,⛔ ADX too high (80.11) - Market trending (EXTREME_TREND); Max ADX for entry: 6
2026-08-21T01:18:17.079Z,74864.65,67.80,OVERBOUGHT,RISING,NO,NO,none,0.00,0.00,0.50,BULLISH,1.00,NORMAL,92.57,EXTREME_TREND,NO,⛔ ADX too high (92.57) - Market trending (EXTREME_TREND); Max ADX for entry: 6
2026-08-21T01:18:27.083Z,74836.27,65.93,OVERBOUGHT,FLAT,YES,YES,10s,1.00,0.00,0.50,BULLISH,1.00,NORMAL,84.65,EXTREME_TREND,NO,⛔ ADX too high (84.65) - Market trending (EXTREME_TREND); Max ADX for entry: 6
2026-08-21T01:18:37.081Z,74771.28,63.42,OVERBOUGHT,FLAT,YES,YES,10s,1.00,0.00,0.50,BULLISH,1.00,NORMAL,36.26,TRENDING,NO,⛔ ADX too high (36.26) - Market trending (TRENDING); Max ADX for entry: 6
2026-08-21T01:18:47.097Z,74666.04,61.00,OVERBOUGHT,FLAT,YES,YES,10s,1.00,0.00,0.50,BULLISH,1.00,NORMAL,57.35,STRONG_TREND,NO,⛔ ADX too high (57.35) - Market trending (STRONG_TREND); Max ADX for entry: 6
2026-08-21T01:18:57.101Z,74628.19,60.32,OVERBOUGHT,FLAT,YES,YES,30s,1.00,0.00,0.50,BULLISH,1.00,NORMAL,57.48,STRONG_TREND,NO,⛔ ADX too high (57.48) - Market trending (STRONG_TREND); Max ADX for entry: 6
2026-08-21T01:19:07.099Z,74645.22,60.26,OVERBOUGHT,FLAT,YES,YES,30s,1.00,0.00,0.50,BULLISH,1.00,NORMAL,50.58,STRONG_TREND,NO,⛔ ADX too high (50.58) - Market trending (STRONG_TREND); Max ADX for entry: 6
2026-08-21T01:19:17.101Z,74656.26,59.66,NEUTRAL,FLAT,YES,YES,30s,1.00,0.00,0.50,BULLISH,1.00,NORMAL,18.76,RANGING,NO,⛔ ADX too high (18.76) - Market trending (RANGING); Max ADX for entry: 6
2026-08-21T01:19:27.104Z,74577.19,58.35,NEUTRAL,FALLING,YES,YES,5m,1.00,0.00,0.50,PEAKING,1.00,NORMAL,73.82,STRONG_TREND,NO,⛔ ADX too high (73.82) - Market trending (STRONG_TREND); Max ADX for entry: 6
2026-08-21T02:47:37.299Z,74549.41,40.89,NEUTRAL,FLAT,YES,YES,30s,1.00,0.00,0.50,NEUTRAL,1.00,NORMAL,75.82,EXTREME_TREND,NO,⛔ ADX too high (75.82) - Market trending (EXTREME_TREND); Max ADX for entry: 6
2026-08-21T02:47:47.802Z,74572.93,42.47,NEUTRAL,FLAT,YES,YES,1m,1.00,0.00,0.50,NEUTRAL,1.00,NORMAL,7.74,RANGING,NO,⛔ ADX too high (7.74) - Market trending (RANGING); Max ADX for entry: 6
2026-08-21T02:47:57.301Z,74595.79,44.71,NEUTRAL,FLAT,YES,YES,10s,1.00,0.00,0.50,NEUTRAL,1.00,NORMAL,99.96,EXTREME_TREND,NO,⛔ ADX too high (99.96) - Market trending (EXTREME_TREND); Max ADX for entry: 6
2026-08-21T02:48:07.300Z,74551.06,42.05,NEUTRAL,FALLING,YES,YES,5m,1.00,0.00,0.50,NEUTRAL,1.00,NORMAL,23.81,TRANSITION,NO,⛔ ADX too high (23.81) - Market trending (TRANSITION); Max ADX for entry: 6
2026-08-21T02:48:17.299Z,74521.76,39.44,OVERSOLD,FALLING,YES,YES,10s,1.00,0.00,0.50,NEUTRAL,1.00,NORMAL,22.00,TRANSITION,NO,⛔ ADX too high (22.00) - Market trending (TRANSITION); Max ADX for entry: 6
2026-08-21T02:48:27.298Z,74528.79,39.59,OVERSOLD,FLAT,YES,YES,10s,1.00,0.00,0.50,NEUTRAL,1.00,NORMAL,70.92,STRONG_TREND,NO,⛔ ADX too high (70.92) - Market trending (STRONG_TREND); Max ADX for entry: 6
2026-08-21T02:48:37.295Z,74511.21,39.56,OVERSOLD,FLAT,NO,NO,none,0.00,0.00,0.50,NEUTRAL,1.00,NORMAL,87.82,EXTREME_TREND,NO,⛔ ADX too high (87.82) - Market trending (EXTREME_TREND); Max ADX for entry: 6
2026-08-21T02:48:47.294Z,74463.68,37.98,OVERSOLD,FLAT,YES,YES,10s,1.00,0.00,0.50,NEUTRAL,1.00,NORMAL,95.24,EXTREME_TREND,NO,⛔ ADX too high (95.24) - Market trending (EXTREME_TREND); Max ADX for entry: 6
2026-08-21T02:48:57.296Z,74484.25,40.20,NEUTRAL,FLAT,YES,YES,30s,1.00,0.00,0.50,NEUTRAL,1.00,NORMAL,11.64,RANGING,NO,⛔ ADX too high (11.64) - Market trending (RANGING); Max ADX for entry: 6
2026-08-21T04:48:47.524Z,75038.47,61.08,OVERBOUGHT,FLAT,NO,NO,none,0.00,0.00,0.50,NEUTRAL,1.00,NORMAL,99.77,EXTREME_TREND,NO,⛔ ADX too high (99.77) - Market trending (EXTREME_TREND); Max ADX for entry: 6
2026-08-21T04:48:57.520Z,75035.15,61.72,OVERBOUGHT,FLAT,YES,YES,10s,1.00,0.00,0.50,NEUTRAL,1.00,NORMAL,82.84,EXTREME_TREND,NO,⛔ ADX too high (82.84) - Market trending (EXTREME_TREND); Max ADX for entry: 6
2026-08-21T04:49:07.522Z,75025.12,60.16,OVERBOUGHT,FLAT,YES,YES,1m,1.00,0.00,0.50,NEUTRAL,1.00,NORMAL,21.83,TRANSITION,NO,⛔ ADX too high (21.83) - Market trending (TRANSITION); Max ADX for entry: 6
2026-08-21T04:49:17.521Z,75032.85,58.93,NEUTRAL,FALLING,YES,YES,10s,1.00,0.00,0.50,NEUTRAL,1.00,NORMAL,99.44,EXTREME_TREND,NO,⛔ ADX too high (99.44) - Market trending (EXTREME_TREND); Max ADX for entry: 6
2026-08-21T04:49:27.523Z,75032.85,59.15,NEUTRAL,FLAT,YES,YES,30s,1.00,0.00,0.50,NEUTRAL,1.00,NORMAL,93.49,EXTREME_TREND,NO,⛔ ADX too high (93.49) - Market trending (EXTREME_TREND); Max ADX for entry: 6
2026-08-21T04:49:37.522Z,75002.01,54.95,NEUTRAL,FLAT,YES,YES,10s,1.00,0.00,0.50,NEUTRAL,1.00,NORMAL,99.87,EXTREME_TREND,NO,⛔ ADX too high (99.87) - Market trending (EXTREME_TREND); Max ADX for entry: 6
2026-08-21T04:49:47.523Z,74996.01,54.20,NEUTRAL,FLAT,YES,YES,30s,1.00,0.00,0.50,NEUTRAL,1.00,NORMAL,98.10,EXTREME_TREND,NO,⛔ ADX too high (98.10) - Market trending (EXTREME_TREND); Max ADX for entry: 6
2026-08-21T04:49:57.526Z,74988.01,53.24,NEUTRAL,FLAT,YES,YES,30s,1.00,0.00,0.50,NEUTRAL,1.00,NORMAL,98.10,EXTREME_TREND,NO,⛔ ADX too high (98.10) - Market trending (EXTREME_TREND); Max ADX for entry: 6
2026-08-21T04:50:07.528Z,74988.00,53.36,NEUTRAL,FLAT,YES,YES,30s,1.00,0.00,0.50,NEUTRAL,1.00,NORMAL,98.69,EXTREME_TREND,NO,⛔ ADX too high (98.69) - Market trending (EXTREME_TREND); Max ADX for entry: 6
2026-08-21T04:50:17.530Z,74988.02,55.53,NEUTRAL,FLAT,YES,YES,5m,1.00,0.00,0.50,NEUTRAL,1.00,NORMAL,20.76,TRANSITION,NO,⛔ ADX too high (20.76) - Market trending (TRANSITION); Max ADX for entry: 6
2026-08-21T04:50:27.525Z,75008.00,58.03,NEUTRAL,FLAT,YES,YES,1m,1.00,0.00,0.50,NEUTRAL,1.00,NORMAL,37.01,TRENDING,NO,⛔ ADX too high (37.01) - Market trending (TRENDING); Max ADX for entry: 6
2026-08-21T04:50:37.522Z,75008.00,56.47,NEUTRAL,FLAT,YES,YES,30s,1.00,0.00,0.50,NEUTRAL,1.00,NORMAL,96.94,EXTREME_TREND,NO,⛔ ADX too high (96.94) - Market trending (EXTREME_TREND); Max ADX for entry: 6
2026-08-21T04:50:47.528Z,75007.99,60.18,OVERBOUGHT,RISING,YES,YES,30s,1.00,0.00,0.50,NEUTRAL,1.00,NORMAL,43.54,TRENDING,NO,⛔ ADX too high (43.54) - Market trending (TRENDING); Max ADX for entry: 6
2026-08-21T04:50:57.525Z,75000.01,56.16,NEUTRAL,FALLING,YES,YES,1m,1.00,0.00,0.50,NEUTRAL,1.00,NORMAL,99.66,EXTREME_TREND,NO,⛔ ADX too high (99.66) - Market trending (EXTREME_TREND); Max ADX for entry: 6
2026-08-21T04:51:07.532Z,75000.00,56.23,NEUTRAL,FLAT,YES,YES,30s,1.00,0.00,0.50,NEUTRAL,1.00,NORMAL,97.19,EXTREME_TREND,NO,⛔ ADX too high (97.19) - Market trending (EXTREME_TREND); Max ADX for entry: 6
2026-08-21T04:51:17.523Z,74993.49,49.01,NEUTRAL,FALLING,YES,YES,1m,1.00,0.00,0.50,NEUTRAL,1.00,NORMAL,99.80,EXTREME_TREND,NO,⛔ ADX too high (99.80) - Market trending (EXTREME_TREND); Max ADX for entry: 6
2026-08-21T04:51:27.528Z,74993.49,47.42,NEUTRAL,FALLING,YES,YES,30s,1.00,0.00,0.50,NEUTRAL,1.00,NORMAL,99.96,EXTREME_TREND,NO,⛔ ADX too high (99.96) - Market trending (EXTREME_TREND); Max ADX for entry: 6
2026-08-21T04:51:37.582Z,74964.01,42.75,NEUTRAL,FALLING,YES,YES,1h,1.00,0.00,0.50,NEUTRAL,1.00,NORMAL,99.96,EXTREME_TREND,NO,⛔ ADX too high (99.96) - Market trending (EXTREME_TREND); Max ADX for entry: 6
2026-08-21T04:51:47.527Z,74947.87,40.17,NEUTRAL,FLAT,YES,YES,10s,1.00,0.00,0.50,NEUTRAL,1.00,NORMAL,47.89,TRENDING,NO,⛔ ADX too high (47.89) - Market trending (TRENDING); Max ADX for entry: 6
2026-08-21T04:51:57.527Z,74972.00,44.09,NEUTRAL,RISING,YES,YES,10s,1.00,0.00,0.50,NEUTRAL,1.00,NORMAL,100.00,EXTREME_TREND,NO,⛔ ADX too high (100.00) - Market trending (EXTREME_TREND); Max ADX for entry: 6
2026-08-21T04:52:07.525Z,74978.83,42.81,NEUTRAL,FLAT,YES,YES,1m,1.00,0.00,0.50,NEUTRAL,1.00,NORMAL,99.89,EXTREME_TREND,NO,⛔ ADX too high (99.89) - Market trending (EXTREME_TREND); Max ADX for entry: 6
2026-08-21T04:52:17.527Z,74988.00,44.32,NEUTRAL,FLAT,YES,YES,1m,1.00,0.00,0.50,NEUTRAL,1.00,NORMAL,99.79,EXTREME_TREND,NO,⛔ ADX too high (99.79) - Market trending (EXTREME_TREND); Max ADX for entry: 6
2026-08-21T04:52:27.530Z,74988.00,44.51,NEUTRAL,FLAT,YES,YES,30s,1.00,0.00,0.50,NEUTRAL,1.00,NORMAL,8.07,RANGING,NO,⛔ ADX too high (8.07) - Market trending (RANGING); Max ADX for entry: 6
2026-08-21T04:52:37.530Z,74969.54,41.43,NEUTRAL,FALLING,YES,YES,1m,1.00,0.00,0.50,NEUTRAL,1.00,NORMAL,79.83,EXTREME_TREND,NO,⛔ ADX too high (79.83) - Market trending (EXTREME_TREND); Max ADX for entry: 6
2026-08-21T04:52:47.527Z,74977.94,44.07,NEUTRAL,RISING,YES,YES,30s,1.00,0.00,0.50,NEUTRAL,1.00,NORMAL,58.11,STRONG_TREND,NO,⛔ ADX too high (58.11) - Market trending (STRONG_TREND); Max ADX for entry: 6
2026-08-21T04:52:57.526Z,74977.67,44.31,NEUTRAL,FLAT,YES,YES,30s,1.00,0.00,0.50,NEUTRAL,1.00,NORMAL,86.10,EXTREME_TREND,NO,⛔ ADX too high (86.10) - Market trending (EXTREME_TREND); Max ADX for entry: 6
2026-08-21T04:53:07.527Z,74980.51,44.46,NEUTRAL,FLAT,YES,YES,5m,1.00,0.00,0.50,NEUTRAL,1.00,NORMAL,26.57,TRENDING,NO,⛔ ADX too high (26.57) - Market trending (TRENDING); Max ADX for entry: 6
2026-08-21T04:53:17.582Z,74964.01,42.28,NEUTRAL,FLAT,YES,YES,1h,1.00,0.00,0.50,NEUTRAL,1.00,NORMAL,26.37,TRENDING,NO,⛔ ADX too high (26.37) - Market trending (TRENDING); Max ADX for entry: 6
2026-08-21T04:53:28.021Z,74962.31,39.57,OVERSOLD,FLAT,YES,YES,1h,1.00,0.00,0.50,NEUTRAL,1.00,NORMAL,99.42,EXTREME_TREND,NO,⛔ ADX too high (99.42) - Market trending (EXTREME_TREND); Max ADX for entry: 6
2026-08-21T04:53:37.528Z,74958.01,38.59,OVERSOLD,FLAT,YES,YES,10s,1.00,0.00,0.50,NEUTRAL,1.00,NORMAL,98.54,EXTREME_TREND,NO,⛔ ADX too high (98.54) - Market trending (EXTREME_TREND); Max ADX for entry: 6
2026-08-21T04:53:47.529Z,74999.99,45.28,NEUTRAL,RISING,YES,YES,5m,1.00,0.00,0.50,NEUTRAL,1.00,NORMAL,99.53,EXTREME_TREND,NO,⛔ ADX too high (99.53) - Market trending (EXTREME_TREND); Max ADX for entry: 6
2026-08-21T04:53:57.528Z,74994.04,43.91,NEUTRAL,FLAT,YES,YES,30s,1.00,0.00,0.50,NEUTRAL,1.00,NORMAL,23.47,TRANSITION,NO,⛔ ADX too high (23.47) - Market trending (TRANSITION); Max ADX for entry: 6
2026-08-21T04:54:07.525Z,75019.99,48.44,NEUTRAL,RISING,YES,YES,5m,1.00,0.00,0.50,NEUTRAL,1.00,NORMAL,88.88,EXTREME_TREND,NO,⛔ ADX too high (88.88) - Market trending (EXTREME_TREND); Max ADX for entry: 6
2026-08-21T04:54:17.532Z,75028.47,49.38,NEUTRAL,FLAT,YES,YES,5m,1.00,0.00,0.50,NEUTRAL,1.00,NORMAL,99.97,EXTREME_TREND,NO,⛔ ADX too high (99.97) - Market trending (EXTREME_TREND); Max ADX for entry: 6
2026-08-21T04:54:27.533Z,75031.49,50.05,NEUTRAL,FLAT,YES,YES,10s,1.00,0.00,0.50,NEUTRAL,1.00,NORMAL,99.50,EXTREME_TREND,NO,⛔ ADX too high (99.50) - Market trending (EXTREME_TREND); Max ADX for entry: 6
2026-08-21T04:54:37.530Z,75032.85,54.75,NEUTRAL,FLAT,YES,YES,1m,1.00,0.00,0.50,NEUTRAL,1.00,NORMAL,100.00,EXTREME_TREND,NO,⛔ ADX too high (100.00) - Market trending (EXTREME_TREND); Max ADX for entry: 6
2026-08-21T04:54:47.532Z,75032.84,55.78,NEUTRAL,FLAT,YES,YES,30s,1.00,0.00,0.50,NEUTRAL,1.00,NORMAL,98.05,EXTREME_TREND,NO,⛔ ADX too high (98.05) - Market trending (EXTREME_TREND); Max ADX for entry: 6
2026-08-21T04:54:57.552Z,75032.85,57.21,NEUTRAL,FLAT,YES,YES,30s,1.00,0.00,0.50,NEUTRAL,1.00,NORMAL,23.67,TRANSITION,NO,⛔ ADX too high (23.67) - Market trending (TRANSITION); Max ADX for entry: 6
2026-08-21T04:55:08.030Z,75039.36,57.01,NEUTRAL,FALLING,NO,NO,none,0.00,0.00,0.50,NEUTRAL,1.00,NORMAL,99.33,EXTREME_TREND,NO,⛔ ADX too high (99.33) - Market trending (EXTREME_TREND); Max ADX for entry: 6
2026-08-21T04:55:17.538Z,75040.00,57.00,NEUTRAL,FALLING,YES,YES,30s,0.96,0.00,0.50,NEUTRAL,1.00,NORMAL,97.58,EXTREME_TREND,NO,⛔ ADX too high (97.58) - Market trending (EXTREME_TREND); Max ADX for entry: 6
2026-08-21T07:07:47.751Z,75820.01,50.43,NEUTRAL,FLAT,NO,NO,none,0.00,0.00,0.50,NEUTRAL,1.00,NORMAL,32.02,TRENDING,NO,⛔ ADX too high (32.02) - Market trending (TRENDING); Max ADX for entry: 6
2026-08-21T07:07:57.750Z,75814.00,48.73,NEUTRAL,FLAT,YES,YES,10s,1.00,0.00,0.50,NEUTRAL,1.00,NORMAL,62.22,STRONG_TREND,NO,⛔ ADX too high (62.22) - Market trending (STRONG_TREND); Max ADX for entry: 6
2026-08-21T07:08:07.752Z,75827.22,51.62,NEUTRAL,RISING,YES,YES,10s,1.00,0.00,0.50,NEUTRAL,1.00,NORMAL,16.15,RANGING,NO,⛔ ADX too high (16.15) - Market trending (RANGING); Max ADX for entry: 6
2026-08-21T07:08:17.750Z,75821.18,50.13,NEUTRAL,FLAT,YES,YES,30s,1.00,0.00,0.50,NEUTRAL,1.00,NORMAL,45.51,TRENDING,NO,⛔ ADX too high (45.51) - Market trending (TRENDING); Max ADX for entry: 6
2026-08-21T07:08:27.751Z,75849.27,51.01,NEUTRAL,FLAT,NO,NO,none,0.00,0.00,0.50,NEUTRAL,1.00,NORMAL,35.14,TRENDING,NO,⛔ ADX too high (35.14) - Market trending (TRENDING); Max ADX for entry: 6
2026-08-21T07:08:37.762Z,75821.18,50.08,NEUTRAL,FLAT,YES,YES,1m,1.00,0.00,0.50,NEUTRAL,1.00,NORMAL,49.74,TRENDING,NO,⛔ ADX too high (49.74) - Market trending (TRENDING); Max ADX for entry: 6
2026-08-21T07:08:47.750Z,75834.04,51.60,NEUTRAL,FLAT,YES,YES,10s,1.00,0.00,0.50,NEUTRAL,1.00,NORMAL,77.85,EXTREME_TREND,NO,⛔ ADX too high (77.85) - Market trending (EXTREME_TREND); Max ADX for entry: 6
2026-08-21T07:08:57.751Z,75863.09,52.80,NEUTRAL,RISING,YES,YES,10s,0.87,0.00,0.50,NEUTRAL,1.00,NORMAL,28.81,TRENDING,NO,⛔ ADX too high (28.81) - Market trending (TRENDING); Max ADX for entry: 6
2026-08-21T07:09:07.751Z,75876.01,53.26,NEUTRAL,FLAT,YES,YES,10s,1.00,0.75,0.50,NEUTRAL,1.00,NORMAL,5.31,RANGING,NO,RSI neutral (53.3)
2026-08-21T07:09:17.754Z,75871.15,57.42,NEUTRAL,RISING,YES,YES,10s,1.00,0.00,0.50,NEUTRAL,1.00,NORMAL,38.80,TRENDING,NO,⛔ ADX too high (38.80) - Market trending (TRENDING); Max ADX for entry: 6
2026-08-21T07:09:27.752Z,75881.35,56.47,NEUTRAL,FLAT,YES,YES,10s,1.00,0.00,0.50,NEUTRAL,1.00,NORMAL,42.55,TRENDING,NO,⛔ ADX too high (42.55) - Market trending (TRENDING); Max ADX for entry: 6
2026-08-21T07:09:37.751Z,75869.20,56.85,NEUTRAL,FLAT,YES,YES,1m,1.00,0.00,0.50,NEUTRAL,1.00,NORMAL,39.92,TRENDING,NO,⛔ ADX too high (39.92) - Market trending (TRENDING); Max ADX for entry: 6
2026-08-21T07:09:47.754Z,75863.55,55.80,NEUTRAL,FLAT,YES,YES,10s,1.00,0.00,0.50,NEUTRAL,1.00,NORMAL,6.85,RANGING,NO,⛔ ADX too high (6.85) - Market trending (RANGING); Max ADX for entry: 6
2026-08-21T07:09:57.752Z,75861.51,56.22,NEUTRAL,FLAT,YES,YES,5m,1.00,0.00,0.50,NEUTRAL,1.00,NORMAL,15.83,RANGING,NO,⛔ ADX too high (15.83) - Market trending (RANGING); Max ADX for entry: 6
2026-08-21T07:10:07.754Z,75881.73,57.93,NEUTRAL,FLAT,NO,NO,none,0.00,0.00,0.50,NEUTRAL,1.00,NORMAL,61.69,STRONG_TREND,NO,⛔ ADX too high (61.69) - Market trending (STRONG_TREND); Max ADX for entry: 6
2026-08-21T07:10:17.751Z,75921.58,59.76,NEUTRAL,FLAT,NO,NO,none,0.00,0.00,0.50,NEUTRAL,1.00,NORMAL,99.97,EXTREME_TREND,NO,⛔ ADX too high (99.97) - Market trending (EXTREME_TREND); Max ADX for entry: 6
2026-08-21T07:10:27.753Z,75960.75,59.93,NEUTRAL,RISING,NO,NO,none,0.00,0.00,0.50,NEUTRAL,1.00,NORMAL,48.65,TRENDING,NO,⛔ ADX too high (48.65) - Market trending (TRENDING); Max ADX for entry: 6
2026-08-21T07:10:37.752Z,75924.73,58.33,NEUTRAL,FALLING,YES,YES,30s,1.00,0.00,0.50,NEUTRAL,1.00,NORMAL,71.38,STRONG_TREND,NO,⛔ ADX too high (71.38) - Market trending (STRONG_TREND); Max ADX for entry: 6
2026-08-21T07:10:47.751Z,75872.69,56.28,NEUTRAL,FLAT,YES,YES,1m,1.00,0.00,0.50,NEUTRAL,1.00,NORMAL,79.74,EXTREME_TREND,NO,⛔ ADX too high (79.74) - Market trending (EXTREME_TREND); Max ADX for entry: 6
2026-08-21T07:10:57.752Z,75921.63,60.85,OVERBOUGHT,FLAT,YES,YES,30s,1.00,0.00,0.50,NEUTRAL,1.00,NORMAL,33.93,TRENDING,NO,⛔ ADX too high (33.93) - Market trending (TRENDING); Max ADX for entry: 6
2026-08-21T07:11:07.750Z,75924.64,58.88,NEUTRAL,FLAT,YES,YES,30s,1.00,0.00,0.50,NEUTRAL,1.00,NORMAL,35.48,TRENDING,NO,⛔ ADX too high (35.48) - Market trending (TRENDING); Max ADX for entry: 6
2026-08-21T07:11:17.751Z,75921.64,58.49,NEUTRAL,FLAT,YES,YES,10s,1.00,0.00,0.50,NEUTRAL,1.00,NORMAL,99.90,EXTREME_TREND,NO,⛔ ADX too high (99.90) - Market trending (EXTREME_TREND); Max ADX for entry: 6
2026-08-21T07:11:27.769Z,75954.99,59.83,NEUTRAL,FLAT,YES,YES,1m,1.00,0.00,0.50,NEUTRAL,1.00,NORMAL,73.43,STRONG_TREND,NO,⛔ ADX too high (73.43) - Market trending (STRONG_TREND); Max ADX for entry: 6
2026-08-21T07:11:37.763Z,75954.00,59.41,NEUTRAL,FLAT,YES,YES,10s,0.80,0.00,0.50,NEUTRAL,1.00,NORMAL,73.46,STRONG_TREND,NO,⛔ ADX too high (73.46) - Market trending (STRONG_TREND); Max ADX for entry: 6
2026-08-21T07:11:47.767Z,75995.43,59.40,NEUTRAL,FLAT,NO,NO,none,0.00,0.00,0.50,NEUTRAL,1.00,NORMAL,65.51,STRONG_TREND,NO,⛔ ADX too high (65.51) - Market trending (STRONG_TREND); Max ADX for entry: 6
2026-08-21T07:11:57.771Z,76000.00,61.45,OVERBOUGHT,FLAT,YES,YES,10s,1.00,0.00,0.50,NEUTRAL,1.00,NORMAL,92.04,EXTREME_TREND,NO,⛔ ADX too high (92.04) - Market trending (EXTREME_TREND); Max ADX for entry: 6
2026-08-21T07:12:07.754Z,75983.06,60.12,OVERBOUGHT,FALLING,YES,YES,30s,1.00,0.00,0.50,NEUTRAL,1.00,NORMAL,75.56,EXTREME_TREND,NO,⛔ ADX too high (75.56) - Market trending (EXTREME_TREND); Max ADX for entry: 6
2026-08-21T07:12:17.757Z,75973.45,57.07,NEUTRAL,FLAT,YES,YES,1m,1.00,0.00,0.50,NEUTRAL,1.00,NORMAL,15.54,RANGING,NO,⛔ ADX too high (15.54) - Market trending (RANGING); Max ADX for entry: 6
2026-08-21T07:12:27.755Z,75923.35,53.79,NEUTRAL,FALLING,YES,YES,10s,1.00,0.00,0.50,NEUTRAL,1.00,NORMAL,69.97,STRONG_TREND,NO,⛔ ADX too high (69.97) - Market trending (STRONG_TREND); Max ADX for entry: 6
2026-08-21T07:12:37.753Z,75954.00,55.43,NEUTRAL,FLAT,YES,YES,30s,1.00,0.00,0.50,NEUTRAL,1.00,NORMAL,10.52,RANGING,NO,⛔ ADX too high (10.52) - Market trending (RANGING); Max ADX for entry: 6
2026-08-21T07:12:47.754Z,75940.80,54.86,NEUTRAL,FLAT,YES,YES,5m,1.00,0.75,0.50,NEUTRAL,1.00,NORMAL,4.20,RANGING,NO,RSI neutral (54.9)
2026-08-21T07:12:57.754Z,75930.02,54.44,NEUTRAL,FLAT,YES,YES,30s,1.00,0.00,0.50,NEUTRAL,1.00,NORMAL,99.80,EXTREME_TREND,NO,⛔ ADX too high (99.80) - Market trending (EXTREME_TREND); Max ADX for entry: 6
2026-08-21T07:13:07.754Z,75925.51,53.75,NEUTRAL,FLAT,YES,YES,10s,1.00,0.00,0.50,NEUTRAL,1.00,NORMAL,23.35,TRANSITION,NO,⛔ ADX too high (23.35) - Market trending (TRANSITION); Max ADX for entry: 6
2026-08-21T07:13:17.754Z,75923.01,53.94,NEUTRAL,FLAT,YES,YES,30s,1.00,0.00,0.50,NEUTRAL,1.00,NORMAL,91.35,EXTREME_TREND,NO,⛔ ADX too high (91.35) - Market trending (EXTREME_TREND); Max ADX for entry: 6
2026-08-21T07:13:27.766Z,75940.48,53.47,NEUTRAL,FLAT,NO,NO,none,0.00,0.00,0.50,NEUTRAL,1.00,NORMAL,40.57,TRENDING,NO,⛔ ADX too high (40.57) - Market trending (TRENDING); Max ADX for entry: 6
2026-08-21T07:13:37.754Z,75923.63,53.78,NEUTRAL,FLAT,YES,YES,30s,1.00,0.00,0.50,NEUTRAL,1.00,NORMAL,54.77,STRONG_TREND,NO,⛔ ADX too high (54.77) - Market trending (STRONG_TREND); Max ADX for entry: 6
2026-08-21T07:13:47.753Z,75923.99,53.58,NEUTRAL,FLAT,YES,YES,1m,1.00,0.00,0.50,NEUTRAL,1.00,NORMAL,98.88,EXTREME_TREND,NO,⛔ ADX too high (98.88) - Market trending (EXTREME_TREND); Max ADX for entry: 6
2026-08-21T07:13:57.758Z,75924.00,52.26,NEUTRAL,FLAT,YES,YES,10s,1.00,0.75,0.50,NEUTRAL,1.00,NORMAL,1.84,RANGING,NO,RSI neutral (52.3)
2026-08-21T07:14:07.756Z,75908.65,51.27,NEUTRAL,FLAT,YES,YES,10s,1.00,0.00,0.50,NEUTRAL,1.00,NORMAL,98.82,EXTREME_TREND,NO,⛔ ADX too high (98.82) - Market trending (EXTREME_TREND); Max ADX for entry: 6
2026-08-21T07:14:17.757Z,75878.19,50.25,NEUTRAL,FLAT,YES,YES,10s,1.00,0.00,0.50,NEUTRAL,1.00,NORMAL,99.87,EXTREME_TREND,NO,⛔ ADX too high (99.87) - Market trending (EXTREME_TREND); Max ADX for entry: 6
2026-08-21T07:14:27.756Z,75878.86,49.90,NEUTRAL,FLAT,YES,YES,10s,1.00,0.00,0.50,NEUTRAL,1.00,NORMAL,13.10,RANGING,NO,⛔ ADX too high (13.10) - Market trending (RANGING); Max ADX for entry: 6
2026-08-21T07:14:37.770Z,75897.77,51.18,NEUTRAL,FLAT,YES,YES,10s,1.00,0.00,0.50,NEUTRAL,1.00,NORMAL,20.68,TRANSITION,NO,⛔ ADX too high (20.68) - Market trending (TRANSITION); Max ADX for entry: 6
2026-08-21T07:14:47.757Z,75897.31,51.40,NEUTRAL,FLAT,YES,YES,30s,1.00,0.00,0.50,NEUTRAL,1.00,NORMAL,14.76,RANGING,NO,⛔ ADX too high (14.76) - Market trending (RANGING); Max ADX for entry: 6
2026-08-21T07:14:57.759Z,75946.99,52.81,NEUTRAL,FLAT,NO,NO,none,0.00,0.00,0.50,NEUTRAL,1.00,NORMAL,76.85,EXTREME_TREND,NO,⛔ ADX too high (76.85) - Market trending (EXTREME_TREND); Max ADX for entry: 6
2026-08-21T07:15:07.758Z,75942.38,52.34,NEUTRAL,FALLING,YES,YES,30s,1.00,0.00,0.50,NEUTRAL,1.00,NORMAL,36.54,TRENDING,NO,⛔ ADX too high (36.54) - Market trending (TRENDING); Max ADX for entry: 6
2026-08-21T07:15:18.242Z,76000.00,52.02,NEUTRAL,FLAT,NO,NO,none,0.00,0.00,0.50,NEUTRAL,1.00,NORMAL,62.36,STRONG_TREND,NO,⛔ ADX too high (62.36) - Market trending (STRONG_TREND); Max ADX for entry: 6
2026-08-21T07:15:27.760Z,76350.74,61.37,OVERBOUGHT,RISING,YES,YES,10s,0.68,0.00,0.50,BULLISH,1.00,NORMAL,68.82,STRONG_TREND,NO,⛔ ADX too high (68.82) - Market trending (STRONG_TREND); Max ADX for entry: 6
2026-08-21T08:31:07.922Z,77215.88,49.04,NEUTRAL,FLAT,YES,YES,15m,1.00,0.00,0.50,NEUTRAL,1.00,NORMAL,66.61,STRONG_TREND,NO,⛔ ADX too high (66.61) - Market trending (STRONG_TREND); Max ADX for entry: 6
2026-08-21T08:31:17.935Z,77244.83,49.05,NEUTRAL,FLAT,YES,YES,30s,1.00,0.00,0.50,NEUTRAL,1.00,NORMAL,38.33,TRENDING,NO,⛔ ADX too high (38.33) - Market trending (TRENDING); Max ADX for entry: 6
2026-08-21T08:31:27.919Z,77284.25,50.71,NEUTRAL,FLAT,YES,YES,10s,0.69,0.00,0.50,NEUTRAL,1.00,NORMAL,93.98,EXTREME_TREND,NO,⛔ ADX too high (93.98) - Market trending (EXTREME_TREND); Max ADX for entry: 6
2026-08-21T08:31:37.921Z,77329.01,51.07,NEUTRAL,FLAT,NO,NO,none,0.00,0.00,0.50,NEUTRAL,1.00,NORMAL,54.93,STRONG_TREND,NO,⛔ ADX too high (54.93) - Market trending (STRONG_TREND); Max ADX for entry: 6
2026-08-21T08:31:47.935Z,77364.96,53.18,NEUTRAL,FLAT,NO,NO,none,0.00,0.00,0.50,NEUTRAL,1.00,NORMAL,33.47,TRENDING,NO,⛔ ADX too high (33.47) - Market trending (TRENDING); Max ADX for entry: 6
2026-08-21T08:31:57.921Z,77429.56,54.38,NEUTRAL,FLAT,NO,NO,none,0.00,0.00,0.50,NEUTRAL,1.00,NORMAL,69.48,STRONG_TREND,NO,⛔ ADX too high (69.48) - Market trending (STRONG_TREND); Max ADX for entry: 6
2026-08-21T08:32:07.922Z,77476.85,56.97,NEUTRAL,RISING,NO,NO,none,0.00,0.00,0.50,NEUTRAL,1.00,NORMAL,73.06,STRONG_TREND,NO,⛔ ADX too high (73.06) - Market trending (STRONG_TREND); Max ADX for entry: 6
2026-08-21T08:32:17.922Z,77423.54,54.91,NEUTRAL,FLAT,YES,YES,30s,1.00,0.00,0.50,NEUTRAL,1.00,NORMAL,26.95,TRENDING,NO,⛔ ADX too high (26.95) - Market trending (TRENDING); Max ADX for entry: 6
2026-08-21T08:32:27.924Z,77482.26,56.90,NEUTRAL,FLAT,NO,NO,none,0.00,0.00,0.50,NEUTRAL,1.00,NORMAL,33.16,TRENDING,NO,⛔ ADX too high (33.16) - Market trending (TRENDING); Max ADX for entry: 6
2026-08-21T08:32:37.923Z,77477.64,57.18,NEUTRAL,FLAT,YES,YES,10s,1.00,0.00,0.50,BULLISH,1.00,NORMAL,46.04,TRENDING,NO,⛔ ADX too high (46.04) - Market trending (TRENDING); Max ADX for entry: 6
2026-08-21T08:32:47.936Z,77435.93,57.16,NEUTRAL,FLAT,YES,YES,30s,1.00,0.00,0.50,NEUTRAL,1.00,NORMAL,65.05,STRONG_TREND,NO,⛔ ADX too high (65.05) - Market trending (STRONG_TREND); Max ADX for entry: 6
2026-08-21T08:32:57.926Z,77461.42,57.10,NEUTRAL,FLAT,YES,YES,10s,1.00,0.00,0.50,NEUTRAL,1.00,NORMAL,34.98,TRENDING,NO,⛔ ADX too high (34.98) - Market trending (TRENDING); Max ADX for entry: 6
2026-08-21T08:33:07.927Z,77488.62,56.07,NEUTRAL,FLAT,YES,YES,30s,1.00,0.00,0.50,NEUTRAL,1.00,NORMAL,48.38,TRENDING,NO,⛔ ADX too high (48.38) - Market trending (TRENDING); Max ADX for entry: 6
2026-08-21T08:33:17.928Z,77495.32,56.60,NEUTRAL,FLAT,YES,YES,30s,0.80,0.00,0.50,NEUTRAL,1.00,NORMAL,63.53,STRONG_TREND,NO,⛔ ADX too high (63.53) - Market trending (STRONG_TREND); Max ADX for entry: 6
2026-08-21T08:33:27.927Z,77503.08,56.72,NEUTRAL,FLAT,YES,YES,30s,1.00,0.00,0.50,NEUTRAL,1.00,NORMAL,46.16,TRENDING,NO,⛔ ADX too high (46.16) - Market trending (TRENDING); Max ADX for entry: 6
2026-08-21T08:33:37.926Z,77513.06,55.79,NEUTRAL,FLAT,YES,YES,10s,1.00,0.00,0.50,NEUTRAL,1.00,NORMAL,43.42,TRENDING,NO,⛔ ADX too high (43.42) - Market trending (TRENDING); Max ADX for entry: 6
2026-08-21T08:33:47.928Z,77436.01,55.04,NEUTRAL,FLAT,YES,YES,1m,1.00,0.00,0.50,NEUTRAL,1.00,NORMAL,41.78,TRENDING,NO,⛔ ADX too high (41.78) - Market trending (TRENDING); Max ADX for entry: 6
2026-08-21T08:33:57.929Z,77545.40,58.57,NEUTRAL,FLAT,YES,YES,10s,1.00,0.00,0.50,NEUTRAL,1.00,NORMAL,70.92,STRONG_TREND,NO,⛔ ADX too high (70.92) - Market trending (STRONG_TREND); Max ADX for entry: 6
2026-08-21T08:34:07.927Z,77481.84,56.74,NEUTRAL,FLAT,YES,YES,5m,1.00,0.00,0.50,NEUTRAL,1.00,NORMAL,53.06,STRONG_TREND,NO,⛔ ADX too high (53.06) - Market trending (STRONG_TREND); Max ADX for entry: 6
2026-08-21T08:34:17.936Z,77518.64,56.00,NEUTRAL,FLAT,YES,YES,10s,0.71,0.00,0.50,NEUTRAL,1.00,NORMAL,55.36,STRONG_TREND,NO,⛔ ADX too high (55.36) - Market trending (STRONG_TREND); Max ADX for entry: 6
2026-08-21T08:34:27.929Z,77520.95,55.80,NEUTRAL,FLAT,YES,YES,30s,1.00,0.00,0.50,NEUTRAL,1.00,NORMAL,39.12,TRENDING,NO,⛔ ADX too high (39.12) - Market trending (TRENDING); Max ADX for entry: 6
2026-08-21T08:34:37.942Z,77517.56,55.65,NEUTRAL,FLAT,YES,YES,30s,1.00,0.00,0.50,NEUTRAL,1.00,NORMAL,65.10,STRONG_TREND,NO,⛔ ADX too high (65.10) - Market trending (STRONG_TREND); Max ADX for entry: 6
2026-08-21T08:34:47.944Z,77498.02,54.99,NEUTRAL,FLAT,YES,YES,1m,1.00,0.75,0.50,NEUTRAL,1.00,NORMAL,2.38,RANGING,NO,RSI neutral (55.0)
2026-08-21T08:34:57.931Z,77558.76,55.73,NEUTRAL,FLAT,NO,NO,none,0.00,0.00,0.50,NEUTRAL,1.00,NORMAL,94.99,EXTREME_TREND,NO,⛔ ADX too high (94.99) - Market trending (EXTREME_TREND); Max ADX for entry: 6
2026-08-21T08:35:07.941Z,77569.99,56.40,NEUTRAL,FLAT,YES,YES,30s,1.00,0.00,0.50,NEUTRAL,1.00,NORMAL,99.98,EXTREME_TREND,NO,⛔ ADX too high (99.98) - Market trending (EXTREME_TREND); Max ADX for entry: 6
2026-08-21T08:52:37.963Z,78411.79,56.21,NEUTRAL,FLAT,YES,YES,10s,1.00,0.00,0.50,NEUTRAL,1.00,NORMAL,43.48,TRENDING,NO,⛔ ADX too high (43.48) - Market trending (TRENDING); Max ADX for entry: 6
2026-08-21T08:52:47.960Z,78408.23,55.69,NEUTRAL,FLAT,YES,YES,10s,1.00,0.00,0.50,NEUTRAL,1.00,NORMAL,13.98,RANGING,NO,⛔ ADX too high (13.98) - Market trending (RANGING); Max ADX for entry: 6
2026-08-21T08:52:57.962Z,78454.93,56.78,NEUTRAL,FLAT,YES,YES,10s,1.00,0.00,0.50,NEUTRAL,1.00,NORMAL,7.81,RANGING,NO,⛔ ADX too high (7.81) - Market trending (RANGING); Max ADX for entry: 6
2026-08-21T08:53:07.960Z,78429.92,56.19,NEUTRAL,FLAT,YES,YES,30s,1.00,0.00,0.50,NEUTRAL,1.00,NORMAL,57.69,STRONG_TREND,NO,⛔ ADX too high (57.69) - Market trending (STRONG_TREND); Max ADX for entry: 6
2026-08-21T08:53:17.974Z,78490.96,55.83,NEUTRAL,FLAT,YES,YES,10s,1.00,0.00,0.50,NEUTRAL,1.00,NORMAL,57.27,STRONG_TREND,NO,⛔ ADX too high (57.27) - Market trending (STRONG_TREND); Max ADX for entry: 6
2026-08-21T08:53:27.970Z,78492.01,55.53,NEUTRAL,FLAT,YES,YES,10s,1.00,0.00,0.50,NEUTRAL,1.00,NORMAL,20.20,TRANSITION,NO,⛔ ADX too high (20.20) - Market trending (TRANSITION); Max ADX for entry: 6
2026-08-21T08:53:37.978Z,78474.04,56.02,NEUTRAL,FLAT,YES,YES,30s,1.00,0.00,0.50,NEUTRAL,1.00,NORMAL,80.21,EXTREME_TREND,NO,⛔ ADX too high (80.21) - Market trending (EXTREME_TREND); Max ADX for entry: 6
2026-08-21T08:53:47.975Z,78509.05,57.80,NEUTRAL,FLAT,NO,NO,none,0.00,0.00,0.50,NEUTRAL,1.00,NORMAL,30.77,TRENDING,NO,⛔ ADX too high (30.77) - Market trending (TRENDING); Max ADX for entry: 6
2026-08-21T08:53:57.965Z,78490.72,56.66,NEUTRAL,FLAT,YES,YES,10s,1.00,0.00,0.50,NEUTRAL,1.00,NORMAL,63.88,STRONG_TREND,NO,⛔ ADX too high (63.88) - Market trending (STRONG_TREND); Max ADX for entry: 6
2026-08-21T08:54:07.965Z,78554.99,57.57,NEUTRAL,FLAT,NO,NO,none,0.00,0.00,0.50,NEUTRAL,1.00,NORMAL,68.47,STRONG_TREND,NO,⛔ ADX too high (68.47) - Market trending (STRONG_TREND); Max ADX for entry: 6
2026-08-21T11:36:28.301Z,76874.26,45.38,NEUTRAL,FLAT,YES,YES,30s,1.00,0.00,0.50,BULLISH,1.00,NORMAL,56.65,STRONG_TREND,NO,⛔ ADX too high (56.65) - Market trending (STRONG_TREND); Max ADX for entry: 6
2026-08-21T11:36:38.300Z,76878.31,45.49,NEUTRAL,FLAT,YES,YES,10s,1.00,0.00,0.50,BULLISH,1.00,NORMAL,78.77,EXTREME_TREND,NO,⛔ ADX too high (78.77) - Market trending (EXTREME_TREND); Max ADX for entry: 6
2026-08-21T11:36:48.301Z,76894.01,46.82,NEUTRAL,FLAT,YES,YES,10s,1.00,0.00,0.50,NEUTRAL,1.00,NORMAL,21.48,TRANSITION,NO,⛔ ADX too high (21.48) - Market trending (TRANSITION); Max ADX for entry: 6
2026-08-21T11:36:58.302Z,76886.36,46.58,NEUTRAL,FLAT,YES,YES,30s,1.00,0.00,0.50,NEUTRAL,1.00,NORMAL,60.93,STRONG_TREND,NO,⛔ ADX too high (60.93) - Market trending (STRONG_TREND); Max ADX for entry: 6
2026-08-21T11:37:08.308Z,76920.01,48.43,NEUTRAL,FLAT,YES,YES,5m,1.00,0.00,0.50,NEUTRAL,1.00,NORMAL,30.32,TRENDING,NO,⛔ ADX too high (30.32) - Market trending (TRENDING); Max ADX for entry: 6
2026-08-21T11:37:18.299Z,76951.16,50.86,NEUTRAL,FLAT,YES,YES,15m,1.00,0.00,0.50,NEUTRAL,1.00,NORMAL,78.29,EXTREME_TREND,NO,⛔ ADX too high (78.29) - Market trending (EXTREME_TREND); Max ADX for entry: 6
2026-08-21T11:37:28.313Z,76948.20,52.26,NEUTRAL,RISING,YES,YES,30s,1.00,0.00,0.50,NEUTRAL,1.00,NORMAL,61.24,STRONG_TREND,NO,⛔ ADX too high (61.24) - Market trending (STRONG_TREND); Max ADX for entry: 6
2026-08-21T11:37:38.300Z,76983.07,51.75,NEUTRAL,FLAT,YES,YES,10s,1.00,0.00,0.50,NEUTRAL,1.00,NORMAL,12.66,RANGING,NO,⛔ ADX too high (12.66) - Market trending (RANGING); Max ADX for entry: 6
2026-08-21T11:37:48.314Z,76924.01,50.99,NEUTRAL,FLAT,YES,YES,1m,1.00,0.00,0.50,NEUTRAL,1.00,NORMAL,64.75,STRONG_TREND,NO,⛔ ADX too high (64.75) - Market trending (STRONG_TREND); Max ADX for entry: 6
2026-08-21T11:37:58.301Z,76944.12,51.90,NEUTRAL,FLAT,YES,YES,30s,1.00,0.00,0.50,NEUTRAL,1.00,NORMAL,34.95,TRENDING,NO,⛔ ADX too high (34.95) - Market trending (TRENDING); Max ADX for entry: 6
2026-08-21T11:38:08.301Z,77018.02,53.72,NEUTRAL,FLAT,YES,YES,15m,1.00,0.00,0.50,NEUTRAL,1.00,NORMAL,88.28,EXTREME_TREND,NO,⛔ ADX too high (88.28) - Market trending (EXTREME_TREND); Max ADX for entry: 6
2026-08-21T11:38:18.301Z,77028.00,51.71,NEUTRAL,FLAT,YES,YES,30s,1.00,0.00,0.50,NEUTRAL,1.00,NORMAL,82.52,EXTREME_TREND,NO,⛔ ADX too high (82.52) - Market trending (EXTREME_TREND); Max ADX for entry: 6
2026-08-21T11:38:28.302Z,77047.63,53.17,NEUTRAL,RISING,YES,YES,15m,1.00,0.00,0.50,NEUTRAL,1.00,NORMAL,69.09,STRONG_TREND,NO,⛔ ADX too high (69.09) - Market trending (STRONG_TREND); Max ADX for entry: 6
2026-08-21T11:38:38.314Z,77073.66,56.18,NEUTRAL,RISING,YES,YES,10s,1.00,0.00,0.50,NEUTRAL,1.00,NORMAL,54.57,STRONG_TREND,NO,⛔ ADX too high (54.57) - Market trending (STRONG_TREND); Max ADX for entry: 6
2026-08-21T11:38:48.776Z,77068.01,54.50,NEUTRAL,FLAT,YES,YES,10s,1.00,0.00,0.50,NEUTRAL,1.00,NORMAL,36.80,TRENDING,NO,⛔ ADX too high (36.80) - Market trending (TRENDING); Max ADX for entry: 6
2026-08-21T11:38:58.303Z,77035.86,54.17,NEUTRAL,FLAT,YES,YES,10s,1.00,0.00,0.50,NEUTRAL,1.00,NORMAL,21.63,TRANSITION,NO,⛔ ADX too high (21.63) - Market trending (TRANSITION); Max ADX for entry: 6
2026-08-21T11:39:08.303Z,77006.01,55.45,NEUTRAL,FLAT,YES,YES,10s,1.00,0.00,0.50,NEUTRAL,1.00,NORMAL,47.42,TRENDING,NO,⛔ ADX too high (47.42) - Market trending (TRENDING); Max ADX for entry: 6
2026-08-21T17:20:38.989Z,77304.00,39.38,OVERSOLD,RISING,YES,YES,10s,1.00,0.00,0.50,NEUTRAL,1.00,NORMAL,67.10,STRONG_TREND,NO,⛔ ADX too high (67.10) - Market trending (STRONG_TREND); Max ADX for entry: 6
2026-08-21T17:20:49.003Z,77304.73,39.67,OVERSOLD,FLAT,YES,YES,10s,1.00,0.00,0.50,NEUTRAL,1.00,NORMAL,54.90,STRONG_TREND,NO,⛔ ADX too high (54.90) - Market trending (STRONG_TREND); Max ADX for entry: 6
2026-08-21T17:20:58.986Z,77310.01,39.30,OVERSOLD,FLAT,YES,YES,10s,1.00,0.00,0.50,NEUTRAL,1.00,NORMAL,89.87,EXTREME_TREND,NO,⛔ ADX too high (89.87) - Market trending (EXTREME_TREND); Max ADX for entry: 6
2026-08-21T17:21:08.986Z,77290.00,37.92,OVERSOLD,FLAT,YES,YES,1h,1.00,0.00,0.50,NEUTRAL,1.00,NORMAL,99.80,EXTREME_TREND,NO,⛔ ADX too high (99.80) - Market trending (EXTREME_TREND); Max ADX for entry: 6
2026-08-21T17:21:18.985Z,77302.00,38.47,OVERSOLD,FLAT,YES,YES,10s,1.00,0.00,0.50,NEUTRAL,1.00,NORMAL,25.37,TRENDING,NO,⛔ ADX too high (25.37) - Market trending (TRENDING); Max ADX for entry: 6
2026-08-21T17:21:28.986Z,77321.99,41.11,NEUTRAL,FLAT,YES,YES,10s,1.00,0.00,0.50,NEUTRAL,1.00,NORMAL,99.62,EXTREME_TREND,NO,⛔ ADX too high (99.62) - Market trending (EXTREME_TREND); Max ADX for entry: 6
2026-08-21T17:21:38.983Z,77326.00,44.57,NEUTRAL,RISING,YES,YES,5m,1.00,0.00,0.50,NEUTRAL,1.00,NORMAL,97.68,EXTREME_TREND,NO,⛔ ADX too high (97.68) - Market trending (EXTREME_TREND); Max ADX for entry: 6
2026-08-21T17:21:48.987Z,77317.99,46.13,NEUTRAL,FLAT,YES,YES,10s,1.00,0.00,0.50,NEUTRAL,1.00,NORMAL,39.53,TRENDING,NO,⛔ ADX too high (39.53) - Market trending (TRENDING); Max ADX for entry: 6
2026-08-21T17:21:58.999Z,77314.01,43.39,NEUTRAL,FLAT,YES,YES,10s,1.00,0.00,0.50,NEUTRAL,1.00,NORMAL,97.30,EXTREME_TREND,NO,⛔ ADX too high (97.30) - Market trending (EXTREME_TREND); Max ADX for entry: 6
2026-08-21T17:22:09.002Z,77290.00,42.46,NEUTRAL,FLAT,YES,YES,1m,1.00,0.00,0.50,NEUTRAL,1.00,NORMAL,99.90,EXTREME_TREND,NO,⛔ ADX too high (99.90) - Market trending (EXTREME_TREND); Max ADX for entry: 6
2026-08-21T17:22:18.986Z,77278.01,39.86,OVERSOLD,FLAT,YES,YES,1h,1.00,0.00,0.50,NEUTRAL,1.00,NORMAL,99.91,EXTREME_TREND,NO,⛔ ADX too high (99.91) - Market trending (EXTREME_TREND); Max ADX for entry: 6
2026-08-21T17:22:28.985Z,77292.00,40.79,NEUTRAL,FLAT,YES,YES,10s,1.00,0.00,0.50,NEUTRAL,1.00,NORMAL,16.60,RANGING,NO,⛔ ADX too high (16.60) - Market trending (RANGING); Max ADX for entry: 6
2026-08-21T17:22:38.984Z,77278.02,40.68,NEUTRAL,FLAT,YES,YES,10s,1.00,0.00,0.50,NEUTRAL,1.00,NORMAL,99.68,EXTREME_TREND,NO,⛔ ADX too high (99.68) - Market trending (EXTREME_TREND); Max ADX for entry: 6
2026-08-21T17:22:48.985Z,77272.00,39.49,OVERSOLD,FALLING,YES,YES,1h,1.00,0.00,0.50,NEUTRAL,1.00,NORMAL,99.50,EXTREME_TREND,NO,⛔ ADX too high (99.50) - Market trending (EXTREME_TREND); Max ADX for entry: 6
2026-08-21T17:22:58.986Z,77260.47,37.94,OVERSOLD,FLAT,YES,YES,10s,1.00,0.00,0.50,NEUTRAL,1.00,NORMAL,99.69,EXTREME_TREND,NO,⛔ ADX too high (99.69) - Market trending (EXTREME_TREND); Max ADX for entry: 6
2026-08-21T17:23:08.989Z,77271.98,37.85,OVERSOLD,FLAT,YES,YES,30s,1.00,0.00,0.50,NEUTRAL,1.00,NORMAL,38.88,TRENDING,NO,⛔ ADX too high (38.88) - Market trending (TRENDING); Max ADX for entry: 6
2026-08-21T17:23:18.985Z,77254.01,35.42,OVERSOLD,FLAT,YES,YES,1h,1.00,0.00,0.50,NEUTRAL,1.00,NORMAL,36.67,TRENDING,NO,⛔ ADX too high (36.67) - Market trending (TRENDING); Max ADX for entry: 6
2026-08-21T17:23:28.988Z,77244.00,31.51,OVERSOLD,FLAT,YES,YES,1h,1.00,0.00,0.50,NEUTRAL,1.00,NORMAL,97.86,EXTREME_TREND,NO,⛔ ADX too high (97.86) - Market trending (EXTREME_TREND); Max ADX for entry: 6
2026-08-21T17:23:38.987Z,77244.00,31.86,OVERSOLD,FLAT,YES,YES,30s,1.00,0.00,0.50,NEUTRAL,1.00,NORMAL,54.27,STRONG_TREND,NO,⛔ ADX too high (54.27) - Market trending (STRONG_TREND); Max ADX for entry: 6
2026-08-21T17:23:48.987Z,77263.99,31.88,OVERSOLD,FLAT,YES,YES,1m,1.00,0.00,0.50,NEUTRAL,1.00,NORMAL,98.99,EXTREME_TREND,NO,⛔ ADX too high (98.99) - Market trending (EXTREME_TREND); Max ADX for entry: 6
2026-08-21T17:23:58.988Z,77262.98,30.63,OVERSOLD,FLAT,YES,YES,10s,1.00,0.00,0.50,NEUTRAL,1.00,NORMAL,12.19,RANGING,NO,⛔ ADX too high (12.19) - Market trending (RANGING); Max ADX for entry: 6
2026-08-21T17:24:08.989Z,77235.59,30.76,OVERSOLD,FLAT,YES,YES,1h,1.00,0.00,0.50,NEUTRAL,1.00,NORMAL,99.22,EXTREME_TREND,NO,⛔ ADX too high (99.22) - Market trending (EXTREME_TREND); Max ADX for entry: 6
2026-08-21T17:24:18.991Z,77210.86,30.13,OVERSOLD,FLAT,YES,YES,1h,1.00,0.00,0.50,NEUTRAL,1.00,NORMAL,99.35,EXTREME_TREND,NO,⛔ ADX too high (99.35) - Market trending (EXTREME_TREND); Max ADX for entry: 6
2026-08-21T17:24:28.991Z,77195.35,31.09,OVERSOLD,FLAT,YES,YES,1h,1.00,0.00,0.50,NEUTRAL,1.00,NORMAL,78.65,EXTREME_TREND,NO,⛔ ADX too high (78.65) - Market trending (EXTREME_TREND); Max ADX for entry: 6
2026-08-21T17:24:38.989Z,77192.74,31.99,OVERSOLD,FLAT,YES,YES,1h,1.00,0.00,0.50,NEUTRAL,1.00,NORMAL,36.31,TRENDING,NO,⛔ ADX too high (36.31) - Market trending (TRENDING); Max ADX for entry: 6
2026-08-21T17:24:48.988Z,77203.99,34.08,OVERSOLD,RISING,YES,YES,30s,1.00,0.00,0.50,NEUTRAL,1.00,NORMAL,19.34,RANGING,NO,⛔ ADX too high (19.34) - Market trending (RANGING); Max ADX for entry: 6
2026-08-21T17:24:59.002Z,77222.22,36.00,OVERSOLD,FLAT,YES,YES,10s,1.00,0.00,0.50,NEUTRAL,1.00,NORMAL,99.78,EXTREME_TREND,NO,⛔ ADX too high (99.78) - Market trending (EXTREME_TREND); Max ADX for entry: 6
2026-08-21T17:25:09.000Z,77261.99,42.87,NEUTRAL,RISING,YES,YES,5m,1.00,0.00,0.50,NEUTRAL,1.00,NORMAL,99.95,EXTREME_TREND,NO,⛔ ADX too high (99.95) - Market trending (EXTREME_TREND); Max ADX for entry: 6
2026-08-21T17:25:18.990Z,77307.99,53.44,NEUTRAL,RISING,YES,YES,15m,1.00,0.00,0.50,NEUTRAL,1.00,NORMAL,99.93,EXTREME_TREND,NO,⛔ ADX too high (99.93) - Market trending (EXTREME_TREND); Max ADX for entry: 6
2026-08-21T17:25:28.988Z,77307.99,53.16,NEUTRAL,FLAT,YES,YES,30s,1.00,0.00,0.50,NEUTRAL,1.00,NORMAL,98.98,EXTREME_TREND,NO,⛔ ADX too high (98.98) - Market trending (EXTREME_TREND); Max ADX for entry: 6
2026-08-21T17:25:38.993Z,77278.00,46.79,NEUTRAL,FALLING,YES,YES,30s,1.00,0.00,0.50,NEUTRAL,1.00,NORMAL,99.48,EXTREME_TREND,NO,⛔ ADX too high (99.48) - Market trending (EXTREME_TREND); Max ADX for entry: 6
2026-08-21T17:25:48.991Z,77299.00,48.99,NEUTRAL,FLAT,YES,YES,30s,1.00,0.00,0.50,NEUTRAL,1.00,NORMAL,15.05,RANGING,NO,⛔ ADX too high (15.05) - Market trending (RANGING); Max ADX for entry: 6
2026-08-21T17:25:58.994Z,77281.28,47.45,NEUTRAL,FALLING,YES,YES,1m,1.00,0.00,0.50,NEUTRAL,1.00,NORMAL,22.73,TRANSITION,NO,⛔ ADX too high (22.73) - Market trending (TRANSITION); Max ADX for entry: 6
2026-08-21T17:26:08.993Z,77294.00,50.36,NEUTRAL,FLAT,YES,YES,15m,1.00,0.00,0.50,NEUTRAL,1.00,NORMAL,25.86,TRENDING,NO,⛔ ADX too high (25.86) - Market trending (TRENDING); Max ADX for entry: 6
2026-08-21T17:26:18.994Z,77299.67,48.66,NEUTRAL,FLAT,YES,YES,10s,1.00,0.00,0.50,NEUTRAL,1.00,NORMAL,99.42,EXTREME_TREND,NO,⛔ ADX too high (99.42) - Market trending (EXTREME_TREND); Max ADX for entry: 6
2026-08-21T17:26:28.993Z,77322.00,50.00,NEUTRAL,FLAT,YES,YES,10s,1.00,0.00,0.50,NEUTRAL,1.00,NORMAL,69.56,STRONG_TREND,NO,⛔ ADX too high (69.56) - Market trending (STRONG_TREND); Max ADX for entry: 6
2026-08-21T17:26:39.005Z,77338.74,51.83,NEUTRAL,FLAT,YES,YES,10s,1.00,0.00,0.50,NEUTRAL,1.00,NORMAL,99.72,EXTREME_TREND,NO,⛔ ADX too high (99.72) - Market trending (EXTREME_TREND); Max ADX for entry: 6
2026-08-21T17:26:49.009Z,77362.00,54.10,NEUTRAL,FLAT,YES,YES,15m,1.00,0.00,0.50,NEUTRAL,1.00,NORMAL,99.88,EXTREME_TREND,NO,⛔ ADX too high (99.88) - Market trending (EXTREME_TREND); Max ADX for entry: 6
2026-08-21T17:26:58.994Z,77356.91,53.72,NEUTRAL,FLAT,YES,YES,10s,1.00,0.00,0.50,NEUTRAL,1.00,NORMAL,6.95,RANGING,NO,⛔ ADX too high (6.95) - Market trending (RANGING); Max ADX for entry: 6
2026-08-21T17:27:09.005Z,77364.75,56.36,NEUTRAL,FLAT,YES,YES,10s,1.00,0.00,0.50,NEUTRAL,1.00,NORMAL,66.30,STRONG_TREND,NO,⛔ ADX too high (66.30) - Market trending (STRONG_TREND); Max ADX for entry: 6
2026-08-21T17:27:18.995Z,77414.00,60.42,OVERBOUGHT,FLAT,YES,YES,15m,1.00,0.00,0.50,NEUTRAL,1.00,NORMAL,69.23,STRONG_TREND,NO,⛔ ADX too high (69.23) - Market trending (STRONG_TREND); Max ADX for entry: 6
2026-08-21T17:27:29.440Z,77398.01,58.05,NEUTRAL,FLAT,YES,YES,30s,1.00,0.00,0.50,NEUTRAL,1.00,NORMAL,67.07,STRONG_TREND,NO,⛔ ADX too high (67.07) - Market trending (STRONG_TREND); Max ADX for entry: 6
2026-08-21T17:27:39.010Z,77392.01,58.58,NEUTRAL,FLAT,YES,YES,10s,1.00,0.00,0.50,NEUTRAL,1.00,NORMAL,69.90,STRONG_TREND,NO,⛔ ADX too high (69.90) - Market trending (STRONG_TREND); Max ADX for entry: 6
2026-08-21T17:27:48.997Z,77398.41,59.29,NEUTRAL,FLAT,YES,YES,30s,1.00,0.00,0.50,NEUTRAL,1.00,NORMAL,48.74,TRENDING,NO,⛔ ADX too high (48.74) - Market trending (TRENDING); Max ADX for entry: 6
2026-08-21T17:27:59.471Z,77463.13,63.81,OVERBOUGHT,FLAT,YES,YES,15m,1.00,0.00,0.50,NEUTRAL,1.00,NORMAL,99.98,EXTREME_TREND,NO,⛔ ADX too high (99.98) - Market trending (EXTREME_TREND); Max ADX for entry: 6
2026-08-21T17:28:09.007Z,77504.17,65.90,OVERBOUGHT,RISING,YES,YES,15m,1.00,0.00,0.50,NEUTRAL,1.00,NORMAL,99.91,EXTREME_TREND,NO,⛔ ADX too high (99.91) - Market trending (EXTREME_TREND); Max ADX for entry: 6
2026-08-21T17:28:19.009Z,77515.10,67.51,OVERBOUGHT,FLAT,YES,YES,10s,1.00,0.00,0.50,NEUTRAL,1.00,NORMAL,48.61,TRENDING,NO,⛔ ADX too high (48.61) - Market trending (TRENDING); Max ADX for entry: 6
2026-08-21T17:28:29.010Z,77507.33,67.65,OVERBOUGHT,FLAT,YES,YES,10s,1.00,0.00,0.50,NEUTRAL,1.00,NORMAL,87.30,EXTREME_TREND,NO,⛔ ADX too high (87.30) - Market trending (EXTREME_TREND); Max ADX for entry: 6
2026-08-21T17:28:38.995Z,77514.00,67.85,OVERBOUGHT,FLAT,YES,YES,15m,1.00,0.00,0.50,NEUTRAL,1.00,NORMAL,85.85,EXTREME_TREND,NO,⛔ ADX too high (85.85) - Market trending (EXTREME_TREND); Max ADX for entry: 6
2026-08-21T17:28:49.000Z,77498.01,65.50,OVERBOUGHT,FLAT,YES,YES,1m,1.00,0.00,0.50,NEUTRAL,1.00,NORMAL,54.69,STRONG_TREND,NO,⛔ ADX too high (54.69) - Market trending (STRONG_TREND); Max ADX for entry: 6
2026-08-21T17:28:59.010Z,77508.55,65.86,OVERBOUGHT,FLAT,YES,YES,15m,1.00,0.00,0.50,NEUTRAL,1.00,NORMAL,53.85,STRONG_TREND,NO,⛔ ADX too high (53.85) - Market trending (STRONG_TREND); Max ADX for entry: 6
2026-08-21T17:29:09.003Z,77549.36,69.73,OVERBOUGHT,FLAT,NO,NO,none,0.00,0.00,0.50,NEUTRAL,1.00,NORMAL,94.12,EXTREME_TREND,NO,⛔ ADX too high (94.12) - Market trending (EXTREME_TREND); Max ADX for entry: 6
2026-08-21T17:29:19.011Z,77532.00,69.93,OVERBOUGHT,FLAT,YES,YES,30s,1.00,0.00,0.50,NEUTRAL,1.00,NORMAL,16.67,RANGING,NO,⛔ ADX too high (16.67) - Market trending (RANGING); Max ADX for entry: 6
2026-08-21T17:29:28.999Z,77545.40,71.16,EXTREME_OVERBOUGHT,FLAT,YES,YES,10s,1.00,0.00,0.50,NEUTRAL,1.00,NORMAL,77.98,EXTREME_TREND,NO,⛔ ADX too high (77.98) - Market trending (EXTREME_TREND); Max ADX for entry: 6
2026-08-21T17:29:39.000Z,77546.18,72.38,EXTREME_OVERBOUGHT,RISING,YES,YES,30s,1.00,0.00,0.50,NEUTRAL,1.00,NORMAL,70.66,STRONG_TREND,NO,⛔ ADX too high (70.66) - Market trending (STRONG_TREND); Max ADX for entry: 6
2026-08-21T17:29:49.001Z,77551.05,72.14,EXTREME_OVERBOUGHT,FLAT,YES,YES,15m,1.00,0.00,0.50,NEUTRAL,1.00,NORMAL,94.72,EXTREME_TREND,NO,⛔ ADX too high (94.72) - Market trending (EXTREME_TREND); Max ADX for entry: 6
2026-08-21T17:29:59.445Z,77555.28,71.47,EXTREME_OVERBOUGHT,FLAT,YES,YES,10s,1.00,0.00,0.50,NEUTRAL,1.00,NORMAL,94.29,EXTREME_TREND,NO,⛔ ADX too high (94.29) - Market trending (EXTREME_TREND); Max ADX for entry: 6
2026-08-21T17:30:09.002Z,77561.61,70.34,EXTREME_OVERBOUGHT,FLAT,YES,YES,10s,1.00,0.00,0.50,NEUTRAL,1.00,NORMAL,97.33,EXTREME_TREND,NO,⛔ ADX too high (97.33) - Market trending (EXTREME_TREND); Max ADX for entry: 6
2026-08-21T17:30:18.998Z,77548.37,66.36,OVERBOUGHT,FLAT,YES,YES,10s,1.00,0.00,0.50,NEUTRAL,1.00,NORMAL,17.19,RANGING,NO,⛔ ADX too high (17.19) - Market trending (RANGING); Max ADX for entry: 6
2026-08-21T17:30:28.999Z,77538.01,65.24,OVERBOUGHT,FLAT,YES,YES,5m,1.00,0.00,0.50,NEUTRAL,1.00,NORMAL,73.95,STRONG_TREND,NO,⛔ ADX too high (73.95) - Market trending (STRONG_TREND); Max ADX for entry: 6
2026-08-21T17:30:38.999Z,77545.99,68.29,OVERBOUGHT,RISING,YES,YES,30s,1.00,0.00,0.50,NEUTRAL,1.00,NORMAL,99.55,EXTREME_TREND,NO,⛔ ADX too high (99.55) - Market trending (EXTREME_TREND); Max ADX for entry: 6
2026-08-21T17:30:49.012Z,77545.98,67.53,OVERBOUGHT,FLAT,YES,YES,30s,1.00,0.00,0.50,NEUTRAL,1.00,NORMAL,93.47,EXTREME_TREND,NO,⛔ ADX too high (93.47) - Market trending (EXTREME_TREND); Max ADX for entry: 6
2026-08-21T17:30:59.001Z,77593.99,71.17,EXTREME_OVERBOUGHT,RISING,NO,NO,none,0.00,0.00,0.50,NEUTRAL,1.00,NORMAL,99.96,EXTREME_TREND,NO,⛔ ADX too high (99.96) - Market trending (EXTREME_TREND); Max ADX for entry: 6
2026-08-21T17:31:09.009Z,77585.44,69.36,OVERBOUGHT,FLAT,YES,YES,10s,1.00,0.00,0.50,NEUTRAL,1.00,NORMAL,64.11,STRONG_TREND,NO,⛔ ADX too high (64.11) - Market trending (STRONG_TREND); Max ADX for entry: 6
2026-08-21T17:31:18.999Z,77550.99,66.14,OVERBOUGHT,FALLING,YES,YES,30s,1.00,0.00,0.50,NEUTRAL,1.00,NORMAL,21.88,TRANSITION,NO,⛔ ADX too high (21.88) - Market trending (TRANSITION); Max ADX for entry: 6
2026-08-21T17:31:28.998Z,77554.19,65.00,OVERBOUGHT,FLAT,YES,YES,30s,1.00,0.00,0.50,NEUTRAL,1.00,NORMAL,19.52,RANGING,NO,⛔ ADX too high (19.52) - Market trending (RANGING); Max ADX for entry: 6
